date,x_source,x_text,x_text_translated,x_timestamp_utc3,evacuation_zone_prompt,facebook_source,facebook_timestamp_utc3,leaflet,leaflet_text_translated,safezone_prompt,link,map_idf,map_full,map_zoom,displacement_blocks,labeled_safe_blocks,evacuation_zone,safezone,area_sq_km_displacement,area_sq_km_labeled_safe
2025-06-02,https://x.com/AvichayAdraee/status/1929570249591968075,"#عاجل ‼️ إلى جميع المتواجدين في البلوكات 47, 106, 108, 109 في محافظة خان يونس
⭕️جيش الدفاع الإسرائيلي سوف يعمل بقوة شديدة في مناطق وجودكم
⭕️تواصل المنظمات الإرهابية وفي مقدمتها حماس الأنشطة الإرهابية من المناطق المدنية التي تعيشون فيها
🔴من اجل سلامتكم، اخلوا فوراً غرباً الى المواصي🔴
⭕️نؤكد ان أمر الاخلاء لا يشمل مستشفى الأمل","To all those present in blocks 47, 106, 108, 109 in Khan Yunis Governorate
⭕️ The IDF will operate with great force in the areas where you are present.
⭕️ Terrorist organizations, primarily Hamas, continue their terrorist activities from the civilian areas in which you live.
🔴 For your safety, evacuate immediately west to Al Mawasi. 🔴
⭕️ We confirm that the evacuation order does not include Al Amal Hospital.",19:06,,https://www.facebook.com/IDFarabicAvichayAdraee/posts/pfbid08YJdJsvQGQKezdKCmobyobYp85rDkXQxmLjAEAoFFVBEVoe4R7cyrCiAPrax6ne6l,19:07,,,,https://gazamaps.com/displacement/108,https://gazamaps.com/storage/displacement-maps/gaza/idf/0jlHJ9VYxJccmmILmEZIPvZVnKt3vxnIYb4kaYBy.jpg,,,"1, 2, 3, 4, 5, 6, 7, 8, 9, 10, 11, 12, 13, 14, 15, 16, 17, 18, 19, 20, 21, 22, 23, 24, 25, 26, 27, 28, 29, 30, 31, 32, 33, 34, 35, 36, 37.1, 37.2, 38, 39, 40, 41, 42.1, 42.2, 42.3, 43, 44, 45, 46, 47, 48, 49, 50, 51, 52, 53, 54, 55, 56, 57, 58, 59, 60, 61, 62, 63, 64, 65, 66, 67, 68, 69, 70, 71, 72, 73, 74, 75, 76, 77, 78, 79, 80, 81, 82, 83, 84, 85, 86, 87, 88.2, 99, 100, 101, 102, 103, 104, 105, 106, 108, 109, 114, 115, 116, 117, 118, 121, 122, 123, 124, 125, 126, 127, 131, 212, 213, 214, 215, 216, 217, 218, 219, 220.1, 220.2, 221, 222, 223, 224, 225, 231, 232, 233, 234, 235, 236, 237, 238, 239, 240, 241, 242, 243, 244, 245, 246, 247, 248, 249, 250, 251, 252, 253, 254, 255, 256, 260.1, 260.2, 270.1, 270.2, 651.1, 654, 655, 656, 657, 658, 659, 660, 671, 2200, 2210, 2231.2, 2231.3, 2250.1, 2250.2, 2260.1, 2260.2, 2260.3, 2270.1, 2270.2, 2270.3, 2280.1, 2280.2, 2352, 2353, 2354, 2355, 2358, 2359, 2361, 2362, 2363, 2364, 2365, 2366, 2367, 2368, 2369, 2370, 2371, 2372, 2373, 2374, 2375, 2376, 3261",,Khan Yunis Governate,Al Mawasi,169.29,0.0
2025-05-31,https://x.com/avichayadraee/status/1928879035733491847,"#عاجل ‼️إلى جميع سكان خانيونس وبني سهيلا وعبسان 
⭕️المنظمات الإرهابية تواصل استخدام محيطكم لإطلاق القذائف الصاروخية نحو إسرائيل حيث سيهاجم جيش الدفاع بقوة كل منطقة يتم استخدامها منطلقًا لأنشطة إرهابية. 
⭕️تم انذار وتحذير هذه المنطقة عدة مرات في الماضي وتم تحديدها منطقة قتال خطيرة
⭕️تتحمل المنظمات الارهابية وفي مقدمتها حماس المسؤولية الكاملة عن معاناة ونزوح السكان
⭕️عليكم اخلاء المنطقة فورًا والانتقال غربًا إلى منطقة المواصي. 
 ⭕️المنظمات الأرهابية جلبت لكم الكارثة - من أجل سلامتكم اخلوا فورًا","To all residents of Khan Yunis, Bani Suhaila and Abasan
⭕️ Terrorist organizations continue to use your surroundings to launch rockets towards Israel. The IDF will forcefully attack any area used as a launching pad for terrorist activities.
⭕️ This area has been warned and warned several times in the past and has been identified as a dangerous combat zone.
⭕️ Terrorist organizations, primarily Hamas, bear full responsibility for the suffering and displacement of the population.
⭕️ You must evacuate the area immediately and move west to the Mawasi area.
⭕️ Terrorist organizations have brought you disaster - for your safety, evacuate immediately.",21:19,,,,,,,https://gazamaps.com/displacement/107,https://gazamaps.com/storage/displacement-maps/gaza/idf/BbP0b3QgpQJWDsnKFHUNkHgHObyrxhdAPjWWRqZX.jpg,https://gazamaps.com/storage/displacement-maps/gaza/full/LGRqZrGP2ns1ob6BnTw3J7N8UFfkch4x6zN28Xra.jpg,https://gazamaps.com/storage/displacement-maps/gaza/zoom/P9QDatoYSu6F0W2DHcUZbEsT0xvLhC92eWKGYij3.jpg,"1, 2, 3, 4, 5, 6, 7, 8, 9, 10, 11, 12, 13, 14, 15, 16, 17, 18, 19, 20, 21, 22, 23, 24, 25, 26, 27, 28, 29, 30, 31, 32, 33, 34, 35, 36, 37.1, 37.2, 38, 39, 40, 41, 42.1, 42.2, 42.3, 43, 44, 45, 46, 47, 48, 49, 50, 51, 52, 53, 54, 55, 56, 57, 58, 59, 60, 61, 62, 63, 64, 65, 66, 67, 68, 69, 70, 71, 72, 73, 74, 75, 76, 77, 78, 79, 80, 81, 82, 83, 84, 85, 86, 87, 88.2, 99, 100, 101, 102, 103, 104, 105, 106, 114, 115, 116, 117, 118, 121, 122, 123, 124, 125, 126, 127, 131, 212, 213, 214, 215, 216, 217, 218, 219, 220.1, 220.2, 221, 222, 223, 224, 225, 231, 232, 233, 234, 235, 236, 237, 238, 239, 240, 241, 242, 243, 244, 245, 246, 247, 248, 249, 250, 251, 252, 253, 254, 255, 256, 260.1, 260.2, 270.1, 270.2, 651.1, 654, 655, 656, 657, 658, 659, 660, 671, 2200, 2210, 2231.2, 2231.3, 2250.1, 2250.2, 2260.1, 2260.2, 2260.3, 2270.1, 2270.2, 2270.3, 2280.1, 2280.2, 2352, 2353, 2354, 2355, 2358, 2359, 2361, 2362, 2363, 2364, 2365, 2366, 2367, 2368, 2369, 2370, 2371, 2372, 2373, 2374, 2375, 2376, 3261",,"Khan Yunis, Bani Suhaila, Abasan",Mawasi,168.36,0.0
2025-05-29,https://x.com/avichayadraee/status/1928188752137965694,"#عاجل ‼️ الى جميع سكان قطاع غزة المتواجدين في مناطق العطاطرة، جباليا البلد، الشجاعية، الدرج والزيتون
⭕️تواصل المنظمات الإرهابية نشاطها التخريبي في المنطقة ولذلك سوف يوسّع جيش الدفاع نشاطه الهجومي في مناطق وجودكم لتدمير قدرات المنظمات الإرهابية
🔴من هذه اللحظة، سيتم اعتبار المناطق المذكورة مناطق قتال خطيرة
⭕️تم تحذير هذه المناطق عدة مرات. من أجل سلامتكم عليكم اخلائها فوراً غرباً","To all residents of the Gaza Strip located in the areas of Al-Atatra, Jabalia Al-Balad, Shujaiya, Al-Daraj and Al-Zeitoun
⭕️ Terrorist organizations continue their subversive activity in the region, and therefore the IDF will expand its offensive activity in the areas where you are present to destroy the capabilities of the terrorist organizations.
🔴 From this moment on, the mentioned areas will be considered dangerous combat zones.
⭕️ These areas have been warned several times. For your safety, you must evacuate immediately to the west.",23:36,,,,,,,https://gazamaps.com/displacement/106,https://gazamaps.com/storage/displacement-maps/gaza/idf/MfithB3B3BGej3bsMR2N6PGwupKlePsptzjSRZcA.jpg,https://gazamaps.com/storage/displacement-maps/gaza/full/joWwN0TEkd5XRa5b3bGsMnALh7QnbNfQpXRM4ns6.jpg,https://gazamaps.com/storage/displacement-maps/gaza/zoom/B7pth7JRY1MUDuroE5jsEFPyn4jIoRrd3TpNZ1Us.jpg,"321, 568, 569, 570, 571, 572, 573, 574, 575, 576, 577, 578, 579, 580, 581, 582, 583, 584, 585, 586, 587, 589, 590, 604, 605, 606, 607, 608, 609, 610, 612, 613, 614, 615, 616, 617, 618, 619, 620, 622, 623, 624, 625, 626, 627, 628, 629, 630, 631, 632, 633, 634, 635, 636, 637, 638, 639.2, 639.4, 641, 646, 647, 648, 649, 650, 651, 652, 653, 654, 655, 656, 657, 658, 659.2, 660, 671.2, 672, 685.2, 686, 710, 711, 713, 714, 718, 719, 720, 721, 722, 723, 730, 731, 732, 733, 734, 735, 736, 737, 741, 742, 743, 747, 750, 751.1, 751.2, 752, 753, 754, 755, 756, 823, 824, 825, 830, 831, 832, 833, 834, 852, 853, 854, 864, 865, 866, 867, 868, 881, 887, 888, 889, 890, 891, 892, 893, 906, 909, 910, 914, 915, 916, 917, 918, 919, 920, 921, 922, 951, 952, 953, 954, 961, 962, 963, 964, 965, 966, 967, 968, 969, 970, 971, 972, 973, 974, 975, 976, 977, 978, 979, 980, 982, 983, 984, 1122, 1123, 1124, 1126, 1738, 1739, 1740, 1741, 1742, 1743, 1744, 1745, 1746.1, 1746.2, 1747, 1748, 1749, 1750, 1751, 1752, 1754, 1755, 1756, 1757, 1758, 1759, 1760, 1761, 1762, 1763, 1764, 1765, 1766, 1767, 1768, 1769, 1770, 1771, 1772, 1774, 1775, 1776, 1777, 1778, 1781, 1782, 1783, 1784, 1785, 1786, 1787, 1788, 1789, 1790, 1791, 1792, 1793, 1794, 1795, 1796, 1797, 1798, 1799, 1800, 1801, 1802, 1803, 1804, 1805, 1806, 1807, 1808, 1809, 1810, 1811, 1812, 1813, 1814, 1815, 1816, 1817, 1818, 1819, 1820, 2200, 2210.2, 2210.3, 2231.3",," Gaza Strip, Al-Atatra, Jabalia Al-Balad, Shujaiya, Al-Daraj, Al-Zeitoun",west,95.31,0.0
2025-05-26,https://x.com/AvichayAdraee/status/1926956432005517694,"#عاجل ‼️ الى سكان محافظة خانيونس، بني سهيلا، عبسان والقرارة
⭕️جيش الدفاع يشن هجوماً غير مسبوق لتدمير قدرات المنظمات الإرهابية
⭕️تواصل المنظمات الإرهابية اطلاق قذائف صاروخية من مناطقكم
⭕️تعتبر منطقة محافظة خان يونس منطقة قتال خطيرة تم تحذيرها عدة مرات
🔴أخلوا فوراً غرباً الى منطقة https://t.co/6T7BCf8ikD","To the residents of Khan Yunis, Bani Suhaila, Abasan and Al-Qarara Governorates
⭕️ The IDF launches an unprecedented attack to destroy the capabilities of terrorist organizations.
⭕️ Terrorist organizations continue to launch rockets from your areas.
⭕️ Khan Yunis Governorate is considered a dangerous combat zone and has been warned several times.
🔴 Evacuate immediately west to the Al-Mawasi area. 🔴
⭕️ The evacuation order does not include Al-Amal and Nasser hospitals.",13:59,"Khan Yunis, Bani Suhaila, Abasan, Al-Qarara Governorates",https://www.facebook.com/IDFarabicAvichayAdraee/posts/pfbid02sWN99DZYkAzXnwoof2zWxMPHGxHhZVCH2ZpTPGfCacpi2AXtJDupAmw5LyEx9Znel,14:03,,,Al-Mawasi,https://gazamaps.com/displacement/103,https://gazamaps.com/storage/displacement-maps/gaza/idf/RmyDQV3ijlI4BASk6m1GwvZZnPRT3ZmDWA8JEOAI.jpg,https://gazamaps.com/storage/displacement-maps/gaza/full/3T91A5nl2xIz57aigVPSEbOFDTLKJNSuQmb9QYFP.jpg,https://gazamaps.com/storage/displacement-maps/gaza/zoom/SKKJRUaiWAYV3Yip4PeREMUvbVLs8ExuJld3qVPp.jpg,"1, 2, 3, 4, 5, 6, 7, 8, 9, 10, 11, 12, 13, 14, 15, 16, 17, 18, 19, 20, 21, 22, 23, 24, 25, 26, 27, 28, 29, 30, 31, 32, 33, 34, 35, 36, 37.1, 37.2, 38, 39, 40, 41, 42.1, 42.2, 42.3, 43, 44, 45, 46, 47, 48, 49, 50, 51, 52, 53, 54, 55, 56, 57, 58, 59, 60, 61, 62, 63, 64, 65, 66, 67, 68, 69, 70, 71, 72, 73, 74, 75, 76, 77, 78, 79, 80, 81, 82, 83, 84, 85, 86, 87, 99, 100, 101, 102, 103, 104, 105, 106, 114, 115, 116, 117, 118, 121, 122, 123, 124, 125, 126, 127, 131, 212, 213, 214, 215, 216, 217, 218, 219, 220.1, 220.2, 221, 222, 223, 224, 225, 231, 232, 233, 234, 235, 236, 237, 238, 239, 240, 241, 242, 243, 244, 245, 246, 247, 248, 249, 250, 251, 252, 253, 254, 255, 256, 260.1, 260.2, 270.1, 270.2, 2250.1, 2250.2, 2260.1, 2260.2, 2260.3, 2270.1, 2270.2, 2270.3, 2280.1, 2280.2, 2352, 2353, 2354, 2355, 2358, 2359, 2360, 2361, 2362, 2363, 2364, 2365, 2366, 2367, 2368, 2369, 2370, 2371, 2372, 2373, 2374, 2375, 2376, 3261",,"Khan Yunis, Bani Suhaila, Abasan, Al-Qarara Governorates",Al-Mawasi,154.44,0.0
2025-05-21,https://x.com/AvichayAdraee/status/1925245196570358157,"#عاجل ‼️ تحذير خطير الى كل سكان قطاع غزة المتواجدين في شمال القطاع وتحديدًا قي أحياء غبن، الشيماء، فدعوس، المنشية، الشيخ زايد، السلاطين، الكرامة، مشروع بيت لاهيا، الزهور، تل الزعتر، النور، عبد الرحمن، النهضة ومعسكر جباليا
🔴هذا تحذير مسبق قبل الهجوم!🔴
⭕️جيش الدفاع سوف يعمل بقوة https://t.co/IEQOuYQJJN","A serious warning to all residents of the Gaza Strip located in the northern part of the Strip, specifically in the neighborhoods of Ghaban, Al-Shimaa, Fadous, Al-Manshiya, Sheikh Zayed, Al-Salateen, Al-Karama, Beit Lahia Project, Al-Zahour, Tal Al-Zaatar, Al-Nour, Abdul Rahman, Al-Nahda and Jabalia Camp.
🔴 This is an advance warning before the attack! 🔴
⭕️ The IDF will operate with great force in every area from which rockets are launched.
⭕️ Terrorist organizations, especially Hamas, bear full responsibility for the suffering of the people.
⭕️ For your own safety, evacuate immediately south.",20:39,"Gaza Strip, Ghaban, Al-Shimaa, Fadous, Al-Manshiya, Sheikh Zayed, Al-Salateen, Al-Karama, Beit Lahia Project, Al-Zahour, Tal Al-Zaatar, Al-Nour, Abdul Rahman, Al-Nahda, Jabalia Camp",https://www.facebook.com/IDFarabicAvichayAdraee/posts/pfbid0pnSwe9UVv2wkznLWWiDuVQripzYwgCxkRLCRvEdnXFBRj2SWvycfMEFfkm99K26Fl,20:41,,,Unknown,https://gazamaps.com/displacement/101,https://gazamaps.com/storage/displacement-maps/gaza/idf/LsVPnef0igxm50NpBI2Ar8spHFdJEr6FtfoU0FSE.jpg,https://gazamaps.com/storage/displacement-maps/gaza/full/4LETUhr4MQ67MEWfXAhNp0EMxSZokcTxiGTUqMlZ.jpg,https://gazamaps.com/storage/displacement-maps/gaza/zoom/QUoVgkg2bvkLILxWArxqjRW6JLhGKcxZyBv2TKJc.jpg,"961, 962, 963, 964, 965, 966, 967, 968, 969, 970, 970, 971, 972, 973, 974, 975, 976, 977, 978, 979, 980, 982, 983, 984, 1738, 1739, 1754, 1755, 1764, 1765, 1766, 1767, 1770, 1771, 1772, 1774, 1782, 1784, 1785, 1786, 1787, 1788, 1789, 1790, 1791, 1792, 1796, 1806, 1807, 1808, 1809, 1810, 1811, 1812, 1813, 1814, 1815, 1816.2, 1817",,"Gaza Strip, Ghaban, Al-Shimaa, Fadous, Al-Manshiya, Sheikh Zayed, Al-Salateen, Al-Karama, Beit Lahia Project, Al-Zahour, Tal Al-Zaatar, Al-Nour, Abdul Rahman, Al-Nahda, Jabalia Camp",south,13.26,0.0
2025-05-19,https://x.com/AvichayAdraee/status/1924395324904210684,"#عاجل ‼️ الى سكان محافظة خان يونس، بني سهيلا وعبسان
⭕️جيش الدفاع الإسرائيلي سوف يشن هجوماً غير مسبوق لتدمير قدرات المنظمات الإرهابية في هذه المنطقة 
⭕️عليكم الأخلاء فوراً غرباً الى منطقة المواصي⭕️
⭕️من هذه اللحظة، ستعتبر محافظة خانيونس منطقة قتال خطيرة
⭕️المنظمات الإرهابية جلبت https://t.co/1yqOLDVTKK","To the residents of Khan Yunis, Bani Suhaila and Abasan Governorates
⭕️ The IDF will launch an unprecedented attack to destroy the capabilities of terrorist organizations in this area.
⭕️ You must evacuate immediately west to the Mawasi area. ⭕️
⭕️ From this moment, Khan Yunis Governorate will be considered a dangerous combat zone.
⭕️ Terrorist organizations have brought you disaster. For your safety, evacuate immediately.",12:22,"Khan Yunis, Bani Suhaila, Abasan",https://www.facebook.com/IDFarabicAvichayAdraee/posts/pfbid03211dYDXnn3JAj5XPbJpobFbsZjqK4KJZWw52ZXBkqFv9YPPJkSHEyb8WWdDcUDZcl,12:23,,,Mawasi area,https://gazamaps.com/displacement/100,https://gazamaps.com/storage/displacement-maps/gaza/idf/jLQDLCkDh2HdpQVZRtYCVf4IQsO1O6HT2yeQRNg5.jpg,https://gazamaps.com/storage/displacement-maps/gaza/full/LVvG26mySzBfcBHizKXWGa8CBy5r7PJymgQxHgA2.jpg,https://gazamaps.com/storage/displacement-maps/gaza/zoom/mCbPKqwwWmAE1hEfoeU4zSzvZZ8IvnAOtAZbON7P.jpg,"36, 37.1, 37.2, 38, 39, 40, 41, 42.1, 42.2, 42.3, 43, 44, 45, 46, 47, 48, 49, 50, 51, 52, 53, 54, 55, 56, 57, 58, 59, 60, 61, 62, 63, 64, 67, 68, 69, 70, 71, 72, 73, 74, 75, 76, 77, 78, 99, 100, 101, 102, 103, 104, 105, 106, 107.2, 108.2, 114, 115, 116, 117, 118, 121, 122, 123, 124, 125, 126, 127, 131, 212, 213, 214, 215, 216, 217, 218, 219, 220.1, 220.2, 221, 222, 223, 224, 225, 231, 232, 233, 234, 235, 236, 237, 238, 239, 240, 241, 242, 243, 244, 245, 246, 247, 248, 249, 250, 251, 252, 253, 254, 255, 256, 260.1, 260.2, 2250.1, 2250.2, 2260.1, 2260.2, 2260.3, 2270.1, 2270.2, 2270.3, 2280.1, 2280.2, 2352, 2353, 2354, 2355",,"Khan Yunis, Bani Suhaila, Abasan",Mawasi,81.24,0.0
2025-05-18,https://x.com/avichayadraee/status/1924138581456506948,"#عاجل ‼️ إلى جميع سكان قطاع غزة  المتواجدين في منطقة القرارة، بلدية السلقا وجنوب دير البلح وأحياء الجعفراوي، السوار، ابو هداب والسطر
🔴هذا انذار مسبق وأخير قبل الهجوم!🔴
⭕️سنهاجم بقوة شديدة كل منطقة يتم استخدامها لاإطلاق قذائف صاروخية
⭕️تتحمل المنظمات الارهابية وفي مقدمتها حماس https://t.co/qaCBehOA6j","To all residents of the Gaza Strip located in the Al-Qarara area, the Salqa municipality, southern Deir al-Balah, and the Al-Jafrawi, Al-Suwar, Abu Hadab, and Al-Satr neighborhoods.
🔴 This is a final advance warning before the attack! 🔴
⭕️ We will attack with extreme force every area used to launch rockets.
⭕️ Terrorist organizations, primarily Hamas, bear full responsibility for the displacement and suffering of civilians.
⭕️ For your safety, you must move immediately west to the known shelters in Al Mawasi.",19:22,"Gaza Strip, Al-Qarara, Salqa, southern Deir al-Balah, Al-Jafrawi, Al-Suwar, Abu Hadab, Al-Satr",https://www.facebook.com/IDFarabicAvichayAdraee/posts/pfbid02xguoBixDn4RnNmpd5c5pwGMvK5vkciapEmzUt5WgJ8Da3eyz4or5ark5kkMD31QBl,19:23,,,Al Mawasi,https://gazamaps.com/displacement/99,https://gazamaps.com/storage/displacement-maps/gaza/idf/yontNpJj5HUqqtDc2P4zxm1tkfJEUqeR16yuVEDH.jpg,https://gazamaps.com/storage/displacement-maps/gaza/full/ol95fq8LOog73ga7UwFNC1mqOI0IMjCgHI9tB2MW.jpg,https://gazamaps.com/storage/displacement-maps/gaza/zoom/ZDxIsNKnDc8tjKPF7j1I0WApFeFypZTqSQNkfbJ1.jpg,"126, 127, 129.1, 129.2, 130.1, 130.2, 131.1, 2352, 2353, 2354, 2355",,"Gaza Strip, Al-Qarara, Salqa, southern Deir al-Balah, Al-Jafrawi, Al-Suwar, Abu Hadab, Al-Satr",Al Mawasi,5.71,0.0
2025-05-16,,,,,Unknown,,,https://idfleaflets.com/53,"URGENT WARNING:

To all those who are in this area, either in shelters, a tent or a building.

You are in a dangerous combat zone and the place is not safe!

Immediately vacate the premises and head south",Unknown,,,,,,,Unknown,Unknown,,
2025-05-14,https://x.com/AvichayAdraee/status/1922675041692463360,"#عاجل ‼️ إلى سكان قطاع غزة الموجودين في البلوكات: 633, 706, 785, 786, 787 في منطقة حي الرمال الجنوبي 
⭕️نظرًا لقيام حماس الارهابية باستغلال المناطق المدنية لأنشطة إرهابية مثلما يتضح في الصورة المرفقة سيهاجم جيش الدفاع في المنطقة بقوة شديدة. 
⭕️من أجل سلامتكم عليكم اخلاء المنطقة. https://t.co/voQGOAtE27","To the residents of the Gaza Strip located in blocks: 633, 706, 785, 786, 787 in the southern Al-Rimal neighborhood area
⭕️ Due to the Hamas terrorist organization exploiting civilian areas for terrorist activities, as shown in the attached image, the IDF will attack the area with great force.
⭕️ For your safety, you must evacuate the area.
⭕️ Terrorist organizations, primarily Hamas, bear full responsibility for the suffering and displacement of the population.
🔴 For your safety, evacuate the area immediately 🔴",18:27,"Gaza Strip, Al-Rimal neighborhood",https://www.facebook.com/IDFarabicAvichayAdraee/posts/pfbid05Tdg8CRCu7CXi586zKNMzyLvK9FvqhwnXp5KhvhqZ6oSjfizzQk2M5ubMCJCAKWAl,18:28,,,Unknown,https://gazamaps.com/displacement/98,https://gazamaps.com/storage/displacement-maps/gaza/idf/MHkS1S5l3zq9RUXckvkg6plcQhjGGCEmclJaKxfB.jpg,https://gazamaps.com/storage/displacement-maps/gaza/full/LunLPpLtku38FhrumjHn4lqzgddvXrR82gfhO4dn.jpg,https://gazamaps.com/storage/displacement-maps/gaza/zoom/lW78z11xsbgptgTUIDcliFjmWYlIRS5HhpaIxoTi.jpg,"663, 706, 785, 786, 787",,"Gaza Strip, Al-Rimal neighborhood",Unknown,1.61,0.0
2025-05-13,https://x.com/AvichayAdraee/status/1922380063351439569,"#عاجل ‼️ إلى جميع سكان قطاع غزة المتواجدين في بلدية جباليا، معسكر جباليا وأحياء تل الزعتر، الشيخ زايد، النور، السلام والروضة
🔴هذا انذار مسبق وأخير قبل الهجوم!🔴
⭕️سيهاجم جيش الدفاع بقوة شديدة كل منطقة يتم إطلاق قذائف صاروخية منها. 
⭕️تتحمل المنظمات الارهابية وفي مقدمتها حماس https://t.co/ZPlJg1kZ8L","To all residents of the Gaza Strip located in the Jabalia Municipality, Jabalia Camp, and the neighborhoods of Tal al-Zaatar, Sheikh Zayed, al-Nour, al-Salam, and al-Rawda
🔴 This is a final advance warning before the attack! 🔴
⭕️ The IDF will attack with great force every area from which rockets are launched.
⭕️ Terrorist organizations, primarily Hamas, bear full responsibility for the displacement and suffering of civilians.
⭕️ For your safety, you must move immediately to the known shelters in Gaza City.",22:54,"Gaza Strip, Jabalia Municipality, Jabalia Camp, Tal al-Zaatar, Sheikh Zayed, al-Nour, al-Salam, al-Rawda",https://www.facebook.com/IDFarabicAvichayAdraee/posts/pfbid02HxgFfFZh5ATVvtB2xjAVKzqNidBeyMMsZdK6AzcgYd8U3y1C8ZFZeqSsU1ec7HwEl,22:55,,,Gaza City,https://gazamaps.com/displacement/97,https://gazamaps.com/storage/displacement-maps/gaza/idf/AOHiqKJ6jCZsbhJ3zhCWzpcB8G5hGomsGi8yBwiE.jpg,https://gazamaps.com/storage/displacement-maps/gaza/full/oz3rMRO9MrrkX1zYoRaiSpkrWeOS5mUuA1cLOPoX.jpg,https://gazamaps.com/storage/displacement-maps/gaza/zoom/E43oYkZlKxdJLqk8Dzy3AmkOhqc8BZscRC4XV5eR.jpg,"754, 755, 1770, 1771, 1772, 1782, 1783, 1784, 1785, 1786, 1787, 1788, 1790, 1791, 1792, 1794, 1796, 1808, 1809, 1811",,"Gaza Strip, Jabalia Municipality, Jabalia Camp, Tal al-Zaatar, Sheikh Zayed, al-Nour, al-Salam, al-Rawda",Gaza City,5.06,0.0
2025-04-25,https://x.com/AvichayAdraee/status/1915812977044853003,"#عاجل ‼️ إلى جميع سكان قطاع غزة المتواجدين في منطقة التركمان, اجديدة، وشمال شرق الزيتون 
🔴هذا انذار مسبق وأخير قبل الهجوم!🔴
⭕️في ضوء تنفيذ عمليات إرهابية انطلاقًا من  المنطقة المذكورة ضد قواتنا سيهاجم جيش الدفاع بقوة شديدة كل منطقة يتم استخدامها لتنفيذ تلك العمليات الارهابية. https://t.co/SSNk40Qb92","To all residents of the Gaza Strip located in the Turkmen, Ajdeeda, and northeast Zeitoun areas
🔴 This is a final advance warning before the attack! 🔴
⭕️ In light of the implementation of terrorist operations from the aforementioned area against our forces, the IDF will attack with great force any area used to carry out these terrorist operations.
⭕️ Terrorist organizations, primarily Hamas, bear full responsibility for the displacement and suffering of civilians.
⭕️ For your safety, you must move immediately west to Gaza City.",19:59,"Gaza Strip, Turkmen, Ajdeeda, northeast Zeitoun",https://www.facebook.com/IDFarabicAvichayAdraee/posts/%D8%B9%D8%A7%D8%AC%D9%84-%EF%B8%8F-%D8%A5%D9%84%D9%89-%D8%AC%D9%85%D9%8A%D8%B9-%D8%B3%D9%83%D8%A7%D9%86-%D9%82%D8%B7%D8%A7%D8%B9-%D8%BA%D8%B2%D8%A9-%D8%A7%D9%84%D9%85%D8%AA%D9%88%D8%A7%D8%AC%D8%AF%D9%8A%D9%86-%D9%81%D9%8A-%D9%85%D9%86%D8%B7%D9%82%D8%A9-%D8%A7%D9%84%D8%AA%D8%B1%D9%83%D9%85%D8%A7%D9%86-%D8%A7%D8%AC%D8%AF%D9%8A%D8%AF%D8%A9-%D9%88%D8%B4%D9%85%D8%A7%D9%84-%D8%B4%D8%B1%D9%82-%D8%A7%D9%84%D8%B2%D9%8A/1236938024464469/,20:00,,,Gaza City,https://gazamaps.com/displacement/96,https://gazamaps.com/storage/displacement-maps/gaza/idf/qdegWeqzmknWBRDwsRPhJadJS3iql5uWRVkeR9Sr.jpg,https://gazamaps.com/storage/displacement-maps/gaza/full/fRmNbv7hPEEi4GzpfaFJpXH4CfxVUVFEnO4xavHm.jpg,https://gazamaps.com/storage/displacement-maps/gaza/zoom/xMZ3t8SPDuoUxFFNnYRXK1k9EtU4fIaj16vvUoqG.jpg,"321, 617, 618, 619, 622, 623, 632, 633, 634, 635, 686, 730, 731, 732, 733, 734, 735, 736, 737, 887, 888",,"Gaza Strip, Turkmen, Ajdeeda, northeast Zeitoun",Gaza City,5.04,0.0
2025-04-24,https://x.com/AvichayAdraee/status/1915410466811134276,"#عاجل ‼️ إلى جميع سكان قطاع غزة المتواجدين في منطقة بيت حانون والشيخ زايد
🔴هذا انذار مسبق وأخير قبل الهجوم!🔴
⭕️في ضوء تنفيذ عمليات قنص وأنشطة إرهابية انطلاقًا من  المنطقة المذكورة ضد قوات جيش الدفاع سننفذ هجومًا قويًا يطال المنطقة التى يتم استخدامها لتنفيذ تلك العمليات https://t.co/NVMVUm84do","To all residents of the Gaza Strip located in the Beit Hanoun and Sheikh Zayed areas
🔴 This is a final advance warning before the attack! 🔴
⭕️ In light of the sniper operations and terrorist activities carried out from the aforementioned area against IDF forces, we will carry out a strong attack targeting the area being used to carry out these terrorist operations.
⭕️ Terrorist organizations, primarily Hamas, bear full responsibility for the displacement and suffering of civilians.
⭕️ For your safety, you must move immediately west to Gaza City.",17:20,"Beit Hanoun, Sheikh Zayed",https://www.facebook.com/IDFarabicAvichayAdraee/photos/%D8%B9%D8%A7%D8%AC%D9%84-%EF%B8%8F-%D8%A5%D9%84%D9%89-%D8%AC%D9%85%D9%8A%D8%B9-%D8%B3%D9%83%D8%A7%D9%86-%D9%82%D8%B7%D8%A7%D8%B9-%D8%BA%D8%B2%D8%A9-%D8%A7%D9%84%D9%85%D8%AA%D9%88%D8%A7%D8%AC%D8%AF%D9%8A%D9%86-%D9%81%D9%8A-%D9%85%D9%86%D8%B7%D9%82%D8%A9-%D8%A8%D9%8A%D8%AA-%D8%AD%D8%A7%D9%86%D9%88%D9%86-%D9%88%D8%A7%D9%84%D8%B4%D9%8A%D8%AE-%D8%B2%D8%A7%D9%8A%D8%AF%D9%87%D8%B0%D8%A7-%D8%A7%D9%86%D8%B0%D8%A7%D8%B1/1236091957882409/,17:20,,,Gaza City,https://gazamaps.com/displacement/95,https://gazamaps.com/storage/displacement-maps/gaza/idf/SAwOA0zWY79vXoMW8i3bXwiW4oCgc4HY4vxP52iT.jpg,https://gazamaps.com/storage/displacement-maps/gaza/full/KGjFPU5yjrXmYZvrse11wmJXDhDep0pJYXNKBQex.jpg,https://gazamaps.com/storage/displacement-maps/gaza/zoom/c1OVhB5EGAJH4jzu95EJbDBqJpN0HXm2G31scNJz.jpg,"568, 569, 570, 571, 572, 573, 574, 575, 576, 577, 578, 756, 1765, 1767, 1768, 1769, 1770, 1771, 1774, 1778",,"Beit Hanoun, Sheikh Zayed",Gaza City,7.49,0.0
2025-04-13,https://x.com/AvichayAdraee/status/1911411983066210553,"#عاجل ‼️ إلى جميع سكان قطاع غزة المتواجدين في مناطق خان يونس وفي الأحياء: قيزان النجار، قيزان ابو رشوان، السلام، المنارة، القرين، معن، البطن السمين، جورت اللوت، الفخاري وأحياء بني سهيلا الجنوبية
🔴هذا انذار مسبق وأخير قبل الهجوم!🔴
⭕️سنهاجم بقوة شديدة كل منطقة يتم إطلاق قذائف https://t.co/ycLm7H8svE","To all residents of the Gaza Strip who are present in the areas of Khan Yunis and in the neighborhoods: Qizan al-Najjar, Qizan Abu Rashwan, al-Salam, al-Manara, al-Qurain, Maan, al-Batn al-Sameen, Jurt al-Lut, al-Fakhari and the southern neighborhoods of Bani Suhaila
🔴 This is a final advance warning before the attack! 🔴
⭕️ We will attack with great force every area from which rockets are launched.
⭕️ Terrorist organizations, primarily Hamas, bear full responsibility for the displacement and suffering of civilians.
⭕️ For your safety, you must move immediately west to the known shelters in Al Mawasi.",16:31,"Gaza Strip, Khan Yunis, Qizan al-Najjar, Qizan Abu Rashwan, al-Salam, al-Manara, al-Qurain, Maan, al-Batn al-Sameen, Jurt al-Lut, al-Fakhari, Bani Suhaila",https://www.facebook.com/IDFarabicAvichayAdraee/posts/%D8%B9%D8%A7%D8%AC%D9%84-%EF%B8%8F-%D8%A5%D9%84%D9%89-%D8%AC%D9%85%D9%8A%D8%B9-%D8%B3%D9%83%D8%A7%D9%86-%D9%82%D8%B7%D8%A7%D8%B9-%D8%BA%D8%B2%D8%A9-%D8%A7%D9%84%D9%85%D8%AA%D9%88%D8%A7%D8%AC%D8%AF%D9%8A%D9%86-%D9%81%D9%8A-%D9%85%D9%86%D8%A7%D8%B7%D9%82-%D8%AE%D8%A7%D9%86-%D9%8A%D9%88%D9%86%D8%B3-%D9%88%D9%81%D9%8A-%D8%A7%D9%84%D8%A3%D8%AD%D9%8A%D8%A7%D8%A1-%D9%82%D9%8A%D8%B2%D8%A7%D9%86-%D8%A7%D9%84%D9%86/1227782038713401/,16:32,,,Al Mawasi,https://gazamaps.com/displacement/94,https://gazamaps.com/storage/displacement-maps/gaza/idf/AvPKDyKXyQbr4iUg0USpLK8oRKXoahAYdCrLGZAy.jpg,https://gazamaps.com/storage/displacement-maps/gaza/full/AFdMBZvWGjgcK9JGoxyuBmN7ZNEimYNlT4jkLQRB.jpg,https://gazamaps.com/storage/displacement-maps/gaza/zoom/DUxaEhTUseTBSuoSBHCy47aWIv8zhlTdI38YHFFo.jpg,"58, 61, 62, 64, 65, 78, 79, 83, 87",,"Gaza Strip, Khan Yunis, Qizan al-Najjar, Qizan Abu Rashwan, al-Salam, al-Manara, al-Qurain, Maan, al-Batn al-Sameen, Jurt al-Lut, al-Fakhari, Bani Suhaila",Al Mawasi,5.38,0.0
2025-04-12,https://x.com/AvichayAdraee/status/1911142356457312613,"#عاجل ‼️ إلى جميع سكان قطاع غزة المتواجدين في منطقة النصيرات وفي الأحياء: الايمان، التقوى، البساتين، الزهراء، البوادي، النزهة
🔴هذا انذار مسبق وأخير قبل الهجوم!🔴
⭕️سنهاجم بقوة شديدة كل منطقة يتم إطلاق قذائف صاروخية منها. 
⭕️تتحمل المنظمات الارهابية وفي مقدمتها حماس المسؤولية https://t.co/dOjCRllrGG"," To all residents of the Gaza Strip who are in the Nuseirat area and in the neighborhoods: Al-Iman, Al-Taqwa, Al-Basatin, Al-Zahraa, Al-Bawadi, and Al-Nuzha
🔴 This is a final advance warning before the attack! 🔴
⭕️ We will attack with great force every area from which rockets are launched.
⭕️ Terrorist organizations, primarily Hamas, bear full responsibility for the displacement and suffering of civilians.
⭕️ For your safety, you must move immediately south to the known shelters in Al Mawasi.",22:40,"Gaza Strip, Nuseirat, Al-Iman, Al-Taqwa, Al-Basatin, Al-Zahraa, Al-Bawadi, Al-Nuzha",,,,,Al Mawasi,https://gazamaps.com/displacement/93,https://gazamaps.com/storage/displacement-maps/gaza/idf/auRuCS2nfyxy8bDiF7MnJSOcjOECKpg76D2p25PG.jpg,https://gazamaps.com/storage/displacement-maps/gaza/full/HwCi92BQVBEKsFk9sFWrAb1QBYaZXxDfGgh1c8Z2.jpg,https://gazamaps.com/storage/displacement-maps/gaza/zoom/MwF2zl29daSRm1N6HBtcobXSBTDDN7IEfcucQiMv.jpg,"665, 668, 2311, 2313, 2314, 2315, 2316, 2317, 2322",,"Gaza Strip, Nuseirat, Al-Iman, Al-Taqwa, Al-Basatin, Al-Zahraa, Al-Bawadi, Al-Nuzha",Al Mawasi,3.63,0.0
2025-04-12,https://x.com/AvichayAdraee/status/1911018130651873443,"#عاجل ‼️ إلى جميع سكان قطاع غزة المتواجدين في مناطق خان يونس وفي الأحياء: قيزان النجار، قيزان ابو رشوان، السلام، المنارة، القرين، معن، البطن السمين، جورت اللوت، الفخاري وأحياء بني سهيلا الجنوبية
🔴هذا انذار مسبق وأخير قبل الهجوم!🔴
⭕️سنهاجم بقوة شديدة كل منطقة يتم إطلاق قذائف https://t.co/350ljlC0Wr","To all residents of the Gaza Strip who are present in the areas of Khan Yunis and in the neighborhoods: Qizan al-Najjar, Qizan Abu Rashwan, al-Salam, al-Manara, al-Qurain, Maan, al-Batn al-Sameen, Jurt al-Lut, al-Fakhari and the southern neighborhoods of Bani Suhaila
🔴 This is a final advance warning before the attack! 🔴
⭕️ We will attack with great force every area from which rockets are launched.
⭕️ Terrorist organizations, primarily Hamas, bear full responsibility for the displacement and suffering of civilians.
⭕️ For your safety, you must move immediately west to the known shelters in Al Mawasi.",14:26,"Khan Yunis, Qizan al-Najjar, Qizan Abu Rashwan, al-Salam, al-Manara, al-Qurain, Maan, al-Batn al-Sameen, Jurt al-Lut, al-Fakhari, Bani Suhaila",https://www.facebook.com/IDFarabicAvichayAdraee/posts/%D8%B9%D8%A7%D8%AC%D9%84-%EF%B8%8F-%D8%A5%D9%84%D9%89-%D8%AC%D9%85%D9%8A%D8%B9-%D8%B3%D9%83%D8%A7%D9%86-%D9%82%D8%B7%D8%A7%D8%B9-%D8%BA%D8%B2%D8%A9-%D8%A7%D9%84%D9%85%D8%AA%D9%88%D8%A7%D8%AC%D8%AF%D9%8A%D9%86-%D9%81%D9%8A-%D9%85%D9%86%D8%A7%D8%B7%D9%82-%D8%AE%D8%A7%D9%86-%D9%8A%D9%88%D9%86%D8%B3-%D9%88%D9%81%D9%8A-%D8%A7%D9%84%D8%A3%D8%AD%D9%8A%D8%A7%D8%A1-%D9%82%D9%8A%D8%B2%D8%A7%D9%86-%D8%A7%D9%84%D9%86/1226932948798310/,14:29,,,Al Mawasi,https://gazamaps.com/displacement/92,https://gazamaps.com/storage/displacement-maps/gaza/idf/tAUOYap8HeaBkaLMozVBxlcC6N7LcUBtBz8bsS3U.jpg,https://gazamaps.com/storage/displacement-maps/gaza/full/2TIT9eyCRWi85dbLZRA0IOtsqjV8HwSjj81jyLVX.jpg,https://gazamaps.com/storage/displacement-maps/gaza/zoom/JubqoXrORtWLAzt82VqAOLYK97n16itctgc3OnvR.jpg,"58, 61, 62, 64, 65, 78, 79, 83, 87",,"Gaza Strip, Khan Yunis, Qizan al-Najjar, Qizan Abu Rashwan, al-Salam, al-Manara, al-Qurain, Maan, al-Batn al-Sameen, Jurt al-Lut, al-Fakhari, Bani Suhaila",Al Mawasi,5.38,0.0
2025-04-11,https://x.com/AvichayAdraee/status/1910571322414973054,"#عاجل ‼️ انذار عاجل وتحذير خطير الى جميع سكان قطاع غزة المتواجدين في منطقة الشجاعية وأحياء اجديدة، التركمان، توسعة نفوذ، الزيتون الشرقي, النور والتفاح
⭕️جيش الدفاع يعمل بقوة شديدة في مناطقكم لتدمير البنى التحتية الإرهابية. 
⭕️من أجل سلامتكم عليكم اخلاء هذه المناطق  فوراً https://t.co/mcO5XThOOV","Urgent warning and serious warning to all residents of the Gaza Strip located in the Shuja'iyya area and the neighborhoods of Ajdida, Turkman, Tawsiyat Al-Nufudh, Eastern Zeitoun, Al-Nour and Al-Tuffah.
⭕️ The IDF is operating with great force in your areas to destroy terrorist infrastructure.
⭕️ For your safety, you must evacuate these areas immediately and move to the known shelters in western Gaza City.",8:51,"Gaza Strip, Shuja'iyya, Ajdida, Turkman, Tawsiyat Al-Nufudh, Eastern Zeitoun, Al-Nour, Al-Tuffah",,,,,western Gaza City,https://gazamaps.com/displacement/90,https://gazamaps.com/storage/displacement-maps/gaza/idf/OYEnVNXefAUm82DpaaKQyCQQF2cX9G8DNZmdAEIq.jpg,https://gazamaps.com/storage/displacement-maps/gaza/full/3vwPYtrpC57dinYbEpze1EgfpIys7iiolKkMxNF5.jpg,https://gazamaps.com/storage/displacement-maps/gaza/zoom/TcvvPy42DJTOAyKbW3h86ZVPmWl2e42K1Mh9KUSr.jpg,"607, 617, 618, 719, 720, 721, 722, 723, 737, 751.1, 751.2, 753, 754, 755, 834, 887, 888, 889, 890, 891, 892, 893",,"Gaza Strip, Shuja'iyya, Ajdida, Turkman, Tawsiyat Al-Nufudh, Eastern Zeitoun, Al-Nour, Al-Tuffah",western Gaza City,6.81,0.0
2025-04-11,https://x.com/avichayadraee/status/1910650775040106938,"#عاجل ‼️ إلى جميع سكان قطاع غزة المتواجدين في خربة خزاعة، عبسان الكبيرة والجديدة
⭕️جيش الدفاع بدأ هجومًا قوياً لتدمير قدرات المنظمات الإرهابية. هذه المنطقة تعتبر منطقة قتال خطيرة!
⭕️من أجل سلامتكم، عليكم الإخلاء فورًا إلى المآوي المعروفة في مدينة خان يونس.
⭕️استمرار بقائكم في https://t.co/RMI8NpBvQT","To all residents of the Gaza Strip who are in Khirbet Khuza'a, Abasan al-Kabira and al-Jadidah
⭕️ The IDF has launched a massive offensive to destroy the capabilities of terrorist organizations. This area is considered a dangerous combat zone!
⭕️ For your safety, you must evacuate immediately to known shelters in Khan Yunis city.
⭕️ Your continued stay in shelters, homes or tents puts your life and the lives of your family members at risk.
🔴 Evacuate the area immediately 🔴",14:06,"Khirbet Khuza'a, Abasan al-Kabira, al-Jadidah",https://www.facebook.com/IDFarabicAvichayAdraee/posts/%D8%B9%D8%A7%D8%AC%D9%84-%EF%B8%8F-%D8%A5%D9%84%D9%89-%D8%AC%D9%85%D9%8A%D8%B9-%D8%B3%D9%83%D8%A7%D9%86-%D9%82%D8%B7%D8%A7%D8%B9-%D8%BA%D8%B2%D8%A9-%D8%A7%D9%84%D9%85%D8%AA%D9%88%D8%A7%D8%AC%D8%AF%D9%8A%D9%86-%D9%81%D9%8A-%D8%AE%D8%B1%D8%A8%D8%A9-%D8%AE%D8%B2%D8%A7%D8%B9%D8%A9-%D8%B9%D8%A8%D8%B3%D8%A7%D9%86-%D8%A7%D9%84%D9%83%D8%A8%D9%8A%D8%B1%D8%A9-%D9%88%D8%A7%D9%84%D8%AC%D8%AF%D9%8A%D8%AF%D8%A9%EF%B8%8F%D8%AC%D9%8A/1226128398878765/,14:07,,,Khan Yunis city,https://gazamaps.com/displacement/91,https://gazamaps.com/storage/displacement-maps/gaza/idf/t63LzS9P157ad9MTIVfYdd4qsK72o1jKx8UJUjyb.jpg,https://gazamaps.com/storage/displacement-maps/gaza/full/OKa47cI7xoUrDaJJFOcvH7OzUv6pd8cykt5xneTw.jpg,https://gazamaps.com/storage/displacement-maps/gaza/zoom/OYmHBsLsYHaJFgyDc2MxyJynNhA42kP4lpbNfUQC.jpg,"114, 115, 116, 117, 118, 121, 122, 123, 124, 224, 225, 234, 235, 236, 237, 238, 239, 240, 241, 242, 243, 248, 249, 250, 251, 252, 253, 254, 256, 260.2",,"Khirbet Khuza'a, Abasan al-Kabira, al-Jadidah",Khan Yunis,18.9,0.0
2025-04-06,https://x.com/AvichayAdraee/status/1908977979968872868,"#عاجل ‼️ إلى جميع سكان قطاع غزة المتواجدين في منطقة دير البلح في الأحياء: الصحابة، السماح, العودة، الزوايدة والصلاح
🔴هذا انذار مسبق وأخير قبل الهجوم!🔴
⭕️سنهاجم بقوة شديدة كل منطقة يتم إطلاق قذائف صاروخية منها. 
⭕️تتحمل المنظمات الارهابية وفي مقدمتها حماس المسؤولية الكاملة عن https://t.co/7WJfUH8vDT","To all residents of the Gaza Strip located in the Deir al-Balah area in the neighborhoods: Al-Sahaba, Al-Samah, Al-Awda, Al-Zawaida and Al-Salah
🔴 This is a final advance warning before the attack! 🔴
⭕️ We will attack with great force every area from which rockets are launched.
⭕️ Terrorist organizations, primarily Hamas, bear full responsibility for the displacement and suffering of civilians.
⭕️ For your safety, you must move immediately south to the known shelters in Al Mawasi.",23:19,"Gaza Strip, Deir al-Balah, Al-Sahaba, Al-Samah, Al-Awda, Al-Zawaida, Al-Salah",https://www.facebook.com/IDFarabicAvichayAdraee/posts/%D8%B9%D8%A7%D8%AC%D9%84-%EF%B8%8F-%D8%A5%D9%84%D9%89-%D8%AC%D9%85%D9%8A%D8%B9-%D8%B3%D9%83%D8%A7%D9%86-%D9%82%D8%B7%D8%A7%D8%B9-%D8%BA%D8%B2%D8%A9-%D8%A7%D9%84%D9%85%D8%AA%D9%88%D8%A7%D8%AC%D8%AF%D9%8A%D9%86-%D9%81%D9%8A-%D9%85%D9%86%D8%B7%D9%82%D8%A9-%D8%AF%D9%8A%D8%B1-%D8%A7%D9%84%D8%A8%D9%84%D8%AD-%D9%81%D9%8A-%D8%A7%D9%84%D8%A3%D8%AD%D9%8A%D8%A7%D8%A1-%D8%A7%D9%84%D8%B5%D8%AD%D8%A7%D8%A8%D8%A9-%D8%A7/1222577115900560/,23:20,,,Al Mawasi,https://gazamaps.com/displacement/89,https://gazamaps.com/storage/displacement-maps/gaza/idf/ILCfTB04NoA7ie9KKlsyeK2mZu0HsuG3iSNsln6u.jpg,https://gazamaps.com/storage/displacement-maps/gaza/full/SG1KyJBsJgNBHkeDDNh6t8DQw62A5nM8A2Pn9P3C.jpg,https://gazamaps.com/storage/displacement-maps/gaza/zoom/7ELD4ScWKr5ezGn3v9xwjUUEGb4q1zYH9HgWgLkn.jpg,"2332, 2333, 2334, 2335, 2336",,"Gaza Strip, Deir al-Balah, Al-Sahaba, Al-Samah, Al-Awda, Al-Zawaida, Al-Salah",Al Mawasi,3.13,0.0
2025-04-03,https://x.com/AvichayAdraee/status/1907862835578732845,"#عاجل ‼️ إلى جميع سكان قطاع غزة المتواجدين في مناطق بلدة غزة القديمة والصبرة وتل الهوى والزيتون الغربي
🔴هذا انذار مسبق وأخير قبل الهجوم!🔴
⭕️تعود المنظمات الإرهابية وتطلق قذائفها الصاروخية من داخل المدنيين.
⭕️لقد حذرنا هذه المنطقة مرات عديدة. 
⭕️من أجل سلامتكم عليكم الانتقال https://t.co/5rZtJAf7Og","To all residents of the Gaza Strip located in the areas of the Old City of Gaza, Sabra, Tal al-Hawa, and Western Zeitoun
🔴 This is a final advance warning before the attack! 🔴
⭕️ Terrorist organizations return and launch their rockets from inside civilians.
⭕️ We have warned about this area many times.
⭕️ For your safety, you must move immediately south to the shelters in Al Mawasi.",21:28,"Old City of Gaza, Sabra, Tal al-Hawa, Western Zeitoun",https://www.facebook.com/IDFarabicAvichayAdraee/photos/%D8%B9%D8%A7%D8%AC%D9%84-%EF%B8%8F-%D8%A5%D9%84%D9%89-%D8%AC%D9%85%D9%8A%D8%B9-%D8%B3%D9%83%D8%A7%D9%86-%D9%82%D8%B7%D8%A7%D8%B9-%D8%BA%D8%B2%D8%A9-%D8%A7%D9%84%D9%85%D8%AA%D9%88%D8%A7%D8%AC%D8%AF%D9%8A%D9%86-%D9%81%D9%8A-%D9%85%D9%86%D8%A7%D8%B7%D9%82-%D8%A8%D9%84%D8%AF%D8%A9-%D8%BA%D8%B2%D8%A9-%D8%A7%D9%84%D9%82%D8%AF%D9%8A%D9%85%D8%A9-%D9%88%D8%A7%D9%84%D8%B5%D8%A8%D8%B1%D8%A9-%D9%88%D8%AA%D9%84-%D8%A7/1220099509481654/,21:29,,,Al Mawasi,https://gazamaps.com/displacement/88,https://gazamaps.com/storage/displacement-maps/gaza/idf/VztfHxuXVKZoyvntBXAomvvCHBC5AbJiDmJobZm4.jpg,https://gazamaps.com/storage/displacement-maps/gaza/full/Zjhm7Aq2NnbxZOLJKuzVgeKMLmkyxzdtD1Rw4lRh.jpg,https://gazamaps.com/storage/displacement-maps/gaza/zoom/q9Nsm4S0ih6pmWYvKDZud7TTsKK1WcgJcRgj8I3r.jpg,"625, 626, 627, 628, 629, 633, 635, 639.1, 639.4, 640.2, 641, 642.1, 683.1, 684, 685",,"Old City of Gaza, Sabra, Tal al-Hawa, Western Zeitoun",Al Mawasi,5.43,0.0
2025-04-03,https://x.com/AvichayAdraee/status/1907696538073137411,"#عاجل ‼️ انذار خطير وعاجل الى سكان قطاع غزة المتواجدين في منطقة الشجاعية وأحياء الجديدة، التركمان، توسعة نفوذ والزيتون الشرقي

⭕️جيش الدفاع بصدد العمل بقوة شديدة في مناطقكم لتدمير البنية التحتية الإرهابية. 

⭕️من أجل سلامتكم عليكم اخلاء هذه المناطق فوراً والانتقال الى مراكز https://t.co/mIsd6v65Gf","A serious and urgent warning to the residents of the Gaza Strip who are in the Shuja'iyya area and the neighborhoods of Al-Jadida, Al-Turkman, Tasbeeh and Al-Zeitoun Al-Sharqi.

⭕️ The IDF is operating with great force in your areas to destroy the terrorist infrastructure.

⭕️ For your safety, you must evacuate these areas immediately and move to the known shelters in western Gaza City.",10:27,"Gaza Strip, Shuja'iyya, Al-Jadida, Al-Turkman, Tasbeeh, Al-Zeitoun Al-Sharqi",https://www.facebook.com/IDFarabicAvichayAdraee/photos/%D8%B9%D8%A7%D8%AC%D9%84-%EF%B8%8F-%D8%A7%D9%86%D8%B0%D8%A7%D8%B1-%D8%AE%D8%B7%D9%8A%D8%B1-%D9%88%D8%B9%D8%A7%D8%AC%D9%84-%D8%A7%D9%84%D9%89-%D8%B3%D9%83%D8%A7%D9%86-%D9%82%D8%B7%D8%A7%D8%B9-%D8%BA%D8%B2%D8%A9-%D8%A7%D9%84%D9%85%D8%AA%D9%88%D8%A7%D8%AC%D8%AF%D9%8A%D9%86-%D9%81%D9%8A-%D9%85%D9%86%D8%B7%D9%82%D8%A9-%D8%A7%D9%84%D8%B4%D8%AC%D8%A7%D8%B9%D9%8A%D8%A9-%D9%88%D8%A3%D8%AD%D9%8A%D8%A7%D8%A1-%D8%A7%D9%84/1219672316191040/,10:28,,,western Gaza City,https://gazamaps.com/displacement/87,https://gazamaps.com/storage/displacement-maps/gaza/idf/IkH8u8zqNe5jfJiWrraaCrpGzD9Ey1T22cNbqoHI.jpg,https://gazamaps.com/storage/displacement-maps/gaza/full/iEkCRRplIURwKZLIjkWekNPyKeA4CoG5mm422gOc.jpg,https://gazamaps.com/storage/displacement-maps/gaza/zoom/8e6Lu9o0zEdtobw4jxQkISMp7l3fGE3hhw1BNviJ.jpg,"634, 731, 732, 733, 734, 735, 736, 737, 751.2, 887, 888, 890, 891, 892, 893",,"Gaza Strip, Shuja'iyya, Al-Jadida, Al-Turkman, Tasbeeh, Al-Zeitoun Al-Sharqi",western Gaza City,4.19,0.0
2025-04-02,https://x.com/AvichayAdraee/status/1907516426732052812,"#عاجل ‼️ إلى جميع سكان قطاع غزة المتواجدين في مناطق بيت حانون وجباليا والاحياء تل الزعتر، النور، الروضة، السلام، النهضة، التفاح، الزهور، الشيخ زايد، المنشية ومخيم جباليا - مع التركيز على مراكز الإيواء في هذه المناطق 🔴

🔴هذا انذار مسبق وأخير قبل الهجوم!🔴
⭕️تعود المنظمات https://t.co/Ph6bIDokFP","To all residents of the Gaza Strip in the areas of Beit Hanoun, Jabalia, and the neighborhoods of Tal al-Zaatar, al-Nour, al-Rawda, al-Salam, al-Nahda, al-Tuffah, al-Zuhur, Sheikh Zayed, al-Manshiya, and Jabalia camp - with a focus on the shelters in these areas 🔴

🔴 This is a preliminary and final warning before the attack! 🔴
⭕️ The terrorist organizations are again launching their rockets from among civilians.
⭕️ We have warned about this area many times.
⭕️ For your safety, you must move immediately west to the shelters in Gaza City.",22:32,"Beit Hanoun, Jabalia, Tal al-Zaatar, al-Nour, al-Rawda, al-Salam, al-Nahda, al-Tuffah, al-Zuhur, Sheikh Zayed, al-Manshiya, Jabalia camp",https://www.facebook.com/IDFarabicAvichayAdraee/posts/%D8%B9%D8%A7%D8%AC%D9%84-%EF%B8%8F-%D8%A5%D9%84%D9%89-%D8%AC%D9%85%D9%8A%D8%B9-%D8%B3%D9%83%D8%A7%D9%86-%D9%82%D8%B7%D8%A7%D8%B9-%D8%BA%D8%B2%D8%A9-%D8%A7%D9%84%D9%85%D8%AA%D9%88%D8%A7%D8%AC%D8%AF%D9%8A%D9%86-%D9%81%D9%8A-%D9%85%D9%86%D8%A7%D8%B7%D9%82-%D8%A8%D9%8A%D8%AA-%D8%AD%D8%A7%D9%86%D9%88%D9%86-%D9%88%D8%AC%D8%A8%D8%A7%D9%84%D9%8A%D8%A7-%D9%88%D8%A7%D9%84%D8%A7%D8%AD%D9%8A%D8%A7%D8%A1-%D8%AA%D9%84-/1219263679565237/,22:33,,,Gaza City,https://gazamaps.com/displacement/86,https://gazamaps.com/storage/displacement-maps/gaza/idf/61QIPQkhopQMcXqZxWAmi3dE2Ux1gTBJAeAWjZV7.jpg,https://gazamaps.com/storage/displacement-maps/gaza/full/N86SoNxei7joPuoupiaHIpFOPsisj0aZaTT7pani.jpg,https://gazamaps.com/storage/displacement-maps/gaza/zoom/ul5K0QuwhbgAXmnNcoFyDd1Urs7i9pHFOfT0wZ0w.jpg,"578, 754, 755, 756, 1768, 1770, 1771, 1772, 1782, 1783, 1784, 1785, 1794, 1808, 1809",,"Beit Hanoun, Jabalia, Tal al-Zaatar, al-Nour, al-Rawda, al-Salam, al-Nahda, al-Tuffah, al-Zuhur, Sheikh Zayed, al-Manshiya, Jabalia camp",Gaza City,6.18,0.0
2025-04-01,https://x.com/AvichayAdraee/status/1906973880444489986,"#عاجل ‼️ إلى جميع سكان قطاع غزة المتواجدين في مناطق بيت حانون، مشروع بيت لاهيا، الشيخ زايد وأحياء المنشية وتل الزعتر
🔴هذا انذار مسبق وأخير قبل الغارة!🔴
⭕️تعود المنظمات الإرهابية وتطلق قذائفها الصاروخية من بين المدنيين.
⭕️لقد حذرنا هذه المنطقة مرات عديدة. 
⭕️من أجل سلامتكم عليكم https://t.co/RMx3LKCz68","To all residents of the Gaza Strip located in the areas of Beit Hanoun, Beit Lahia Project, Sheikh Zayed, and the neighborhoods of Al-Manshiya and Tal Al-Zaatar
🔴 This is a final advance warning before the raid! 🔴
⭕️ The terrorist organizations return and launch their rockets from among the civilians.
⭕️ We have warned about this area many times.
⭕️ For your safety, you must move immediately west to the known shelters in Gaza City.",10:36,"Beit Hanoun, Beit Lahia Project, Sheikh Zayed, Al-Manshiya, Tal Al-Zaatar",https://www.facebook.com/IDFarabicAvichayAdraee/posts/%D8%B9%D8%A7%D8%AC%D9%84-%EF%B8%8F-%D8%A5%D9%84%D9%89-%D8%AC%D9%85%D9%8A%D8%B9-%D8%B3%D9%83%D8%A7%D9%86-%D9%82%D8%B7%D8%A7%D8%B9-%D8%BA%D8%B2%D8%A9-%D8%A7%D9%84%D9%85%D8%AA%D9%88%D8%A7%D8%AC%D8%AF%D9%8A%D9%86-%D9%81%D9%8A-%D9%85%D9%86%D8%A7%D8%B7%D9%82-%D8%A8%D9%8A%D8%AA-%D8%AD%D8%A7%D9%86%D9%88%D9%86-%D9%85%D8%B4%D8%B1%D9%88%D8%B9-%D8%A8%D9%8A%D8%AA-%D9%84%D8%A7%D9%87%D9%8A%D8%A7-%D8%A7%D9%84%D8%B4%D9%8A/1218012559690349/,10:39,,,Gaza City,https://gazamaps.com/displacement/85,https://gazamaps.com/storage/displacement-maps/gaza/idf/48aYPe9iIxQyo9jfqnLy1v1D0b6EYKuCm3BdtBcR.jpg,https://gazamaps.com/storage/displacement-maps/gaza/full/PcX2xwWe47pdiK5tpdTGiFXoMZgrXY4aD34nc9W9.jpg,https://gazamaps.com/storage/displacement-maps/gaza/zoom/7kbU9QXuLEiyCb1HIELXx0z14vwq8zLxXC5Zhodf.jpg,"568, 569, 570, 571, 572, 573, 574, 575, 576, 577, 578, 1762, 1763, 1764, 1765, 1767, 1768, 1769, 1770, 1774, 1778",,"Beit Hanoun, Beit Lahia Project, Sheikh Zayed, Al-Manshiya, Tal Al-Zaatar",Gaza City,7.19,0.0
2025-03-31,https://x.com/avichayadraee/status/1906595629993967915,"#عاجل ‼️ إلى جميع سكان قطاع غزة المتواجدين في مناطق رفح، بلديات النصر والشوكة والمناطق الاقليمية الشرقية والغربية وأحياء السلام، المنارة وقيزان النجار

⭕️يعود جيش الدفاع الإسرائيلي للقتال بقوة شديدة للقضاء على قدرات المنظمات الإرهابية في هذه المناطق.

⭕️من أجل سلامتكم عليكم https://t.co/Ps1JvDoJRY"," To all residents of the Gaza Strip located in the areas of Rafah, the municipalities of Al-Nasr and Al-Shawka, the eastern and western regional areas, and the neighborhoods of Al-Salam, Al-Manara, and Qizan Al-Najjar.

⭕️ The IDF is returning to fight with great force to eliminate the capabilities of terrorist organizations in these areas.

⭕️ For your safety, you must move immediately to the shelters in Al Mawasi *.",9:33,"Rafah, Al-Nasr, Al-Shawka, eastern regional area, western regional area, Al-Salam, Al-Manara, Qizan Al-Najjar",,,,,Al Mawasi,https://gazamaps.com/displacement/84,https://gazamaps.com/storage/displacement-maps/gaza/idf/lUGDNQNaB1TEiVSP8VXpH0vf4vzXBGaXb3oeD4uN.jpg,https://gazamaps.com/storage/displacement-maps/gaza/full/mY4uY0MSB5eZh8APWwVQyvWghoVhuealZ98P5cyc.jpg,https://gazamaps.com/storage/displacement-maps/gaza/zoom/t7IXQaNeUKnnv0xz7CsLkSmUpMSVu2v7KkCKgoIF.jpg,"4, 5, 6, 7, 12, 13, 14, 15, 16, 17, 18, 19, 20, 21, 22, 23, 24, 26, 27, 28, 29, 30, 31, 32, 33, 34, 35, 65, 66, 79, 80, 81, 82, 83, 84, 85, 86, 87, 270.1, 2359, 2360, 2361, 2364, 2365, 2366, 2367, 2368, 2369, 2370, 2371, 2372, 2373, 2374, 2375, 2376",,"Rafah, Al-Nasr, Al-Shawka, eastern regional area, western regional area, Al-Salam, Al-Manara, Qizan Al-Najjar",Al Mawasi,51.78,0.0
2025-03-29,https://x.com/AvichayAdraee/status/1905968250774561088,"#عاجل ‼️ إلى جميع سكان قطاع غزة المتواجدين في منطقة عبسان والقرارة وخربة خزاعة 
🔴هذا انذار مسبق وأخير قبل الغارات!🔴
⭕️تعود المنظمات الإرهابية وتطلق قذائفها الصاروخية من بين المدنيين.
⭕️لقد حذرنا هذه المنطقة مرات عديدة. 
⭕️من أجل سلامتكم عليكم الانتقال بشكل فوري غربًا نحو مراكز https://t.co/aZ3CLDr0iY","To all residents of the Gaza Strip located in the Abasan, Al-Qarara and Khirbet Khuza’a areas
🔴 This is a final warning before the raids! 🔴
⭕️ Terrorist organizations return and launch their rockets from among civilians.
⭕️ We have warned about this area many times.
⭕️ For your safety, you must move immediately west towards the shelters in the Mawasi area.",16:00,"Abasan, Al-Qarara, Khirbet Khuza’a",https://www.facebook.com/IDFarabicAvichayAdraee/posts/%D8%B9%D8%A7%D8%AC%D9%84-%EF%B8%8F-%D8%A5%D9%84%D9%89-%D8%AC%D9%85%D9%8A%D8%B9-%D8%B3%D9%83%D8%A7%D9%86-%D9%82%D8%B7%D8%A7%D8%B9-%D8%BA%D8%B2%D8%A9-%D8%A7%D9%84%D9%85%D8%AA%D9%88%D8%A7%D8%AC%D8%AF%D9%8A%D9%86-%D9%81%D9%8A-%D9%85%D9%86%D8%B7%D9%82%D8%A9-%D8%B9%D8%A8%D8%B3%D8%A7%D9%86-%D9%88%D8%A7%D9%84%D9%82%D8%B1%D8%A7%D8%B1%D8%A9-%D9%88%D8%AE%D8%B1%D8%A8%D8%A9-%D8%AE%D8%B2%D8%A7%D8%B9%D8%A9-%D9%87%D8%B0%D8%A7/1215855136572758/,16:00,,,Mawasi,https://gazamaps.com/displacement/83,https://gazamaps.com/storage/displacement-maps/gaza/idf/4GpFyEHjnd0AxwFXkzsMhnRz8DXjh2ZtiKPSLiLf.jpg,https://gazamaps.com/storage/displacement-maps/gaza/full/tj0gEljmXxfXKDfXQ54VlgVjeDFYiPFQtHNlM4XE.jpg,https://gazamaps.com/storage/displacement-maps/gaza/zoom/rOS1qhCIC5QJ0m0aCo3PxZ17VctoG65txVAfkrf4.jpg,"222, 224, 234, 235, 236, 243, 2280.1, 2280.2",,"Abasan, Al-Qarara, Khirbet Khuza’a",Mawasi,9.58,0.0
2025-03-26,https://x.com/AvichayAdraee/status/1904989654413152559,"#عاجل ‼️ إلى جميع سكان قطاع غزة المتواجدين في الأحياء التالية: الزيتون الغربي والشرقي، تل الهوا، البلدة القديمة، الشيخ عجلين، الشيخ، توسعة النفوذ والرمال الجنوبي
⭕️هذا انذار مسبق وأخير قبل هجوم!
⭕️تعود المنظمات الإرهابية وتطلق قذائفها الصاروخية من داخل المدنيين. لقد حذرنا هذه https://t.co/13N4Vl1k2b","To all residents of the Gaza Strip located in the following neighborhoods: Western and Eastern Zeitoun, Tel al-Hawa, the Old City, Sheikh Ajlin, Sheikh, Tawsiyat Al-Nufudh and Southern Rimal
⭕️ This is a final warning before an attack!
⭕️ Terrorist organizations are once again launching their rockets from within civilian areas. We have warned this area many times.
⭕️ For your safety, you must move immediately to the south of Wadi Gaza to the known shelters.",23:11,"Western Zeitoun, Eastern Zeitoun, Tel al-Hawa, the Old City, Sheikh Ajlin, Sheikh, Tawsiyat Al-Nufudh, Southern Rimal",https://www.facebook.com/IDFarabicAvichayAdraee/photos/%D8%B9%D8%A7%D8%AC%D9%84-%EF%B8%8F-%D8%A5%D9%84%D9%89-%D8%AC%D9%85%D9%8A%D8%B9-%D8%B3%D9%83%D8%A7%D9%86-%D9%82%D8%B7%D8%A7%D8%B9-%D8%BA%D8%B2%D8%A9-%D8%A7%D9%84%D9%85%D8%AA%D9%88%D8%A7%D8%AC%D8%AF%D9%8A%D9%86-%D9%81%D9%8A-%D8%A7%D9%84%D8%A3%D8%AD%D9%8A%D8%A7%D8%A1-%D8%A7%D9%84%D8%AA%D8%A7%D9%84%D9%8A%D8%A9-%D8%A7%D9%84%D8%B2%D9%8A%D8%AA%D9%88%D9%86-%D8%A7%D9%84%D8%BA%D8%B1%D8%A8%D9%8A-%D9%88%D8%A7%D9%84%D8%B4%D8%B1/1213847563440182/,23:12,,,Wadi Gaza,https://gazamaps.com/displacement/82,https://gazamaps.com/storage/displacement-maps/gaza/idf/rD3kTHMDXT5ahMw8Huk3vjqZZGuGS9oWVTqS5Hjg.jpg,https://gazamaps.com/storage/displacement-maps/gaza/full/jW31kZVuxx8QSUpmJZqRJ329lqF6OpT3MZMzKVq3.jpg,https://gazamaps.com/storage/displacement-maps/gaza/zoom/t3wPBpgDjnQ5vEEtzdfi7O4RmwAJwXuqOk49usMI.jpg,"627, 633, 634, 635, 639.1, 639.3, 640.1, 640.2, 641, 642.1, 642.2, 678, 679, 680, 681, 683.1, 683.2, 684, 685, 686, 687, 726, 727, 728, 729, 788, 789",,"Western Zeitoun, Eastern Zeitoun, Tel al-Hawa, the Old City, Sheikh Ajlin, Sheikh, Tawsiyat Al-Nufudh, Southern Rimal",Wadi Gaza,10.47,0.0
2025-03-26,https://x.com/avichayadraee/status/1904851649648050211,"#عاجل ‼️ إلى جميع السكان المتواجدين في أحياء حي الزيتون الغربي، تل الهوا، الشيخ عجلين، توسعة النفوذ والرمال الجنوبي
🔴هذا انذار مسبق وأخير قبل الغارات!🔴
⭕️تعود المنظمات الإرهابية وتطلق قذائفها الصاروخية من داخل المدنيين.لقد حذرنا هذه المنطقة مرات عديدة. 
⭕️من أجل سلامتكم عليكم https://t.co/Vg1z4WdNXl","To all residents of the neighborhoods of Al-Zeitoun Al-Gharbi, Tal Al-Hawa, Sheikh Ajlin, Tawsiyat Al-Nufudh, and Southern Al-Rimal
🔴 This is a final advance warning before the raids! 🔴
⭕️ Terrorist organizations are once again launching their rockets from within civilian areas. We have warned this area many times.
⭕️ For your safety, you must move immediately south via Rashid Street to the south of Wadi Gaza to the known shelters.",14:03,"Al-Zeitoun Al-Gharbi, Tal Al-Hawa, Sheikh Ajlin, Tawsiyat Al-Nufudh, Southern Al-Rimal",https://www.facebook.com/IDFarabicAvichayAdraee/posts/%D8%B9%D8%A7%D8%AC%D9%84-%EF%B8%8F-%D8%A5%D9%84%D9%89-%D8%AC%D9%85%D9%8A%D8%B9-%D8%A7%D9%84%D8%B3%D9%83%D8%A7%D9%86-%D8%A7%D9%84%D9%85%D8%AA%D9%88%D8%A7%D8%AC%D8%AF%D9%8A%D9%86-%D9%81%D9%8A-%D8%A3%D8%AD%D9%8A%D8%A7%D8%A1-%D8%AD%D9%8A-%D8%A7%D9%84%D8%B2%D9%8A%D8%AA%D9%88%D9%86-%D8%A7%D9%84%D8%BA%D8%B1%D8%A8%D9%8A-%D8%AA%D9%84-%D8%A7%D9%84%D9%87%D9%88%D8%A7-%D8%A7%D9%84%D8%B4%D9%8A%D8%AE-%D8%B9%D8%AC%D9%84%D9%8A/1213541656804106/,14:03,,,Unknown,https://gazamaps.com/displacement/81,https://gazamaps.com/storage/displacement-maps/gaza/idf/qVlBQDWLUkmGUMVQortfFBjImHoLxMmBxvtqtJ0j.jpg,https://gazamaps.com/storage/displacement-maps/gaza/full/TRqCGWvSv2SkFAB7SUYOHOSzIl9ysIzkKt7SYmZ3.jpg,https://gazamaps.com/storage/displacement-maps/gaza/zoom/39Lyoj2TnSAdVsJ9lu2NTBvi8M6QtRpBGTNAgrOq.jpg,"627, 678, 679, 680, 681, 683.1, 683.2, 684, 685, 687, 726, 727, 728, 729, 788, 789",,"Al-Zeitoun Al-Gharbi, Tal Al-Hawa, Sheikh Ajlin, Tawsiyat Al-Nufudh, southern Al-Rimal",Wadi Gaza,6.74,0.0
2025-03-24,https://x.com/avichayadraee/status/1904267617772200447,"#عاجل ‼️ إلى جميع سكان قطاع غزة المتواجدين في منطقة جباليا
🔴 هذا انذار مسبق وأخير قبل الغارة! 🔴
⭕️تعود المنظمات الإرهابية وتطلق قذائفها الصاروخية من داخل المدنيين.
⭕️لقد حذرنا هذه المنطقة مرات عديدة. 
⭕️من أجل سلامتكم عليكم الانتقال بشكل فوري جنوباً إلى مراكز الإيواء المعروفة. https://t.co/HkFrb5lApp","To all residents of the Gaza Strip located in the Jabalia area
🔴 This is a final advance warning before the raid! 🔴
⭕️ Terrorist organizations return and launch their rockets from inside civilians.
⭕️ We have warned about this area many times.
⭕️ For your safety, you must move immediately south to known shelters.",23:22,"Gaza Strip, Jabalia area",https://www.facebook.com/IDFarabicAvichayAdraee/posts/%D8%B9%D8%A7%D8%AC%D9%84-%EF%B8%8F-%D8%A5%D9%84%D9%89-%D8%AC%D9%85%D9%8A%D8%B9-%D8%B3%D9%83%D8%A7%D9%86-%D9%82%D8%B7%D8%A7%D8%B9-%D8%BA%D8%B2%D8%A9-%D8%A7%D9%84%D9%85%D8%AA%D9%88%D8%A7%D8%AC%D8%AF%D9%8A%D9%86-%D9%81%D9%8A-%D9%85%D9%86%D8%B7%D9%82%D8%A9-%D8%AC%D8%A8%D8%A7%D9%84%D9%8A%D8%A7-%D9%87%D8%B0%D8%A7-%D8%A7%D9%86%D8%B0%D8%A7%D8%B1-%D9%85%D8%B3%D8%A8%D9%82-%D9%88%D8%A3%D8%AE%D9%8A%D8%B1-%D9%82%D8%A8/1212404080251197/?locale=ar_AR,23:23,,,Unknown,https://gazamaps.com/displacement/80,https://gazamaps.com/storage/displacement-maps/gaza/idf/4jGfNmrXfVRqFA5lqHVjnZ00lDYDIumX4fOmzNiF.jpg,https://gazamaps.com/storage/displacement-maps/gaza/full/RPZW0ZtMrTWxkJPAQ0wSGPjSYCD3bOtjb4cmlMBf.jpg,https://gazamaps.com/storage/displacement-maps/gaza/zoom/Wl6H8ZwodltOCSaPqFvCOGEHMPFwWI4OFVJ53hkv.jpg,"754, 755, 756, 1771, 1772, 1782, 1784, 1785",,"Gaza Strip, Jabalia area",south,3.44,0.0
2025-03-24,https://x.com/avichayadraee/status/1904236224379748514,"#عاجل ‼️ إلى جميع سكان قطاع غزة المتواجدين في منطقة بيت لاهيا وبيت حانون. هذا انذار مسبق وأخير قبل الغارة!
⭕️تعود المنظمات الإرهابية وتطلق قذائفها الصاروخية من داخل المدنيين.
⭕️لقد حذرنا هذه المنطقة مرات عديدة. 
⭕️من أجل سلامتكم عليكم الانتقال بشكل فوري غربًا إلى مراكز الإيواء https://t.co/PU3uzAE4C9","To all residents of the Gaza Strip in the Beit Lahia and Beit Hanoun areas. This is a final advance warning before the raid!
⭕️ Terrorist organizations return and launch their rockets from inside civilians.
⭕️ We have warned about this area many times.
⭕️ For your safety, you must move immediately west to known shelters.",21:17,"Beit Lahia, Beit Hanoun",,,,,Unknown,https://gazamaps.com/displacement/79,https://gazamaps.com/storage/displacement-maps/gaza/idf/IouoeAbxH6Oy8WwsoYYAyODdl2vhuNlMcSTLdOU6.jpg,https://gazamaps.com/storage/displacement-maps/gaza/full/H0Mw3xuagYY8XnjIJMrZ7MsZw6KlpxqiqWoJiOEm.jpg,https://gazamaps.com/storage/displacement-maps/gaza/zoom/2zijtX6kxaXfMYk0Osc7PLRDx9QOVmQZFVE5efAS.jpg,"577, 578, 1765, 1767, 1768, 1769, 1770, 1770, 1774, 1778",,"Beit Lahia, Beit Hanoun",west,4.66,0.0
2025-03-23,https://x.com/avichayadraee/status/1903696196587180347,"#عاجل ‼️ انذار عاجل الى سكان قطاع غزة  المتواجدين في منطقة تل السلطان في رفح 

⭕️بدأ جيش الدفاع هجوماً لضرب المنظمات الإرهابية حيث تعتبر المنطقة التي تتواجدون فيها  منطقة قتال خطيرة.

⭕️شارع غوش قطيف يعتبر مسارًا إنسانيًا لاستخدامكم من أجل الانتقال الى منطقة المواصي. 

🔴نحذركم: https://t.co/7uY6g8GBEV","Urgent warning to the residents of the Gaza Strip in the Tel Sultan area in Rafah

⭕️ The IDF has launched an attack to strike at terrorist organizations. The area you are in is considered a dangerous combat zone.

⭕️ Gush Katif Street is considered a humanitarian route for your use in order to move to the Mawasi area.

🔴 We warn you: Movement in vehicles is prohibited. 🔴

⭕️ Staying in shelters, tents, and houses, or traveling via other unspecified roads, puts your life and the lives of your families at risk.

🔴 Evacuate the area immediately.",9:31,"Gaza Strip, Tel Sultan, Rafah",https://www.facebook.com/photo/?fbid=1211220843702854&set=d41d8cd9,9:32,https://idfleaflets.com/47,"Urgent warning!
To all of those who are in the Tal Sultan area, the Israeli Defense Forces started an attack to destroy terrorist organizations, you are in a dangerous combat zone.

Gush Katif street is considered a humanitarian corridor available for you to move to the Al Mawasi zone.

We warn you that moving in cars is prohibited.

You remaining in undesignated shelters, tents and houses or moving through other undesignated streets will endanger your families’ lives and yours.

Vacate the premises now

The Israeli Defense Forces

Gush Katif street [in the map]",Mawasi area,https://gazamaps.com/displacement/78,https://gazamaps.com/storage/displacement-maps/gaza/idf/Pw1DEp3eMP7lSAO9ZUEvtX9s7bI1dKxj8Kw3l8fJ.jpg,https://gazamaps.com/storage/displacement-maps/gaza/full/5K9MGIWspk9fDvRVh3hJVQfiKK3hFOqildjIP7x7.jpg,https://gazamaps.com/storage/displacement-maps/gaza/zoom/siO3AIWqlesCXRnyryXWuXTnClQE7IxovaVzSqXN.jpg,"2364, 2366, 2367, 2368, 2369, 2370, 2371, 2372, 2373",,"Gaza Strip, Tel Sultan, Rafah",Mawasi area,8.96,0.0
2025-03-21,https://x.com/avichayadraee/status/1903105654887186618,"#عاجل ‼️ إلى جميع سكان قطاع غزة المتواجدين في المنطقة المحددة في منطقة السلاطين والكرامة والعودة - هذا انذار مسبق وأخير قبل الغارة!
⭕️تعود المنظمات الإرهابية وتطلق قذائفها الصاروخية من بين المدنيين.
⭕️لقد حذرنا هذه المنطقة مرات عديدة. 
⭕️من أجل سلامتكم عليكم الانتقال بشكل فوري https://t.co/dQrAHjqn1H","To all residents of the Gaza Strip who are in the designated area in the Al-Salateen, Madinat Al-Awda, and Al-Karama area - this is a final advance warning before the raid!
⭕️ Terrorist organizations return and launch their rockets from among civilians.
⭕️ We have warned about this area many times.
⭕️ For your safety, you must move immediately south to known shelters.",18:25,"Gaza Strip, Al-Salateen, Madinat Al-Awda, Al-Karama",,,,,Unknown,https://gazamaps.com/displacement/77,https://gazamaps.com/storage/displacement-maps/gaza/idf/iLgja1cZyN3FpoVmvOvD5yorgc9Uje4dRZa7P2Ox.jpg,https://gazamaps.com/storage/displacement-maps/gaza/full/FMn5TsCxpo7UQm56vW91WTFdPVZtsClI0EguTFgt.jpg,https://gazamaps.com/storage/displacement-maps/gaza/zoom/12ks8GgUzgXs50kVxaMBNGRUKQHdkxuYSs4ILViG.jpg,"974, 978, 979, 980, 982, 1742, 1743",,"Gaza Strip, Sultans, Madinat Al-Awda, Al-Karama",south,5.57,0.0
2025-03-20,https://x.com/avichayadraee/status/1902714593367019971,"#عاجل ‼️ إلى جميع سكان قطاع غزة المتواجدين في المنطقة المحددة في بني سهيلا 
⭕️هذا انذار مسبق وأخير قبل الغارة!
⭕️تعود المنظمات الإرهابية وتطلق قذائفها الصاروخية من داخل المدنيين. لقد حذرنا هذه المنطقة مرات عديدة. 
⭕️من أجل سلامتكم عليكم الانتقال بشكل فوري غربًا إلى مراكز الإيواء https://t.co/tGwzdtufnF","To all residents of the Gaza Strip located in the designated area in Bani Suhaila
⭕️ This is a final advance warning before the raid!
⭕️ Terrorist organizations are once again launching their rockets from within civilian areas. We have warned this area many times.
⭕️ For your safety, you must move immediately west to known shelters.",16:31,"Gaza Strip, Bani Suhaila",,,,,Unknown,https://gazamaps.com/displacement/76,https://gazamaps.com/storage/displacement-maps/gaza/idf/pURZrQDe6Dr9RcynP8vB9dTKfMiYVaud6OvjmSpr.jpg,https://gazamaps.com/storage/displacement-maps/gaza/full/8YJN7qPpLVbFycPVvuPUxQqmBPkV8DiNap7Wr8vw.jpg,https://gazamaps.com/storage/displacement-maps/gaza/zoom/dmVcnQtUl4eE76vFpc7fZlO90Njke4ODLQfnvHvz.jpg,"37.1, 37.2, 38, 39, 41, 42.1, 42.2, 42.3, 220.1, 220.2, 221, 222, 2280.1",,"Gaza Strip, Bani Suhaila",west,9.99,0.0
2025-03-19,,,,,Unknown,,,https://idfleaflets.com/43,"Urgent Warning!

South of Salah al-Din

Urgent Warning

To all those in Beit Hanoun, the IDF has begun a powerful offensive to destroy the terrorist organizations.

This area is considered a dangerous combat zone. For your safety, you must evacuate immediately to the known shelters in western Gaza City. Your continued presence in the shelters, houses, or tents endangers your lives and the lives of your family members. Evacuate immediately. IDF",Unknown,,,,,,,Beit Hanoun,western Gaza City. south of Salah al-Din,,
2025-03-19,,,,,Unknown,,,https://idfleaflets.com/42,"Scan the QR code to reveal the block map

Urgent Warning!

IDF Defense Forces

Urgent Warning

To all those in Beit Hanoun, the IDF has begun a powerful offensive to destroy the terrorist organizations.

This area is considered a dangerous combat zone. For your safety, you must evacuate immediately to the known bomb shelters in western Gaza City. Your continued stay in the current bomb shelters, homes, or tents endangers your lives and the lives of your family members. Evacuate immediately. IDF",Unknown,,,,,,,Beit Hanoun,western Gaza City,,
2025-03-19,,,,,Unknown,,,https://idfleaflets.com/41,,Unknown,,,,,,,Unknown,Unknown,,
2025-03-18,,,,,Unknown,,,https://idfleaflets.com/39,"Urgent Warning

To all in this shelter, whether in the tent or in the building, you are in a dangerous combat zone, and the location is not safe!

Evacuate immediately and get as far away as possible",Unknown,,,,,,,Unknown,Unknown,,
2025-01-15,https://x.com/AvichayAdraee/status/1879497240701800714/photo/1,"#عاجل ‼️ الى سكان قطاع غزة المتواجدين في منطقة D5 (قرية جباليا) هذا تحذير مسبق قبل الهجوم!

⭕️تطلق المنظمات الإرهابية من جديد القذائف الصاروخية من هذه المنطقة المحددة التي تم تحذيرها عدة مرات في الماضي. 

⭕️من أجل أمنكم، انتقلوا فوراً الى المآوي في مركز مدينة غزة. https://t.co/vnl1riYBU9","To the residents of the Gaza Strip in the D5 area (Jabalia village), this is a prior warning before the attack!

⭕️ Terrorist organizations are again launching rockets from this specific area that has been warned several times in the past.

⭕️ For your own safety, move immediately to the shelters in the center of Gaza City.",14:53,"Gaza Strip, Jabalia village",,,,,shelters in the center of Gaza City,https://gazamaps.com/displacement/70,https://gazamaps.com/storage/displacement-maps/gaza/idf/CBNVfEax7N40clrjDKvi42UnOZfGM4E6qRtwpiil.jpg,https://gazamaps.com/storage/displacement-maps/gaza/full/1i2I9o87Y4RFyY9aFgq4aVDx0R7ZVupnQlUSBMg8.jpg,https://gazamaps.com/storage/displacement-maps/gaza/zoom/3dxQxDLGuHXHBtqYGDfW9R7FFHM0txVmNL6dwt4M.jpg,"760, 764, 1781, 1782, 1783, 1785, 1786, 1789, 1791, 1792, 1793, 1794, 1795, 1796, 1797, 1798, 1799, 1800, 1801, 1802, 1803, 1804, 1805, 1806, 1807, 1812, 1813, 1814, 1815, 1816, 1817, 1818, 1819, 1820",,"Gaza Strip, Jabalia village",shelters in the center of Gaza City,2.98,0.0
2025-01-12,https://x.com/AvichayAdraee/status/1878314053887520887/photo/1,"#عاجل ‼️ الى سكان قطاع غزة المتواجدين في البلوك 662 (منطقة النصيرات) هذا تحذير مسبق قبل هجوم!
⭕️تطلق المنظمات الإرهابية مرة أخرى القذائف الصاروخية من هذه المنطقة المحددة التي تم تحذيرها عدة مرات في الماضي.
⭕️من أجل أمنكم، انتقلوا فوراً الى المنطقة الإنسانية https://t.co/3y0quYAOyZ","To the residents of the Gaza Strip located in Block 662 (Nuseirat area), this is a prior warning before an attack!
⭕️ Terrorist organizations are once again launching rockets from this specific area that has been warned several times in the past.
⭕️ For your own safety, move immediately to the humanitarian zone.",8:32,"Gaza Strip, Nuseirat area",,,,,humanitarian zone,https://gazamaps.com/displacement/69,https://gazamaps.com/storage/displacement-maps/gaza/idf/Ul1eJWUtYzCar3cFhIX0kkZQRnX541tk3psj1H1X.jpg,https://gazamaps.com/storage/displacement-maps/gaza/full/IIHJtxINI4laHEd3LPaiMaa1lHb42lZwBInO8YhS.jpg,https://gazamaps.com/storage/displacement-maps/gaza/zoom/M0RQt16ENLc4so0NSGe8mCojbDMPM8KBeyN0PBe9.jpg,662,"36, 37.1, 37.2, 38, 39, 40, 41, 42.1, 42.3, 43, 44, 45, 46, 47, 48, 49, 50, 51, 52, 53, 54, 55, 56, 57, 58, 59, 60, 61, 62, 63, 64, 65, 66, 67, 86, 87, 88, 89.1, 89.2, 90, 91, 92, 93, 94, 95, 96, 97, 99, 100, 101, 102, 103, 104, 105, 106, 107, 108, 109, 110, 111, 112, 126, 127, 128.1, 128.2, 129.1, 129.2, 130.1, 130.2, 131, 132, 133, 134, 135, 136, 137, 138, 139, 140, 142, 143, 144, 145, 146, 147, 148, 149, 150, 151, 218, 219, 220.1, 2232, 2244, 2245, 2250.1, 2260.1, 2270.1, 2334, 2335, 2336, 2337, 2338, 2339, 2340, 2341, 2343, 2351, 2352, 2353, 2354, 2355, 2356","Gaza Strip, Nuseirat area",humanitarian zone,0.86,72.31
2025-01-01,https://x.com/AvichayAdraee/status/1874480682493489272/photo/1,"#عاجل ‼️ الى سكان قطاع غزة المتواجدين في منطقة D3 (منطقة جباليا) وبلوكات 763, 762, 761
🔴هذا تخدير مسبق قبل الهجوم!
⭕️من جديد تطلق المنظمات الإرهابية القذائف الصاروخية من منطقتكم التي تم تحذيرها مرات عديدة في الماضي.
⭕️من أجل أمنكم، انتقلوا فوراً الى المآوي في مركز مدينة غزة https://t.co/jlqHhTqkRQ","To the residents of the Gaza Strip located in Area D3 (Jabalia area) and Blocks 763, 762, 761
🔴 This is pre-anesthesia before the attack!
⭕️ Once again, terrorist organizations are launching rockets from your area, which has been warned many times in the past.
⭕️ For your safety, move immediately to the shelters in the center of Gaza City.",18:39,"Gaza Strip, Jabalia area",,,,,shelters in the center of Gaza City,https://gazamaps.com/displacement/68,https://gazamaps.com/storage/displacement-maps/gaza/idf/CO6GCutp6D0bKk7wrB0MUpWofVusP2BXawczYyAK.jpg,https://gazamaps.com/storage/displacement-maps/gaza/full/gpaLNnTkgIyxqCmyeZCzbaLp2uJPkVCyBuNpV5xI.jpg,https://gazamaps.com/storage/displacement-maps/gaza/zoom/F6wY7j5I52dNtzJQoFtvjTtm1Hd1iNxEcw9lIf4V.jpg,"761, 762, 763, 975, 982, 983",,"Gaza Strip, Jabalia area",shelters in the center of Gaza City,1.81,0.0
2025-01-01,https://x.com/AvichayAdraee/status/1874230679648780348/photo/1,"#عاجل ‼️ الى سكان قطاع غزة المتواجدين في البلوكات: 2220-2223 (منطقة البريج)
🔴هذا تحذير مسبق قبل هجوم!
⭕️تطلق المنظمات الإرهابية القذائف الصاروخية مرة اخرى من هذه المنطقة التي تم تحذيرها عدة مرات في الماضي.
⭕️من أجل أمنكم، انتقلوا فوراً الى المنطقة الإنسانية. https://t.co/8JRho9GiPG","To the residents of the Gaza Strip located in blocks: 2220-2223 (Al-Bureij area)
🔴 This is a warning before an attack!
⭕️ Terrorist organizations are once again launching rockets from this area, which has been warned several times in the past.
⭕️ For your own safety, move immediately to the humanitarian zone.",2:06,"Gaza Strip, Al-Bureij area",,,,,humanitarian zone,https://gazamaps.com/displacement/67,https://gazamaps.com/storage/displacement-maps/gaza/idf/K5MMP1SIz6Euu6tucbcIuKJ8dDdQz4T8a31fmNXU.jpg,https://gazamaps.com/storage/displacement-maps/gaza/full/Y3an2zIUov3GVhMZ2h5i3hNZYQUSuFWFal2GCnw8.jpg,https://gazamaps.com/storage/displacement-maps/gaza/zoom/y29T5pgIbK8XTqbZWHf9iFgvsW8TESnyROQHAxQ6.jpg,"2220, 2221, 2222, 2223","36, 37.1, 37.2, 38, 39, 40, 41, 42.1, 42.3, 43, 44, 45, 46, 47, 48, 49, 50, 51, 52, 53, 54, 55, 56, 57, 58, 59, 60, 61, 62, 63, 64, 65, 66, 67, 86, 87, 88, 89.1, 89.2, 90, 91, 92, 93, 94, 95, 96, 97, 99, 100, 101, 102, 103, 104, 105, 106, 107, 108, 109, 110, 111, 112, 126, 127, 128.1, 128.2, 129.1, 129.2, 130.1, 130.2, 131, 132, 133, 134, 135, 136, 137, 138, 139, 140, 142, 143, 144, 145, 146, 147, 148, 149, 150, 151, 218, 219, 220.1, 2232, 2250.1, 2270.1, 2334, 2335, 2336, 2337, 2338, 2339, 2340, 2341, 2351, 2352, 2353, 2354, 2355, 2356","Gaza Strip, Al-Bureij area",humanitarian zone,1.23,70.49
2024-12-29,https://x.com/AvichayAdraee/status/1873389368125046808/photo/1,"#عاجل ‼️ الى سكان قطاع غزة المتواجدين في المناطق المصنفة D1, D3 وجميع البلوكات من ضمنها (مناطق النصر ومدينة العودة وحي المرابطين)
🔴هذا تخدير مسبق قبل الهجوم!
⭕️تطلق المنظمات الإرهابية القذائف الصاروخية مرة أخرى من هذه المناطق والتي تم تحذيرها عدة مرات في الماضي.
⭕️من أجل أمنكم https://t.co/KdYQ4O3gDn","To the residents of the Gaza Strip located in areas classified as D1, D3 and all blocks including (Al-Nasr, Al-Awda City and Al-Murabitun neighborhood)
🔴 This is pre-anesthesia before the attack!
⭕️ Terrorist organizations are again launching rockets from these areas, which have been warned several times in the past.
⭕️ For your safety, move immediately to the shelters in the center of Gaza City.",18:23,"Gaza Strip, Al-Nasr, Al-Awda City, Al-Murabitun neighborhood",,,,,shelters in the center of Gaza City,https://gazamaps.com/displacement/66,https://gazamaps.com/storage/displacement-maps/gaza/idf/DEDVVMwNvjqcm0AzUP9BVE5R7oD6lf37Ulsvq6fd.jpg,https://gazamaps.com/storage/displacement-maps/gaza/full/zI1kPR13jRL1dEwfCYbtKRDwjdPuXpv2F88B4WLL.jpg,https://gazamaps.com/storage/displacement-maps/gaza/zoom/JHcrYymBxA1bVsaaDJAClYlGF3wPRiPq8E7Dkr7n.jpg,"975, 978, 979, 980, 981, 982, 983",,"Gaza Strip, Al-Nasr, Al-Awda City, Al-Murabitun neighborhood",shelters in the center of Gaza City,5.05,0.0
2024-12-28,https://x.com/AvichayAdraee/status/1873019816950260170/photo/1,"#عاجل ‼️ انذار عاجل إلى كل من لم يخلي بعد المنطقة المحددة في الخريطة ومنطقة بيت حانون بالتحديد 
🔴لقد تم تحذير هذه المنطقة مرات عديدة في الماضي 
🔴يعمل جيش الدفاع في هذه المنطقة بقوة. 
🔴عليكم اخلاء المنطقة فورًا والانتقال جنوبًا نحو طريق صلاح الدين. الانتقال عبر طريق آخر يعرضكم https://t.co/UVgcMH8R9Z","Urgent warning to all those who have not yet evacuated the area specified in the map, and the Beit Hanoun area in particular.
🔴 This area has been warned many times in the past.
🔴 The IDF operates in this area with force.
🔴 You must evacuate the area immediately and move south towards Salah al-Din Road. Moving via another road puts you at risk.",17:54,Beit Hanoun,,,,,Salah al-Din Road,https://gazamaps.com/displacement/65,https://gazamaps.com/storage/displacement-maps/gaza/idf/eWEmEY2UhwTa5cA7wzEVlFtvYWtBus49TZw1EIrM.jpg,https://gazamaps.com/storage/displacement-maps/gaza/full/2tFHOE6Wsh7N2LtyikoG2fITp03jGzkyCgVqA3pd.jpg,https://gazamaps.com/storage/displacement-maps/gaza/zoom/yRp0PXXynjqsxHTFBXwp3dUze521xC9fRzFajMKP.jpg,,,Beit Hanoun,Salah al-Din Road,0.0,0.0
2024-12-23,https://x.com/AvichayAdraee/status/1871167121889100128/photo/1,"#عاجل ‼️ الى سكان قطاع غزة المتواجدين في بلوكات 889, 890, 891, 737, 734, 888 (منطقة الشجاعية)
🔴هذا تخدير مسبق قبل هجوم!
⭕️تطلق المنظمات الإرهابية القذائف الصاروخية مرة اخرى من هذه المنطقة المحددة والتي لقد تم تحذيرها عدة مرات في الماضي.
⭕️من أجل أمنكم، انتقلوا فوراً الى المآوي https://t.co/h8ADhmdcMQ","To the residents of the Gaza Strip located in Blocks 889, 890, 891, 737, 734, 888 (Shuja'iyya area)
🔴 This is pre-anesthesia before an attack!
⭕️ Terrorist organizations are again launching rockets from this specific area which has been warned several times in the past.
⭕️ For your safety, move immediately to the shelters in western Gaza City.",15:13,"Gaza Strip, Shuja'iyya area",,,,,western Gaza City,https://gazamaps.com/displacement/64,https://gazamaps.com/storage/displacement-maps/gaza/idf/8TTEQTU0dfKumsa1vQAMjrSQhL4YdtJcsUfcdd67.jpg,https://gazamaps.com/storage/displacement-maps/gaza/full/cO0LEis0WCJOXQ7JI8ikC5lyaMfpaOyKn05F7hGa.jpg,https://gazamaps.com/storage/displacement-maps/gaza/zoom/50kKpEeyBeCWEgjZMc0MLzlnkQ0Hs8wn1n8vh2VA.jpg,"734, 737, 888, 889, 890, 891",,"Gaza Strip, Shuja'iyya area",western Gaza City,0.96,0.0
2024-12-18,https://x.com/AvichayAdraee/status/1869320954826109368/photo/1,"#عاجل ‼️ الى سكان قطاع غزة المتواجدين في بلوكات 2220, 2221, 2222, 2223 (منطقة البريج)
🔴هذا تخدير مسبق قبل هجوم!
⭕️تطلق المنظمات الإرهابية القذائف الصاروخية مرة اخرى من هذه المنطقة التي تم تحذيرها عدة مرات في الماضي.
⭕️من أجل أمنكم، انتقلوا فوراً الى المنطقة الإنسانية. https://t.co/PoqiY4U06Y","To the residents of the Gaza Strip located in Blocks 2220, 2221, 2222, 2223 (Al-Bureij area)
🔴 This is pre-anesthesia before an attack!
⭕️ Terrorist organizations are once again launching rockets from this area, which has been warned several times in the past.
⭕️ For your own safety, move immediately to the humanitarian zone.",12:57,"Gaza Strip, Al-Bureij area",,,,,humanitarian zone,https://gazamaps.com/displacement/63,https://gazamaps.com/storage/displacement-maps/gaza/idf/fwTg3T3EQiNS4bNuvX5aAS0itqtsNEXjTzxC3dgt.jpg,https://gazamaps.com/storage/displacement-maps/gaza/full/pyLlxMGHP1ZXKaIhVDa9RPg8nMU5DrGDgm1GxrZO.jpg,https://gazamaps.com/storage/displacement-maps/gaza/zoom/LDKS2TYUFtXZjsKNbgR3QhESPYNLu2aobGV12l9g.jpg,"2220, 2221, 2222, 2223",,"Gaza Strip, Al-Bureij area",humanitarian zone,1.23,0.0
2024-12-14,https://x.com/AvichayAdraee/status/1867986621532099036,"#عاجل ‼️ الى كل سكان قطاع غزة المتواجدين في بلوكات 2270, 2260, 131, 2352, 2353, 2354 (منطقة القرارة ووادي السلقا)

🔴هذا تحذير مسبق قبل الهجوم! تطلق المنظمات الإرهابية القذائف الصاروخية مرة اخرى من هذه المنطقة. 

🔴المنطقة المحددة تم تحذيرها عدة مرات في الماضي. 

🔴من أجل أمنكم، https://t.co/2MZ8Y4Nq4u","To all residents of the Gaza Strip located in Blocks 2270, 2260, 131, 2352, 2353, 2354 (Al-Qarara and Wadi Al-Salqa areas)

🔴 This is a warning before the attack! Terrorist organizations are firing rockets again from this area.

🔴 The specified area has been warned several times in the past.

🔴 For your own safety, move immediately west to the humanitarian zone.",20:34,"Gaza Strip, Al-Qarara, Wadi Al-Salqa",,,,,humanitarian zone,https://gazamaps.com/displacement/62,https://gazamaps.com/storage/displacement-maps/gaza/idf/1iunogRjISJlyAVyJuQ6aYj27ZlTpAFtyNagkOYR.jpg,https://gazamaps.com/storage/displacement-maps/gaza/full/MNGY9iq9a7ORJgeXnpQOOHixSs1taOFo5tevLtG2.jpg,https://gazamaps.com/storage/displacement-maps/gaza/zoom/75y0gD1xGfvFKS3VDDLTOtZUjkcNWlnJe6P9VZdR.jpg,"131, 2260.1, 2270.1, 2270.2, 2352, 2353, 2354","36, 37.1, 37.2, 38, 39, 40, 41, 42.1, 42.3, 43, 44, 45, 46, 47, 48, 49, 50, 51, 52, 53, 54, 55, 56, 57, 58, 59, 60, 61, 62, 63, 64, 65, 66, 67, 86, 87, 88, 89.1, 89.2, 90, 91, 92, 93, 94, 95, 96, 97, 99, 100, 101, 102, 103, 104, 105, 106, 107, 108, 109, 110, 111, 112, 126, 127, 128.1, 128.2, 129.1, 129.2, 130.1, 130.2, 132, 133, 134, 135, 136, 137, 138, 139, 140, 142, 143, 144, 145, 146, 147, 148, 149, 150, 151, 218, 219, 220.1, 2232, 2250.1, 2334, 2335, 2336, 2337, 2338, 2339, 2340, 2341, 2351, 2355, 2356","Gaza Strip, Al-Qarara, Wadi Al-Salqa",humanitarian zone,6.18,66.7
2024-12-14,https://x.com/AvichayAdraee/status/1867676808331899333,"#عاجل ‼️ الى كل سكان قطاع غزة المتواجدين في منطقة D5, C2 المحددة (منطقة جنوب شرق جباليا)

🔴هذا تحذير مسبق قبل الهجوم!

⭕️تطلق المنظمات الإرهابية القذائف الصاروخية مرة اخرى من هذه المنطقة والتي تم تحذيرها عدة مرات في الماضي. 

⭕️من أجل أمنكم، انتقلوا فوراً الى المآوي في مركز https://t.co/izfXlPHEys","To all residents of the Gaza Strip located in the designated D5, C2 area (the area southeast of Jabalia)

🔴 This is a warning before the attack!

⭕️ Terrorist organizations are again launching rockets from this area, which has been warned several times in the past.

⭕️ For your safety, move immediately to the shelters in the center of Gaza City.",0:03,"Gaza Strip, southeast of Jabalia",,,,,shelters in the center of Gaza City,https://gazamaps.com/displacement/61,https://gazamaps.com/storage/displacement-maps/gaza/idf/Ii9KV5kdhiKdG0jieDYGBQzXfDJWAQzkz0wPCXU3.jpg,https://gazamaps.com/storage/displacement-maps/gaza/full/Q4ODx75rcwK2emxfK50Bs2deaiA8RR48LAcGBUSq.jpg,https://gazamaps.com/storage/displacement-maps/gaza/zoom/mQ06W8nC6GP2yAlxLcZyjtG83xmDM05dOHTgmNXa.jpg,"719, 719, 723, 723, 753, 753, 754, 754, 760, 760, 764, 764, 1781, 1781, 1782, 1782, 1783, 1783, 1785, 1785, 1786, 1786, 1789, 1789, 1791, 1791, 1792, 1792, 1793, 1793, 1794, 1794, 1795, 1795, 1796, 1796, 1797, 1797, 1798, 1798, 1799, 1799, 1800, 1800, 1801, 1801, 1802, 1802, 1803, 1803, 1804, 1804, 1805, 1805, 1806, 1806, 1807, 1807, 1812, 1812, 1813, 1813, 1814, 1814, 1815, 1815, 1816, 1816, 1817, 1817, 1818, 1818, 1819, 1819, 1820, 1820",,"Gaza Strip, southeast of Jabalia",shelters in the center of Gaza City,5.44,0.0
2024-12-12,https://x.com/AvichayAdraee/status/1867231466415177970,"#عاجل ‼️ الى سكان قطاع غزة المتواجدين في بلوكات: 703, 690, 783, 688, 784, 687 (منطقة الرمال - الصبرة) 🔴هذا تخدير مسبق قبل هجوم!

⭕️تطلق المنظمات الإرهابية القذائف الصاروخية مرة اخرى من هذه المنطقة. لقد تم تحذير هذه المنطقة المحددة عدة مرات في الماضي 

⭕️من أجل أمنكم، انتقلوا https://t.co/fGHgPfpRk4","To the residents of the Gaza Strip located in blocks: 703, 690, 783, 688, 784, 687 (Al-Rimal - Al-Sabra area) 🔴 This is a pre-attack anesthesia!

⭕️ Terrorist organizations are again launching rockets from this area. This specific area has been warned several times in the past.

⭕️ For your safety, move immediately to the shelters in the center of Gaza City.",18:34,Gaza Strip,,,,,shelters in the center of Gaza City,https://gazamaps.com/displacement/60,https://gazamaps.com/storage/displacement-maps/gaza/idf/n3srf0t27MZa4e2D9eK6w6I6xN2BSwbqTqN8cBwc.jpg,https://gazamaps.com/storage/displacement-maps/gaza/full/8Str1pGqqouEpsY5QXw1hjhMj3UCSGKxolmui8vS.jpg,https://gazamaps.com/storage/displacement-maps/gaza/zoom/8JqMmrFmYQiZ822CozdooPhKZYGDOkoSBpXgjCap.jpg,"687, 688, 690, 703, 783, 784",,Gaza Strip,shelters in the center of Gaza City,1.82,0.0
2024-12-11,https://x.com/avichayadraee/status/1866772820073623970,"#عاجل ‼️ الى كل سكان قطاع غزة المتواجدين في بلوكات 2232, 2244, 2245, 2343, 2340 (منطقة المغازي) 

⭕️تطلق المنظمات الإرهابية القذائف الصاروخية مرة أخرى باتجاه دولة اسرائيل من منطقتكم. 

⭕️هذه المنطقة المحددة قد تم تحذيرها في السابق عدة مرات. 

⭕️من أجل أمنكم, عليكم اخلاء هذه https://t.co/wmuN9tCLP0","To all residents of the Gaza Strip located in Blocks 2232, 2244, 2245, 2343, 2340 (Maghazi area)

⭕️ Terrorist organizations are again firing rockets towards the State of Israel from your area.

⭕️ This particular area has been warned several times before.

⭕️ For your own safety, you must evacuate this area immediately and move to the humanitarian zone.",12:11,"Gaza Strip, Maghazi area",,,,,humanitarian zone,https://gazamaps.com/displacement/59,https://gazamaps.com/storage/displacement-maps/gaza/idf/uZ0cyBJmGI8p7iVEpyBTagT9BAgXTJxETDl3Cgvp.jpg,https://gazamaps.com/storage/displacement-maps/gaza/full/1xmd4xoDgbqw4ZnKCnxBaWebdka8ZsdfYyjp8604.jpg,https://gazamaps.com/storage/displacement-maps/gaza/zoom/kTtpFL19BtMUMBxYej1ld9yrc0QtLtLNe1C0OOnu.jpg,"2232, 2244, 2245, 2340, 2343","36, 37.1, 37.2, 38, 39, 40, 41, 42.1, 42.3, 43, 44, 45, 46, 47, 48, 49, 50, 51, 52, 53, 54, 55, 56, 57, 58, 59, 60, 61, 62, 63, 64, 65, 66, 67, 86, 87, 88, 89.1, 89.2, 90, 91, 92, 93, 94, 95, 96, 97, 99, 100, 101, 102, 103, 104, 105, 106, 107, 108, 109, 110, 111, 112, 126, 127, 128.1, 128.2, 129.1, 129.2, 130.1, 130.2, 131, 132, 133, 134, 135, 136, 137, 138, 139, 140, 142, 143, 144, 145, 146, 147, 148, 149, 150, 151, 218, 219, 220.1, 2250.1, 2260.1, 2270.1, 2336, 2337, 2338, 2339, 2351, 2352, 2353, 2354, 2355, 2356","Gaza Strip, Maghazi area",humanitarian zone,3.19,67.45
2024-12-02,https://x.com/AvichayAdraee/status/1863660670685941803,"#عاجل ‼️ الى سكان قطاع غزة المتواجدين في منطقة شمال خانيونس وتحديدًا في بلوكات 2352, 2353, 2354, 2355, 2270. 

⭕️تطلق المنظمات الإرهابية القذائف الصاروخية مرة أخرى تجاه دولة اسرائيل من منطقتكم. لقد تم تحذير المنطقة المحددة عدة مرات في السابق.

⭕️من أجل أمنكم, عليكم اخلاء المنطقة https://t.co/qmsNtQGksY"," To the residents of the Gaza Strip located in the northern Khan Yunis area, specifically in Blocks 2352, 2353, 2354, 2355, and 2270.

⭕️ Terrorist organizations are again firing rockets at the State of Israel from your area. The specified area has been warned several times in the past.

⭕️ For your own safety, you must evacuate the area immediately and move to the humanitarian zone.",22:05,"Gaza Strip, Khan Yunis",,,,,humanitarian zone,https://gazamaps.com/displacement/58,https://gazamaps.com/storage/displacement-maps/gaza/idf/Yjc5pcKqrIZ3uhN63m1CpqwdpSJWNem5VavuWb3R.jpg,https://gazamaps.com/storage/displacement-maps/gaza/full/urPWZnSQb7kNhp0JQodY0tM0iBrXQxomW8zALbzW.jpg,https://gazamaps.com/storage/displacement-maps/gaza/zoom/bRqXcMdmhgTbWhp6XVEvcuGx3IKnN1iC2sLWz0sX.jpg,"2270.1, 2270.2, 2352, 2353, 2354, 2355","36, 37.1, 37.2, 38, 39, 40, 41, 42.1, 42.3, 43, 44, 45, 46, 47, 48, 49, 50, 51, 52, 53, 54, 55, 56, 57, 58, 59, 60, 61, 62, 63, 64, 65, 66, 67, 86, 87, 88, 89.1, 89.2, 90, 91, 92, 93, 94, 95, 96, 97, 99, 100, 101, 102, 103, 104, 105, 106, 107, 108, 109, 110, 111, 112, 126, 127, 128.1, 128.2, 129.1, 129.2, 130.1, 130.2, 131, 132, 133, 134, 135, 136, 137, 138, 139, 140, 142, 143, 144, 145, 146, 147, 148, 149, 150, 151, 218, 219, 220.1, 2232, 2250.1, 2260.1, 2260.1, 2336, 2337, 2338, 2339, 2351, 2356","Gaza Strip, Khan Yunis",humanitarian zone,4.85,65.64
2024-11-23,https://x.com/AvichayAdraee/status/1860360245123399904,"#عاجل ‼️ انذار عاجل الى سكان قطاع غزة المتواجدين في بلوكات 731, 732, 733, 634

⭕️تطلق المنظمات الإرهابية القذائف الصاروخية مرة أخرى اتجاه دولة اسرائيل من منطقتكم. 

⭕️هذه المنطقة تم تخذيرها عدة مرات في الماضي.

⭕️من أجل أمنكم، عليكم اخلائها فوراً جنوباً https://t.co/6cyZT2H3Z2","Urgent warning to residents of the Gaza Strip located in Blocks 731, 732, 733, and 634

⭕️ Terrorist organizations are once again firing rockets towards the State of Israel from your area.

⭕️ This area has been anesthetized several times in the past.

⭕️ For your own safety, you must evacuate immediately to the south.",19:30,Gaza Strip,,,,,Unknown,https://gazamaps.com/displacement/57,https://gazamaps.com/storage/displacement-maps/gaza/idf/F2H228qQyD86hePEHa1sB1HMEvkTic7c0pqyKsCH.jpg,https://gazamaps.com/storage/displacement-maps/gaza/full/x4VpDTgnfzV4JDndg7cGUuARSgJYXqiRUTh7OUVw.jpg,https://gazamaps.com/storage/displacement-maps/gaza/zoom/eU4I5h0l4VFVJymZBa9K7oi72Xb6i0KW1wZPmrNm.jpg,"634, 731, 732, 733",,Gaza Strip,south,1.86,0.0
2024-11-11,,,,,Unknown,,,https://idfleaflets.com/35,"Urgent Warning!

South of Salah al-Din

Jabalia

To all those still in the area and in the shelter, you are putting your lives in danger!

For your safety, move immediately south toward the Salah al-Din axis.

Any other movement puts you in danger!",Unknown,,,,,,,Jabalia,Salah al-Din,,
2024-11-07,https://x.com/AvichayAdraee/status/1854518006581199092/photo/1,"#عاجل 🔴 الى كل السكان المتواجدين في قطاع غزة وتحديدًا في أحياء شمال الشاطئ، النصر، عبد الرحمن، مدينة العودة والكرامة.
⭕️تعود المنظمات الإرهابية وتطلق مرة أخرى قذائف صاروخية تجاه دولة اسرائيل.  
⭕️لقد تم تخذير المنطقة المحددة عدة مرات في السابق. نخبركم ان المنطقة المحددة تعتبر https://t.co/IMHqiyUKSE"," 🔴 To all residents of the Gaza Strip, specifically in the neighborhoods of North Beach, Al-Nasr, Abd al-Rahman, and Madinat Al-Awda and Al-Karama.
⭕️ Terrorist organizations are once again firing rockets at the State of Israel.
⭕️ The marked area has been previously alerted several times. We are informing you that the marked area is considered a dangerous combat zone. For your own safety, move immediately south.",16:35,"North Beach, Al-Nasr, Abd al-Rahman, Madinat Al-Awda, Al-Karama",,,,,Unknown,https://gazamaps.com/displacement/55,https://gazamaps.com/storage/displacement-maps/gaza/idf/dCSUX4hZg7gM028hLQaq3VXKOkVesOcFoJkyusZR.jpg,https://gazamaps.com/storage/displacement-maps/gaza/full/evdRuQdGgYmqrWYuzeOphAOp6CFANaUT0HZ55fmS.jpg,https://gazamaps.com/storage/displacement-maps/gaza/zoom/BUxeJRYnQ8ekBPRvF3XaX89inK7p8NNHdZ3S6lul.jpg,"762, 763, 766, 767, 768, 769, 770, 771, 980, 981, 982, 983",,"Gaza Strip, north Al-Shati, Al-Nasr, Abd al-Rahman, Madinat Al-Awda, Al-Karama",south,3.78,0.0
2024-11-01,,,,,Unknown,,,https://idfleaflets.com/34,"Urgent Warning!

South of Salah al-Din

Jabalia

To all those present in the shelters and the Intermediate School A for Boys, Mahdi al-Shawa Secondary School for Boys, Ghazi al-Shawa Intermediate School, and Khalil Awida Intermediate School, you are in a dangerous combat zone. For your safety, move immediately south along Salah al-Din Road.

Any movement in the opposite direction puts your lives in danger",Unknown,,,,,,,"Jabalia, Intermediate School A for Boys, Mahdi al-Shawa Secondary School for Boys, Ghazi al-Shawa Intermediate School, Khalil Awida Intermediate School",Salah al-Din,,
2024-10-26,https://x.com/AvichayAdraee/status/1850132629703585913,"#عاجل جيش الدفاع يوسع المنطقة الإنسانية في المواصي

يعلن جيش الدفاع عن توسيع المنطقة الإنسانية في المواصي والتي تحتوي على مستشفيات ميدانية تم انشائها منذ مطلع الحرب ومجمعات خيم ومواد للمآوي وتموين من الغذاء والمياه والأدوية والمستلزمات الطبية التي تم ادخالها بتنسيق مع المجتمع https://t.co/g8o0wzb9U4","The IDF expands the humanitarian zone in Al-Mawasi.

The IDF announces the expansion of the humanitarian zone in Al-Mawasi, which includes field hospitals established since the beginning of the war, tent complexes, shelter materials, and food, water, medicine, and medical supplies brought in in coordination with the international community.

The IDF will continue to work to achieve the war's objectives, which include dismantling Hamas and returning all the abducted soldiers.",14:09,Unknown,,,,,Unknown,https://gazamaps.com/displacement/54,https://gazamaps.com/storage/displacement-maps/gaza/idf/bThd0F0sQcvTHz62YdlLNn3qORKZ7JkcatHwRWGA.jpg,https://gazamaps.com/storage/displacement-maps/gaza/full/7sjKaY3FnH2FBaUXtQjLZHdQgtYfzA4uJDJ63H8o.jpg,https://gazamaps.com/storage/displacement-maps/gaza/zoom/c7wcx7GidPEtcuwNvidstEzU2fvwIEboAZGnonhn.jpg,,"36, 37.1, 37.2, 38, 39, 40, 41, 42.1, 43, 44, 45, 46, 47, 48, 49, 50, 51, 54, 55, 56, 57, 58, 59, 60, 61, 62, 63, 64, 65, 66, 67, 86, 87, 88, 89.1, 89.2, 90, 91, 92, 93, 94, 95, 96, 97, 99, 100, 101, 102, 103, 104, 105, 106, 107, 108, 109, 110, 111, 112, 126, 127, 128.1, 128.2, 129.1, 129.2, 130.1, 130.2, 131, 132, 133, 134, 135, 136, 137, 138, 139, 140, 142, 143, 144, 145, 146, 147, 148, 149, 150, 151, 2232, 2250.1, 2260.1, 2270.1, 2336, 2337, 2338, 2339, 2351, 2352, 2353, 2354, 2355, 2356",Unknown,Al-Mawasi,0.0,66.77
2024-10-22,,,,,Unknown,,,https://idfleaflets.com/33,"Urgent Warning!

Beit Lahia General

Indonesian Hospital

Al-Awda

To all those in shelters and hospitals, you are in a dangerous combat zone.

For your safety, move immediately toward the Indonesian Hospital via Al-Awda Street and Beit Lahia General Street.

Any movement in the other direction puts your lives in danger!",Unknown,,,,,,,Unknown,"Beit Lahia General, Indonesian Hospital, Al-Awda",,
2024-10-12,https://x.com/AvichayAdraee/status/1844966449091100695,"رسالة هامة إلى سكان #غزة ‼️ 

🔴 إلى المتواجدين في منطقة D5 
جيش الدفاع يعمل بقوة شديدة ضد المنظمات الإرهابية وسيواصل ذلك ولفترة طويلة. المنطقة المحددة بما فيها المآوي الموجودة فيها تعتبر منطقة قتال خطيرة. 
يجب اخلاء المنطقة فورًا عبر شارع صلاح الدين إلى المنطقة الإنسانية. https://t.co/ctOCWjyVc8","Important message to residents of #Gaza‼️ 

🔴 in the D5 area
The IDF is operating with great force against terrorist organizations and will continue to do so for a long time. The designated area, including the shelters located within it, is considered a dangerous combat zone.
The area must be evacuated immediately via Salah El-Din Street to the humanitarian zone.",8:00,Gaza,,,,,humanitarian zone,https://gazamaps.com/displacement/53,https://gazamaps.com/storage/displacement-maps/gaza/idf/4dhy0nH65pz1NVpnApu0GSwAhFwqojQs1iHv4T0Z.jpg,https://gazamaps.com/storage/displacement-maps/gaza/full/7366wFCauoXIdPC5mruRfrDKxrx5Jl13jbtK25H1.jpg,https://gazamaps.com/storage/displacement-maps/gaza/zoom/2o7p8QVB2BaEJx7JKAZi2br0JsIGh9z1AN9wU4AL.jpg,"760, 764, 1781, 1782, 1783, 1785, 1786, 1789, 1791, 1792, 1793, 1794, 1795, 1796, 1797, 1798, 1799, 1800, 1801, 1802, 1803, 1804, 1805, 1806, 1807, 1812, 1813, 1814, 1815, 1816, 1817, 1818, 1819, 1820",,Gaza,"humanitarian zone, Salah El-Din",2.98,0.0
2024-10-08,,,,,Unknown,,,https://idfleaflets.com/32,"The IDF will operate with extreme force in the coming weeks. Anyone who has not evacuated must evacuate immediately via Trans Road to Salah al-Din Street, which is considered a humanitarian route south to the humanitarian area in al-Mawasi.

Forewarned is forearmed

IDF

Salah El-Din Street

08:00-17:00",Unknown,,,,,,,Unknown,"Salah al-Din, Al-Mawasi",,
2024-10-07,https://x.com/AvichayAdraee/status/1843232028302721501,#عاجل ‼️ إلى كل المتواجدين في منطقة بني سهيلا والمحطة والشيخ ناصر ومعن في جنوب قطاع غزة. نظرًا لأعمال حماس الأرهابية والتي ستواجه بقوة شديدة عليكم اخلاء هذه المناطق فورًا والانتقال إلى المنطقة الإنسانية في المواصي https://t.co/qUH2N0VYlU,"To all those present in the Bani Suhaila, Al-Mahta, Sheikh Nasser and Ma'an areas in the southern Gaza Strip. Due to Hamas' terrorist actions, which will be met with extreme force, you must evacuate these areas immediately and move to the humanitarian area in Al-Mawasi.",13:08,"Bani Suhaila, Al-Mahta, Sheikh Nasser, Ma'an",,,,,Al-Mawasi,https://gazamaps.com/displacement/51,https://gazamaps.com/storage/displacement-maps/gaza/idf/wCEctTUvQC68L2KPEp3w7LpTlg4xuCj0ZeJyTFlV.jpg,https://gazamaps.com/storage/displacement-maps/gaza/full/4y4qPECvJwMB0u26tRDYybSrxGkwwtvZSeT2Mf7J.jpg,https://gazamaps.com/storage/displacement-maps/gaza/zoom/YHnu3FKnL5RW2jPwq15EAaeqzMs0dceivxbp0iDO.jpg,"41, 42.1, 42.2, 42.3, 44, 45, 50, 51, 52, 53, 54, 55, 57, 58, 215, 216, 217, 218, 219, 220.1, 220.2, 221, 223","36, 37.1, 38, 40, 43, 46, 47, 48, 49, 56, 59, 60, 61, 62, 63, 64, 65, 66, 67, 86, 87, 88, 89.1, 89.2, 90, 91, 92, 93, 94, 95, 96, 97, 99, 100, 101, 102, 103, 104, 105, 106, 107, 108, 109, 110, 111, 112, 128.1, 128.2, 129.1, 129.2, 130.1, 130.2, 132, 133, 134, 135, 136, 137, 138, 139, 140, 142, 143, 144, 145, 146, 147, 148, 149, 150, 151, 2336, 2337, 2338, 2339, 2351, 2352, 2353, 2354, 2355, 2356","Bani Suhaila, Al-Mahta, Sheikh Nasser, Ma'an",Al-Mawasi,9.34,54.72
2024-10-07,https://x.com/AvichayAdraee/status/1843215402358178136,"#عاجل ‼️ إلى سكان بيت حانون وجباليا وبيت لاهيا وجميع السكان المتواجدين في مناطق الاخلاء A1-3, D6, D2, B1-3
⭕️تعمل قوات جيش الدفاع في هذه الأثناء بقوة شديدة في المنطقة.
⭕️من أجل سلامتكم عليكم اخلاء هذه المناطق فورًا نحو المنطقة الإنسانية المستحدثة في المواصي
⭕️شارع صلاح الدين متاح https://t.co/8qyt1eZOT8","To the residents of Beit Hanoun, Jabalia, Beit Lahia and all residents in evacuation areas A1-3, D6, D2, B1-3
⭕️ IDF forces are currently operating with great force in the area.
⭕️ For your safety, you must evacuate these areas immediately towards the newly created humanitarian area in Al-Mawasi.
⭕️ Salah El-Din Street is available to you as a humanitarian movement axis towards the southern Gaza Strip area and will be open for movement between the hours of 08:00-17:00",12:02,"Beit Hanoun, Jabalia, Beit Lahia",,,,,Al-Mawasi,https://gazamaps.com/displacement/56,https://gazamaps.com/storage/displacement-maps/gaza/idf/ATwjs2Dbk9Khh2S4PKVUgUdv04ZyKDwdVnaQJFJk.jpg,https://gazamaps.com/storage/displacement-maps/gaza/full/ENNmlGNO05C9R5l1GPVu2VFg25rV6T2bppfoN3GA.jpg,https://gazamaps.com/storage/displacement-maps/gaza/zoom/vt6grJn6RNR8n9hb8N2lqxPCBZ4qkdpeqhdz0FPR.jpg,,,"Beit Hanoun, Jabalia, Beit Lahia","Al-Mawasi, Salah El-Din",0.0,0.0
2024-10-06,https://x.com/AvichayAdraee/status/1842791821409149136,"#عاجل ‼️ إلى سكان شمال قطاع غزة،
⭕️حماس الارهابية تواصل محاولاتها ترسيخ بنيتها الإرهابية في منطقتكم مستغلة السكان والمآوي والمنشات الصحية درعًا بشريًا.

⭕️ينشر جيش الدفاع صباح اليوم خريطة الاخلاء الجديدة في منطقة شمال قطاع غزة والتي تهدف إلى التواصل معكم وإصدار أوامر الاخلاء وفق https://t.co/Gx4MPuajUj","To the residents of the northern Gaza Strip,
⭕️ The terrorist organization Hamas continues its attempts to establish its terrorist infrastructure in your region, exploiting the population, shelters, and health facilities as a human shield.

⭕️ This morning, the IDF is publishing a new evacuation map for the northern Gaza Strip. The map aims to communicate with you and issue evacuation orders, as necessary, to larger areas, including several blocks, according to residential neighborhoods. I remind you that the northern Gaza Strip is still considered a dangerous combat zone.

⭕️ I also inform you about the open humanitarian transportation and evacuation routes towards the humanitarian zone in Al-Mawasi, which are Rashid Street (the sea) and Salah El-Din Street. Take advantage of these two routes to move.

⭕️ I also inform you that the humanitarian area has been expanded and you can see its full area in the attached map.

⭕️ The IDF will continue to operate forcefully against terrorist organizations wherever they operate within the Gaza Strip.",7:59,northern Gaza Strip,,,,,Al-Mawasi,https://gazamaps.com/displacement/104,https://gazamaps.com/storage/displacement-maps/gaza/idf/SCWIOwsoWH6uP6ysa22aWrZksRyzDYUzDlF9W4bj.jpg,https://gazamaps.com/storage/displacement-maps/gaza/full/5eXZMPeBbYk0UDFUITrNRrvDfSg3U1zIsQg4iozc.jpg,https://gazamaps.com/storage/displacement-maps/gaza/zoom/kEChn5TbVJuDZE4T82qg0MuRhTTjpc6mmOHDpBci.jpg,,,northern Gaza Strip,"Al-Mawasi, Rashid Street, Salah El-Din",0.0,0.0
2024-10-06,https://x.com/AvichayAdraee/status/1842791821409149136,"#عاجل ‼️ إلى سكان شمال قطاع غزة،
⭕️حماس الارهابية تواصل محاولاتها ترسيخ بنيتها الإرهابية في منطقتكم مستغلة السكان والمآوي والمنشات الصحية درعًا بشريًا.

⭕️ينشر جيش الدفاع صباح اليوم خريطة الاخلاء الجديدة في منطقة شمال قطاع غزة والتي تهدف إلى التواصل معكم وإصدار أوامر الاخلاء وفق https://t.co/Gx4MPuajUj","To the residents of the northern Gaza Strip,
⭕️ The terrorist organization Hamas continues its attempts to establish its terrorist infrastructure in your region, exploiting the population, shelters, and health facilities as a human shield.

⭕️ This morning, the IDF is publishing a new evacuation map for the northern Gaza Strip. The map aims to communicate with you and issue evacuation orders, as necessary, to larger areas, including several blocks, according to residential neighborhoods. I remind you that the northern Gaza Strip is still considered a dangerous combat zone.

⭕️ I also inform you about the open humanitarian transportation and evacuation routes towards the humanitarian zone in Al-Mawasi, which are Rashid Street (the sea) and Salah El-Din Street. Take advantage of these two routes to move.

⭕️ I also inform you that the humanitarian area has been expanded and you can see its full area in the attached map.

⭕️ The IDF will continue to operate forcefully against terrorist organizations wherever they operate within the Gaza Strip.",7:59,northern Gaza Strip,,,,,Al-Mawasi,https://gazamaps.com/displacement/50,https://gazamaps.com/storage/displacement-maps/gaza/idf/NGQK7uE2KDvN1ZbqqBZaY2jMGyG9jDU9PQZx1UcV.jpg,https://gazamaps.com/storage/displacement-maps/gaza/full/m4NC5suOy4knDaiQCEuFpF33Z4mOAVqXIFAniATt.jpg,https://gazamaps.com/storage/displacement-maps/gaza/zoom/zB9tFRVz5bynMkwJgR8XZTyltn46wb7yR3YpAnwA.jpg,,"36, 37.1, 38, 40, 41, 43, 44, 46, 47, 48, 49, 56, 59, 60, 61, 62, 63, 64, 65, 66, 67, 86, 87, 88, 89.1, 89.2, 90, 91, 92, 93, 94, 95, 96, 97, 99, 100, 101, 102, 103, 104, 105, 106, 107, 108, 109, 110, 111, 112, 128.1, 128.2, 129.1, 129.2, 130.1, 130.2, 132, 133, 134, 135, 136, 137, 138, 139, 140, 142, 143, 144, 145, 146, 147, 148, 149, 150, 151, 2336, 2337, 2338, 2339, 2351, 2352, 2353, 2354, 2355, 2356",northern Gaza Strip,"Al-Mawasi, Rashid Street, Salah El-Din",0.0,56.27
2024-10-05,https://x.com/AvichayAdraee/status/1842472123413000417,"#عاجل إلى سكان قطاع غزة المتواجدين في البلوكات التالية: 660, 664-666, 2210, 2220, 2221, 2314-2316, 2322
⭕️تواصل حماس والمنظمات الارهابية أنشطتها الإرهابية داخل منطقتكم وبناء على ذلك سيعمل جيش الدفاع بقوة شديدة ضد هذه العناصر. 
⭕️من أجل سلامتكم اخلوا هذه المناطق فورًا نحو المنطقة https://t.co/7fWHrBLcRo","To the residents of the Gaza Strip located in the following blocks: 660, 664-666, 2210, 2220, 2221, 2314-2316, 2322
⭕️ Hamas and the terrorist organizations continue their terrorist activities within your area and accordingly the IDF will act with great force against these elements.
⭕️ For your safety, evacuate these areas immediately to the humanitarian zone.",10:49,Gaza Strip,,,https://idfleaflets.com/31,"To all those present in the Bureij and Nuseirat camps in blocks 2314, 2318, 2315, 2325, 664, 665, 666, 660, 2221, 2210, 2220

Hamas and the terrorist organizations continue their terrorist activities in your area. The IDF will act forcefully against them.

For your safety, evacuate immediately to the humanitarian zone. Forewarned is forearmed.

IDF

Saladin Road",Unknown,https://gazamaps.com/displacement/49,https://gazamaps.com/storage/displacement-maps/gaza/idf/ZYCvdy2fDmv1XQadXeqa6XFnbhTv1RvzyILR4bjv.jpg,https://gazamaps.com/storage/displacement-maps/gaza/full/2RzSo9MA4BUW65y32p5Y7qxmmXH3bwzS66gr4oDc.jpg,https://gazamaps.com/storage/displacement-maps/gaza/zoom/MDbYfLhMR1h0Vq3wqpyi2MeaQ5JEETxeYbivOsku.jpg,"660, 664, 665, 666, 2210, 2220, 2221, 2314, 2315, 2316, 2322","36, 40, 43, 46, 47, 63, 64, 88, 89.1, 89.2, 90, 91, 92, 93, 94, 95, 96, 97, 99, 100, 106, 107, 108, 109, 110, 111, 112, 128.1, 128.2, 129.1, 129.2, 130.1, 130.2, 132, 133, 134, 135, 136, 137, 138, 139, 140, 142, 143, 144, 145, 146, 147, 148, 149, 150, 151, 2336, 2337, 2338, 2339, 2351, 2356",Gaza Strip,humanitarian zone,7.5,46.07
2024-09-30,,,,,Unknown,,,https://idfleaflets.com/30,The area north of Wadi Gaza is a dangerous battle field. It is forbidden to enter that area.,Unknown,,,,,,,north of Wadi Gaza,Unknown,,
2024-09-14,https://x.com/AvichayAdraee/status/1834940180823707885,"#عاجل ‼️ الى كل المتواجدين في أحياء المنشية، الشيخ زايد ومشروع بيت لاهيا: 

⭕️المنظمات الإرهابية تطلق مرة اخرى القذائف الصاروخية وتواصل العمليات الإرهابية نحو دولة اسرائيل. 

⭕️تم تحذير المنطقة المحددة مرات عديدة. المنطقة المحددة تعتبر منطقة قتال خطيرة

⭕️نؤكد ان الاخلاء لا يشمل https://t.co/ZECOTJNhvj","To all those present in the neighborhoods of Al-Manshiya, Sheikh Zayed and Beit Lahia project:

⭕️ Terrorist organizations are once again firing rockets and continuing terrorist operations against the State of Israel.

⭕️ The specified area has been warned numerous times. The specified area is considered a dangerous combat zone.

⭕️ We confirm that the evacuation does not include medical facilities in the area.",16:00,"Al-Manshiya, Sheikh Zayed, Beit Lahia project",,,,,Unknown,https://gazamaps.com/displacement/47,https://gazamaps.com/storage/displacement-maps/gaza/idf/v0tOpSb6Y2bn72RZCLwFwI4IfK3DiHin6E97UU5e.jpg,https://gazamaps.com/storage/displacement-maps/gaza/full/dVUHk1SZoqap9SWB1LMJDBeX20fz2FyYPJAN2UtR.jpg,https://gazamaps.com/storage/displacement-maps/gaza/zoom/r7BAPMljk2aPhYqCmqu7XJ6cPliOkwvb2Tb9sIhF.jpg,"1765, 1767, 1769, 1770, 1778",,"Al-Manshiya, Sheikh Zayed, Beit Lahia project",Unknown,1.98,0.0
2024-09-09,https://x.com/AvichayAdraee/status/1833079119011078357,"#عاجل ‼️ الى كل المتواجدين في المنطقة المحددة 
⭕️المنظمات الإرهابية تطلق مرة أخرى قذائف صاروخية نحو دولة اسرائيل وتنفذ أعمالًا إرهابية من هذه المنطقة 
⭕️تم تحذير المنطقة المحددة مرات عديدة في الماضي
⭕️المنطقة المحددة تعتبر منطقة قتال خطيرة. https://t.co/0q355414el","To all those present in the specified area
⭕️ Terrorist organizations are once again firing rockets at the State of Israel and carrying out terrorist acts from this area.
⭕️ The specified area has been warned many times in the past.
⭕️ The specified area is considered a dangerous combat zone.",12:44,Unknown,,,,,Unknown,https://gazamaps.com/displacement/46,https://gazamaps.com/storage/displacement-maps/gaza/idf/zi3vlNFigQyNY7LmlcbMuSgfnNHTgtXTJX5RzYdc.jpg,https://gazamaps.com/storage/displacement-maps/gaza/full/xp4Tg6Ul4gxX8D0gn2JeUvD7ASWaskcAS9T9mEPO.jpg,https://gazamaps.com/storage/displacement-maps/gaza/zoom/sUTWxniloJV8JlQNN18Fy6SEYfWSA0jhwXBbBVyR.jpg,"973, 974, 978, 979, 984, 1738, 1739, 1742, 1743",,Unknown,Unknown,4.77,0.0
2024-08-30,https://x.com/AvichayAdraee/status/1829447461598822613,"#عاجل ‼️ إلى السكان والنازحين المتواجدين في البلوكات 36, 2356 وفي الجزء الشمالي لبلوك 89 وفي أحياء حمد والجلاء والقرارة 

بعد أنشطة جيش الدفاع ضد المنظمات الإرهابية في المنطقة يمكنكم العودة إلى هذه البلوكات.

في هذه الأثناء ستتم ملاءمة المنطقة الإنسانية وسيتم تصنيف تلك المناطق من https://t.co/7E3UmvgaOa","To the residents and displaced persons in Blocks 36, 2356, the northern part of Block 89, and the neighborhoods of Hamad, Al-Jalaa, and Al-Qarara

After the IDF's activities against terrorist organizations in the area, you may return to these blocks.

In the meantime, the humanitarian zone will be adapted and those areas will from now on be classified as part of the humanitarian zone.",12:13,"Hamad, Al-Jalaa, Al-Qarara",,,,,Unknown,https://gazamaps.com/displacement/45,https://gazamaps.com/storage/displacement-maps/gaza/idf/17bVuInXxEar8tCZoe42q1B3CMOYgVDzJn0266w5.jpg,https://gazamaps.com/storage/displacement-maps/gaza/full/Yz6ByArv3XgDWTkxLq99wGCsS82jtMC3RMh0uk3M.jpg,https://gazamaps.com/storage/displacement-maps/gaza/zoom/QPwf7pVMWjqKcJfDeQJJEbatD0O8uNfUGODloTR1.jpg,,"36, 40, 43, 46, 47, 63, 64, 88, 89.1, 89.2, 90, 91, 92, 93, 94, 95, 96, 97, 99, 100, 106, 107, 108, 109, 110, 111, 112, 128.1, 128.2, 129.1, 129.2, 130.1, 130.2, 132, 133, 134, 135, 136, 137, 138, 139, 140, 142, 143, 144, 145, 146, 147, 148, 149, 150, 151, 2336, 2337, 2338, 2339, 2351, 2356","Hamad, Al-Jalaa, Al-Qarara",Unknown,0.0,46.07
2024-08-29,https://x.com/AvichayAdraee/status/1829115649714487673/photo/1,"#عاجل ‼️ إلى السكان والنازحين المتواجدين في بلوكات 128, 129, 130 في أحياء دير البلح الجنوبية وفي دير البلح البلد: 

‼️بعد العمليات التي استهدفت المنظمات الارهابية في المنطقة يسمح جيش الدفاع بالعودة إلى تلك البلوكات الموجودة داخل المنطقة الإنسانية https://t.co/kRoA8rUiX5","To the residents and displaced persons located in Blocks 128, 129, and 130 in the southern neighborhoods of Deir al-Balah and in Deir al-Balah town:

‼️ After operations targeting terrorist organizations in the area, the IDF allows the return to those blocks located within the humanitarian zone.",14:15,Deir al-Balah,,,,,Unknown,https://gazamaps.com/displacement/43,https://gazamaps.com/storage/displacement-maps/gaza/idf/3x3dXfFj3OTiCc6neqddZs6jGClZogKfkbFLEhgs.jpg,https://gazamaps.com/storage/displacement-maps/gaza/full/v87yMCEBWrgKth1uHMw4woU2cwwKrTdll9D6XNS3.jpg,https://gazamaps.com/storage/displacement-maps/gaza/zoom/ZgnRAbG5BHOOO7ZS0V0Hh1PmqhLzDVb9HOTNKTm2.jpg,,"40, 43, 46, 47, 63, 64, 88, 89.1, 90, 91, 92, 93, 94, 95, 96, 97, 99, 100, 106, 107, 108, 109, 110, 111, 112, 128.1, 128.2, 129.1, 129.2, 130.1, 130.2, 132, 133, 134, 135, 136, 137, 138, 139, 140, 142, 143, 144, 145, 146, 147, 148, 149, 150, 151, 2336, 2337, 2338, 2339, 2351",Deir al-Balah,Unknown,0.0,40.47
2024-08-25,https://x.com/AvichayAdraee/status/1827715577940750418/photo/1,"**#عاجل ‼️ الى كل السكان والنازحين المتواجدين في حارة دير البلح البلد في بلوك 128 في المنطقة المحددة في الخارطة. 

⭕️جيش الدفاع سوف يعمل بقوة ضد حماس والمنظمات الإرهابية في منطقتكم. 

⭕️من أجل امنكم، اخلوا فوراً غرباً. 

⭕️المنطقة التي تتواجدون فيها تعتبر منطقة قتال خطيرة. https://t.co/jhviffDadG","To all residents and displaced persons in the Deir al-Balah neighborhood in Block 128 in the area specified on the map.

⭕️ The IDF will act forcefully against Hamas and the terrorist organizations in your area.

⭕️ For your own safety, evacuate immediately to the west.

⭕️ The area you are in is considered a dangerous combat zone.",17:32,Deir al-Balah,,,,,Unknown,https://gazamaps.com/displacement/39,https://gazamaps.com/storage/displacement-maps/gaza/idf/qU3uKp3NVutwS0M4Upb9OT6KtordfI4X0Cgpx454.jpg,https://gazamaps.com/storage/displacement-maps/gaza/full/wzzAtHtv47CnjXeikCO9VtCw3TauwCOtHapvK8hh.jpg,https://gazamaps.com/storage/displacement-maps/gaza/zoom/Gg9gn1kj8GNvP4MbiUbgydNSza5W7d6tmJw6ZeSP.jpg,128.2,"40, 43, 46, 47, 63, 64, 88, 89.1, 90, 91, 92, 93, 94, 95, 96, 97, 99, 100, 106, 107, 108, 109, 110, 111, 112, 128.1, 129.1, 129.2, 130.1, 130.2, 132, 133, 134, 135, 136, 137, 138, 139, 140, 142, 143, 144, 145, 146, 147, 148, 149, 150, 151, 2336, 2337, 2338, 2339, 2351",Deir al-Balah,west,0.37,40.1
2024-08-24,https://x.com/AvichayAdraee/status/1827292746140299572/photo/1,"#عاجل ‼️ الى كل المتواجدين في منطقة بلديات المصدر والمغازي والحارات البساتين، الانصار، الديمثاء، الصفا، السدره, شرق دير البلح والمفرق الشرقي لدير البلح والمتواجدين بجانب شارع صلاح الدين في هذه المنطقه وتحديدًا في بلوكات 125, 126, 2231, 2232:

⭕️من أجل أمنكم، اخلوا المناطق فوراً https://t.co/NKA5aRmFor","To all those present in the area of ​​the municipalities of Al-Masdar, Al-Maghazi, and the neighborhoods of Al-Basatin, Al-Ansar, Al-Dimetha, Al-Safa, Al-Sidra, East Deir Al-Balah, and the eastern junction of Deir Al-Balah, and those present next to Salah Al-Din Street in this area, specifically in Blocks 125, 126, 2231, 2232:

⭕️ For your own safety, evacuate the areas immediately and move to the humanitarian zone.",13:31,"Al-Masdar, Al-Maghazi, Al-Basatin, Al-Ansar, Al-Dimetha, Al-Safa, Al-Sidra, East Deir Al-Balah, eastern junction of Deir Al-Balah, Salah Al-Din Street",,,,,Unknown,https://gazamaps.com/displacement/38,https://gazamaps.com/storage/displacement-maps/gaza/idf/vZbN78JUXYys9DUC9qVK0A4VdglMEsUOLnVQRaAp.jpg,https://gazamaps.com/storage/displacement-maps/gaza/full/QySmxLjOLJjqMzTCrt0qiBuiIcyaDS2eS9E7Uook.jpg,https://gazamaps.com/storage/displacement-maps/gaza/zoom/OxRyxgZ57ecv8yYQyOAX0LscHk3LvvWgvgL8AgME.jpg,"125, 126, 2231.1, 2232","40, 43, 46, 47, 63, 64, 88, 89.1, 90, 91, 92, 93, 94, 95, 96, 97, 99, 100, 106, 107, 108, 109, 110, 111, 112, 128.1, 128.2, 129.1, 129.2, 130.1, 130.2, 132, 133, 134, 135, 136, 137, 138, 139, 140, 142, 143, 144, 145, 146, 147, 148, 149, 150, 151, 2336, 2337, 2338, 2339, 2351","Al-Masdar, Al-Maghazi, Al-Basatin, Al-Ansar, Al-Dimetha, Al-Safa, Al-Sidra, East Deir Al-Balah, eastern junction of Deir Al-Balah, Salah Al-Din Street",humanitarian zone,4.43,40.47
2024-08-23,https://x.com/AvichayAdraee/status/1827008641142051224/photo/1,"#عاجل ‼️ نداء الي كل المتواجدين في بلوكات: 967, 968, 969, 970, 971, 1738, 1739, 1740, 1746, 1751 في حارات السلاطين، العطاطرة والسيفا، الكرامة والغبن

⭕️على خلفية اطلاق قذائف صاروخية بشكل متواصل من قبل حماس والمنظمات الإرهابية من منطقتكم، سيعمل جيش الدفاع الإسرائيلي بقوة ضد تلك https://t.co/Wl526ZGaGL","A call to all those present in blocks: 967, 968, 969, 970, 971, 1738, 1739, 1740, 1746, 1751 in the Al-Salateen, Attatra and Sifa, Al-Karamah and Al-Ghabn neighborhoods

⭕️ Against the backdrop of the continuous launching of rockets by Hamas and terrorist organizations from your area, the IDF will act forcefully against these terrorist elements immediately.

⭕️ For your own safety, evacuate immediately to the known shelters west of Gaza City.",18:42,"Al-Salateen, Attatra, Sifa, Al-Karamah, Al-Ghabn",,,,,west of Gaza City,https://gazamaps.com/displacement/37,https://gazamaps.com/storage/displacement-maps/gaza/idf/TmZdKZNjTLayhD3S8SIFp0pkpdNhnzHKqdF0sneS.jpg,https://gazamaps.com/storage/displacement-maps/gaza/full/pIPsjFShQjj9BwPdsGXCzDK9LRrYQ2BiDxNI1i0g.jpg,https://gazamaps.com/storage/displacement-maps/gaza/zoom/eEwncZYln4tm11wuIfwADaTMWEgZ5m41TnwfIMhE.jpg,"967, 968, 969, 970, 971, 1738, 1739, 1740, 1746.1, 1751",,"Al-Salateen, Attatra, Sifa, Al-Karamah, Al-Ghabn",west of Gaza City,1.44,0.0
2024-08-22,https://x.com/AvichayAdraee/status/1826624508616442023/photo/1,"#عاجل ‼️ الى كل المتواجدين في منطقة بني سهيلا والحارات الشيخ ناصر، بربخ، السطر، معن، مركز المدينة، المحطة والكتيبة في بلوكات 41, 42, 44, 45, 48, 49, 50, 51, 52, 53, 54, 55, 103, 104, 105, 218, 219, 220

⭕️من أجل أمنكم، اخلوا فوراً وانتقلوا الى المنطقة الإنسانية https://t.co/FqIn40AjHw","To all those present in the Bani Suhaila area and the Sheikh Nasser, Barbakh, Al-Satr, Maan, City Center, Al-Mahatta and Al-Kateeba neighborhoods in Blocks 41, 42, 44, 45, 48, 49, 50, 51, 52, 53, 54, 55, 103, 104, 105, 218, 219, 220

⭕️ For your own safety, evacuate immediately and move to the humanitarian zone.",17:16,"Bani Suhaila, Sheikh Nasser, Barbakh, Al-Satr, Maan, City Center, Al-Mahatta, Al-Kateeba",,,,,humanitarian zone,https://gazamaps.com/displacement/36,https://gazamaps.com/storage/displacement-maps/gaza/idf/FDvrckv6zhrlRyezMWB7KbniaLqSb0zLUC3riysv.jpg,https://gazamaps.com/storage/displacement-maps/gaza/full/enEnCFPV35nWWgN5Rm2DatWFM4WJUkUXJLaBRCBc.jpg,https://gazamaps.com/storage/displacement-maps/gaza/zoom/SUgGwm9Ogjgqw3dutCUhJcWv7vwGq6GYteI1ywKV.jpg,"41, 42.1, 42.2, 42.3, 44, 45, 48, 49, 50, 51, 52, 53, 54, 55, 104, 105, 218, 219, 220.1, 220.2, 221","40, 43, 46, 47, 63, 64, 88, 89.1, 90, 91, 92, 93, 94, 95, 96, 97, 99, 100, 106, 107, 108, 109, 110, 111, 112, 128.1, 128.2, 129.1, 129.2, 130.1, 130.2, 132, 133, 134, 135, 136, 137, 138, 139, 140, 142, 143, 144, 145, 146, 147, 148, 149, 150, 151, 2336, 2337, 2338, 2339, 2351","Bani Suhaila, Sheikh Nasser, Barbakh, Al-Satr, Maan, City Center, Al-Kateeba, Al-Mahatta",humanitarian zone,7.25,40.47
2024-08-21,https://x.com/AvichayAdraee/status/1826183693787947512/photo/1,"#عاجل الى كل السكان والنازحين المتواجدين في بلوكات 129, 130 في حارات المحطة ودير البلح جنوباً، من شارع صلاح الدين وحتى الشارع المحدد على الخريطة.
⭕️جيش الدفاع الاسرائيلي سوف يعمل بقوة ضد المنظمات الارهابية في تلك المنطقة. 
⭕️من أجل أمنكم، نناشدكم بالإخلاء بشكل فوري غرباً. https://t.co/gpaPZY2OEo","To all residents and displaced persons in blocks 129 and 130 in the Al-Mahta and Deir al-Balah neighborhoods to the south, from Salah al-Din Street to the street marked on the map.
⭕️ The IDF will act forcefully against terrorist organizations in that area.
⭕️ For your safety, we urge you to evacuate immediately to the west.
⭕️ The area you are in is considered a dangerous combat zone.",12:04,"Al-Mahta, Deir al-Balah",,,,,Unknown,https://gazamaps.com/displacement/35,https://gazamaps.com/storage/displacement-maps/gaza/idf/oI5162l36g4NcduM6bY17l94ldL2icfQTUpIlmnQ.jpg,https://gazamaps.com/storage/displacement-maps/gaza/full/AYSCQnTSDHSQEpRd2nkhUZACaPELYMMZhE3lYt0s.jpg,https://gazamaps.com/storage/displacement-maps/gaza/zoom/Kd3V6afcwx4OjBDIUMN0Z4Cvv3s7WJbjDmOpqLrg.jpg,"129.2, 130.2","40, 43, 46, 47, 63, 64, 88, 89.1, 90, 91, 92, 93, 94, 95, 96, 97, 99, 100, 107, 108, 109, 110, 111, 112, 128.1, 128.2, 129.1, 130.1, 132, 133, 134, 135, 136, 137, 138, 139, 140, 142, 143, 144, 145, 146, 147, 148, 149, 150, 151, 2336, 2337, 2338, 2339, 2351","Al-Mahta, Deir al-Balah",west,0.65,39.79
2024-08-17,https://x.com/AvichayAdraee/status/1824684279055401245/photo/1,"#عاجل ‼️ الي كل المتواجدين في بلوكات 2232, 2340, 2343, 2245, 2244 ,2243, 2242, 2241, 2240 في منطقة المغازي وحارات صلاح الدين، الفاروق والأمل

⭕️على خلفية اطلاق قذائف صاروخية بشكل متواصل من قبل حماس والمنظمات الإرهابية من منطقتكم، سيعمل جيش الدفاع ضد تلك العناصر الإرهابية بقوة https://t.co/M2YXukWupr","To all those present in blocks 2232, 2340, 2343, 2245, 2244, 2243, 2242, 2241, 2240 in the Maghazi area and the Salah El-Din, Al-Farouk and Al-Amal neighborhoods

⭕️ Against the backdrop of the continuous launching of rockets by Hamas and terrorist organizations from your area, the IDF will act against these terrorist elements forcefully and immediately.
⭕️ For your own safety, move immediately to the humanitarian zone.",8:46,"Maghazi, Salah El-Din, Al-Farouk, Al-Amal",,,,,humanitarian zone,https://gazamaps.com/displacement/34,https://gazamaps.com/storage/displacement-maps/gaza/idf/HUSSlb5d9m0FzRXLd52bZPG1eljVE2oPgk97ISka.jpg,https://gazamaps.com/storage/displacement-maps/gaza/full/gQZGTsy9Ts7MsnTWNpQnZCXkKXEE2KEsubiZI2H6.jpg,https://gazamaps.com/storage/displacement-maps/gaza/zoom/63rhrVxEJV9b1M8kFloqwp6YsAGAUnsrDIcyGJ9b.jpg,"2232, 2240, 2241, 2242, 2243, 2244, 2245, 2340, 2343","40, 43, 46, 47, 63, 64, 88, 89.1, 90, 91, 92, 93, 94, 95, 96, 97, 99, 100, 107, 108, 109, 110, 111, 112, 128.1, 128.2, 129.1, 129.2, 130.1, 130.2, 132, 133, 134, 135, 136, 137, 138, 139, 140, 142, 143, 144, 145, 146, 147, 148, 149, 150, 151, 2336, 2337, 2338, 2339, 2351","Maghazi, Salah El-Din, Al-Farouk, Al-Amal",humanitarian zone,3.82,40.44
2024-08-16,https://x.com/AvichayAdraee/status/1824477104668295461/photo/1,"#عاجل ‼️ نداء الى كل سكان المتواجدين في منطقة بيت حانون واحياء المنشية والشيخ زايد والنازحين في داخل المآوي في المنطقة

⭕️حماس والمنظمات الإرهابية تطلق الصواريخ من منطقتكم نحو دولة اسرائيل. جيش الدفاع الإسرائيلي سوف يعمل بقوة ضد تلك العناصر.

⭕️من أجل أمنكم، انتقلوا بشكل فوري الى https://t.co/bQyBvwGq8B","A call to all residents of the Beit Hanoun area, the Manshiyya and Sheikh Zayed neighborhoods, and the displaced people inside the shelters in the area.

⭕️ Hamas and terrorist organizations are firing rockets from your area toward the State of Israel. The IDF will act forcefully against these elements.

⭕️ For your own safety, move immediately to the known shelters in the center of Gaza City.",19:03,"Beit Hanoun area, Manshiyya, Sheikh Zayed neighborhoods",,,,,Gaza City,https://gazamaps.com/displacement/33,https://gazamaps.com/storage/displacement-maps/gaza/idf/QIj7jxnbOLiHcKJjh59YhcNn1iGe6qqeb4O3RtUe.jpg,https://gazamaps.com/storage/displacement-maps/gaza/full/SgYbMvHPLFwtiOWiIAX69WQocQgwu23fIutYZChe.jpg,https://gazamaps.com/storage/displacement-maps/gaza/zoom/TVs9s6sUvlCx55nOLPfjUoEWv3OFAjJoSRaiN9sn.jpg,"577, 578, 1762, 1763, 1764, 1765, 1766, 1767, 1768, 1769, 1770, 1774, 1778","40, 43, 46, 47, 63, 64, 88, 89.1, 90, 91, 92, 93, 94, 95, 96, 97, 99, 100, 107, 108, 109, 110, 111, 112, 128.1, 128.2, 129.1, 129.2, 130.1, 130.2, 132, 133, 134, 135, 136, 137, 138, 139, 140, 142, 143, 144, 145, 146, 147, 148, 149, 150, 151, 2336, 2337, 2338, 2339, 2351","Beit Hanoun area, Manshiyya, Sheikh Zayed neighborhoods",Gaza City,5.59,40.44
2024-08-16,https://x.com/AvichayAdraee/status/1824341497811980409/photo/1,"#عاجل ‼️ نظرًا لإطلاق القذائف الصاروخية: البلوكات 89, 2356 خارج المنطقة الانسانية. دعوة اخلاء إلى كل السكان والنازحين في بلوكات 89 ,36, 125, 127, 126, 2356 في حارات شرقي دير البلح، القرارة، المواصي، الجلاء، مدينة حمد والنصر

⭕️على خلفية استغلال المنطقة الإنسانية لأعمال إرهابية https://t.co/67QstYsiE7","Due to the launching of rockets: Blocks 89, 2356 are outside the humanitarian area. Evacuation call to all residents and displaced persons in Blocks 89, 36, 125, 127, 126, 2356 in the neighborhoods of East Deir al-Balah, Al-Qarara, Al-Mawasi, Al-Jalaa, Hamad City and Al-Nasr.

⭕️ Due to the exploitation of the humanitarian zone for terrorist acts and the continuous launching of rockets towards the State of Israel from Blocks 89 and 2356, the presence in these blocks has become dangerous, and therefore these blocks are no longer considered part of the humanitarian zone from now on.

⭕️ To all residents and displaced persons still present in Blocks 89, 36, 125, 127, 126, and 2356, we inform you that the IDF will operate forcefully against the terrorist organizations in your areas.
⭕️ For your own safety, you must move immediately to the humanitarian zone.",10:04,"East Deir al-Balah, Al-Qarara, Al-Mawasi, Al-Jalaa, Hamad City, Al-Nasr",,,https://idfleaflets.com/26,"Urgent Warning

To all residents and displaced persons who are still

present in blocks:

899 2356, 36, 127, 126, 125

In the neighborhoods of East Deir al-Balah, al-Qarara, al-Mawasi, al-Jalaa, Hamad City, and al-Nasr

The IDF will operate forcefully against the terrorist organizations in your area

For your own safety, you must evacuate immediately to the new humanitarian zone

IDF",Unknown,https://gazamaps.com/displacement/30,https://gazamaps.com/storage/displacement-maps/gaza/idf/uBVXKFjykdnhnaVK7WZj57vRD42MsN3586FfuFQa.jpg,https://gazamaps.com/storage/displacement-maps/gaza/full/1sXfuIuVA715iT1lmZAx7aO1bjtLsmIlrFezE2CL.jpg,https://gazamaps.com/storage/displacement-maps/gaza/zoom/UMivu4wLAn08NHne6Znw08ciJtlumHg5jjsoARYd.jpg,"36, 89.2, 125, 126, 127, 2356","40, 43, 46, 47, 63, 64, 88, 89.1, 90, 91, 92, 93, 94, 95, 96, 97, 99, 100, 107, 108, 109, 110, 111, 112, 128.1, 128.2, 129.1, 129.2, 130.1, 130.2, 132, 133, 134, 135, 136, 137, 138, 139, 140, 142, 143, 144, 145, 146, 147, 148, 149, 150, 151, 2336, 2337, 2338, 2339, 2351","East Deir al-Balah, Al-Qarara, Al-Mawasi, Al-Jalaa, Hamad City, Al-Nasr",humanitarian zone,8.41,40.44
2024-08-15,https://x.com/AvichayAdraee/status/1823989077600833709/photo/1,"#عاجل ‼️ الى جميع السكان المتواجدين في بلوكات 38, 39, 41, 42 في حارات القرارة 3 والسطر:

⭕️على خلفية اطلاق قذائف صاروخية بشكل متواصل من قبل حماس والمنظمات الارهابية من مناطقكم، سيعمل جيش الدفاع بقوة ضد تلك العناصر الإرهابي فوراً.

⭕️من أجل أمنكم، انتقلوا فوراً الى المنطقة https://t.co/1Enb9Lt9q0","To all residents of blocks 38, 39, 41, 42 in the Al-Qarara 3 and Al-Sathar neighborhoods:

⭕️ Against the backdrop of the continuous launching of rockets by Hamas and terrorist organizations from your territory, the IDF will act forcefully against these terrorist elements immediately.

⭕️ For your own safety, move immediately to the humanitarian zone.",10:44,"Al-Qarara 3, Al-Sathar",,,,,humanitarian zone,https://gazamaps.com/displacement/29,https://gazamaps.com/storage/displacement-maps/gaza/idf/cOOdMDt4DSs5b4raR5v3XKCp9Koticy2CT5B0bc8.jpg,https://gazamaps.com/storage/displacement-maps/gaza/full/1wrj0Sg4ZZiCoHbkjWXAUUN0FA0KSmVlF7dkDcM9.jpg,https://gazamaps.com/storage/displacement-maps/gaza/zoom/t3BoXMU3B9WLidOGVZrduvE2cEERDxtJ3eBxsWw9.jpg,"38, 39, 41, 42.1, 42.2, 42.3","36, 40, 43, 46, 47, 63, 64, 88, 89.1, 89.2, 90, 91, 92, 93, 94, 95, 96, 97, 99, 100, 106, 107, 108, 109, 110, 111, 112, 128.1, 128.2, 129.1, 129.2, 130.1, 130.2, 132, 133, 134, 135, 136, 137, 138, 139, 140, 142, 143, 144, 145, 146, 147, 148, 149, 150, 151, 2336, 2337, 2338, 2339, 2351, 2356","Al-Qarara 3, Al-Sathar",humanitarian zone,3.6,46.07
2024-08-13,https://x.com/AvichayAdraee/status/1823402523178180950/photo/1,"#عاجل ‼️ نداء الى كل السكان المتواجدين في بلوكات 45, 50, 219, 220 في بني سهيلا وحارة المحطة:
⭕️على خلفية اطلاق قذائف صاروخية بشكل متواصل من قبل حماس والمنظمات الارهابية من مناطقكم سيعمل جيش الدفاع بقوة ضد العناصر لارهابية فورًا 
⭕️من أجل أمنكم، انتقلوا بشكل عاجل الى المنطقة https://t.co/ms1t9Ntw8W","A call to all residents of blocks 45, 50, 219, 220 in Beni Suhaila and Harat Al-Mahta:
⭕️ Against the backdrop of the continuous launching of rockets by Hamas and terrorist organizations from your areas, the IDF will act forcefully against the terrorist elements immediately.
⭕️ For your own safety, move urgently to the humanitarian zone.",19:53,"Beni Suhaila, Harat Al-Mahta",,,,,humanitarian zone,https://gazamaps.com/displacement/28,https://gazamaps.com/storage/displacement-maps/gaza/idf/8eax52nkOrZWUZI6fWbfeNBAY3Gu0xCIq6RcqE8X.jpg,https://gazamaps.com/storage/displacement-maps/gaza/full/fHpKoG5d7SYAbt461Ifp7DNnlNX8y4pEKnbkWYpq.jpg,https://gazamaps.com/storage/displacement-maps/gaza/zoom/5m48jakvbMkod805cQDuPGx8QSm7IOVcIL0ozioF.jpg,"45, 50, 219, 220.1, 220.2","40, 43, 46, 47, 63, 64, 88, 89.1, 89.2, 90, 91, 92, 93, 94, 95, 96, 97, 99, 100, 106, 107, 108, 109, 110, 111, 112, 128.1, 128.2, 129.1, 129.2, 130.1, 130.2, 132, 133, 134, 135, 136, 137, 138, 139, 140, 142, 143, 144, 145, 146, 147, 148, 149, 150, 151, 2336, 2337, 2338, 2339, 2351, 2356","Beni Suhaila, Harat Al-Mahta",humanitarian zone,1.82,45.24
2024-08-11,https://x.com/AvichayAdraee/status/1822492670981259665/photo/1,"#عاجل ‼️ على خلفية استغلال المنطقة الإنسانية لاعمال ارهابية واطلاق صواريخ متواصل نحو دولة اسرائيل من بلوك 36 فأصبح البقاء في هذا البلوك خطيراً، ولذلك لن يعد ذلك البلوك جزء من المنطقة الإنسانية اعتبارًا من الان.

⭕️نخبر كل السكان والنازحين الذين ما زالوا متواجدين في حي الجلاء، بأن https://t.co/cMAojWRmfx","Due to the exploitation of the humanitarian zone for terrorist acts and the continuous launching of rockets towards the State of Israel from Block 36, remaining in this block has become dangerous, and therefore that block will no longer be considered part of the humanitarian zone as of now.

⭕️ We inform all residents and displaced persons who are still in the Jalaa neighborhood that the IDF will act forcefully against the terrorist organizations there.

⭕️ For your own safety, you must evacuate immediately to the newly created humanitarian zone.

⭕️ The area you are in is considered a dangerous combat zone.",7:38,Jalaa neighborhood,,,,,Unknown,https://gazamaps.com/displacement/27,https://gazamaps.com/storage/displacement-maps/gaza/idf/egRc7HNOPKWL47w6m5FUC3s98XJflZP5NaJ88bev.jpg,https://gazamaps.com/storage/displacement-maps/gaza/full/nMdocWSUPSJuruaGgrgT1PPBo0CVFB78BEoe1rYV.jpg,https://gazamaps.com/storage/displacement-maps/gaza/zoom/Cu8bKNdXQ55aRnngMYTyrQcVhlrFPbjW885adxSJ.jpg,36,"40, 43, 46, 47, 63, 64, 88, 89.1, 89.2, 90, 91, 92, 93, 94, 95, 96, 97, 99, 100, 106, 107, 108, 109, 110, 111, 112, 128.1, 128.2, 129.1, 129.2, 130.1, 130.2, 132, 133, 134, 135, 136, 137, 138, 139, 140, 142, 143, 144, 145, 146, 147, 148, 149, 150, 151, 2336, 2337, 2338, 2339, 2351, 2356",Jalaa neighborhood,humanitarian zone,0.83,45.24
2024-08-10,https://x.com/AvichayAdraee/status/1822375599777927388/photo/1,"#عاجل🔴 نداء عاجل الى السكان الذين لم يخلوا بعد من أحياء مركز المدينة، الشيخ ناصر، بربخ ومعن في بلوكات 53, 54, 55, 103, 104

⭕️تواصل حماس والمنظمات الإرهابية اطلاق القذائف الصاروخية من مناطقكم نحو دولة اسرائيل. 
⭕️جيش الدفاع سوف يعمل بقوة ضد هذه العناصر. من أجل أمنكم، عليكم اخلاء https://t.co/vmEb5aG2RB","An urgent appeal to residents who have not yet evacuated the city center neighborhoods, Sheikh Nasser, Barbakh and Maan in blocks 53, 54, 55, 103, 104

⭕️ Hamas and terrorist organizations continue to fire rockets from your territory towards the State of Israel.
⭕️ The IDF will act forcefully against these elements. For your own safety, you must evacuate these areas immediately to recognized shelters in the humanitarian zone.",23:52,"city center neighborhoods, Sheikh Nasser, Barbakh, Maan",,,,,Unknown,https://gazamaps.com/displacement/26,https://gazamaps.com/storage/displacement-maps/gaza/idf/AZMswjyXdlt7Q6eV2UdIS1YSEwKqoLpVWNB626Uq.jpg,https://gazamaps.com/storage/displacement-maps/gaza/full/fus3t5wFQzs3JTdB1vBESVLYmvD7poALWrLKJm5q.jpg,https://gazamaps.com/storage/displacement-maps/gaza/zoom/miNH7qcHuwUkjfDtwArVGQroMXN4D8QrxgtrHkDu.jpg,"53, 54, 55, 103, 104, 105","36, 40, 43, 46, 47, 63, 64, 88, 89.1, 89.2, 90, 91, 92, 93, 94, 95, 96, 97, 99, 100, 101, 102, 106, 107, 108, 109, 110, 111, 112, 128.1, 128.2, 129.1, 129.2, 130.1, 130.2, 132, 133, 134, 135, 136, 137, 138, 139, 140, 142, 143, 144, 145, 146, 147, 148, 149, 150, 151, 2336, 2337, 2338, 2339, 2351, 2356","city center neighborhoods, Sheikh Nasser, Barbakh, Maan",humanitarian zone,1.41,46.14
2024-08-08,https://x.com/AvichayAdraee/status/1821501809824854077/photo/1,"#عاجل ‼️ نداء الى كل السكان الذين لم يخلوا البلدات التالية: السلقا وحاراتها، القرارة وحاراتها، بني سهيلا وحاراتها، عبسان وحاراتها، خربة خزاعة وحاراتها واحياء الشيخ ناصر، مركز المدينة، السطر والمحطة. 

⭕️تواصل حماس والمنظمات الإرهابية اطلاق القذائف الصاروخية من مناطقكم نحو دوله https://t.co/aI4FJoFtzl","A call to all residents who have not evacuated the following towns: Salqa and its neighborhoods, Al-Qarara and its neighborhoods, Bani Suhaila and its neighborhoods, Abasan and its neighborhoods, Khirbet Khuza’a and its neighborhoods and the neighborhoods of Sheikh Nasser, the city center, Al-Satar and Al-Mahta.

⭕️ Hamas and terrorist organizations continue to launch rockets from your areas towards the State of Israel.

⭕️ The IDF will act forcefully against these elements. For your own security, you must evacuate these areas immediately to the humanitarian zone.",14:00,"Salqa, Al-Qarara, Bani Suhaila, Abasan, Khirbet Khuza’a, Sheikh Nasser, city center, Al-Satar, Al-Mahta",,,,,Unknown,https://gazamaps.com/displacement/20,https://gazamaps.com/storage/displacement-maps/gaza/idf/00QR7m25XQ5jXu8UOmDNNTgSHltnBrLQVaIUNiah.jpg,https://gazamaps.com/storage/displacement-maps/gaza/full/IAbCxCml9nJdvRhzKsBIBBBNKIQ8f3m3qIUhmEJq.jpg,https://gazamaps.com/storage/displacement-maps/gaza/zoom/tZDH7VyJ067MsLWGZ7vKGJodJGg5o0ol27ifUYv5.jpg,"37.1, 37.2, 38, 39, 41, 42.1, 42.2, 42.3, 44, 45, 48, 49, 50, 51, 52, 131, 215, 216, 217, 218, 219, 220.1, 220.2, 221, 222, 223, 224, 231, 232, 233, 234, 235, 236, 243, 244, 253, 254, 2250.1, 2250.2, 2260.1, 2260.2, 2260.3, 2270.1, 2270.2, 2270.3, 2280.1, 2280.2, 2352, 2353, 2354, 2355","36, 40, 43, 46, 47, 63, 64, 88, 89.1, 89.2, 90, 91, 92, 93, 94, 95, 96, 97, 99, 100, 106, 107, 108, 109, 110, 111, 112, 128.1, 128.2, 129.1, 129.2, 130.1, 130.2, 132, 133, 134, 135, 136, 137, 138, 139, 140, 142, 143, 144, 145, 146, 147, 148, 149, 150, 151, 2336, 2337, 2338, 2339, 2351, 2356","Salqa, Al-Qarara, Bani Suhaila, Abasan, Khirbet Khuza’a, Sheikh Nasser, city center, Al-Satar, Al-Mahta",humanitarian zone,37.1,46.07
2024-08-07,https://x.com/AvichayAdraee/status/1820937154052178005/photo/1,"#عاجل ‼️ نداء الى كل المتواجدين في منطقة بيت حانون واحياء المنشية والشيخ زايد والنازحين في داخل المآوي في المنطقة

⭕️حماس والمنظمات الإرهابية تطلق الصواريخ من منطقتكم نحو دولة اسرائيل. 
جيش الدفاع الإسرائيلي سوف يعمل بقوة وفوراً ضدهم.

⭕️من اجل أمنكم، اخلوا بشكل فوري الى المآوي https://t.co/PkYwwJqEc2","A call to all those present in the Beit Hanoun area, the Manshiyya and Sheikh Zayed neighborhoods, and the displaced people inside the shelters in the area.

⭕️ Hamas and terrorist organizations are firing rockets from your area towards the State of Israel.
The IDF will act forcefully and immediately against them.

⭕️ For your own safety, evacuate immediately to known shelters in the center of Gaza City.",0:37,"Beit Hanoun, Manshiyya, Sheikh Zayed",,,,,Gaza City,https://gazamaps.com/displacement/22,https://gazamaps.com/storage/displacement-maps/gaza/idf/2Xipc2Z0P636XwPadc6jjHeHBsMQFsvi2TvWGi53.jpg,https://gazamaps.com/storage/displacement-maps/gaza/full/wW3XT4CMkgDD6ruAsxVtpWhCj9HWbdNlouvmpcXl.jpg,https://gazamaps.com/storage/displacement-maps/gaza/zoom/q5C6bdA07D98y2RnUOMkhmaM5s9OHFD9Q0dEiJm3.jpg,"22, 32, 33, 34, 53, 54, 55, 56, 57, 58, 59, 60, 61, 62, 65, 66, 67, 69, 70, 78, 81, 83, 84, 85, 86, 87, 101, 102, 103, 104","36, 40, 43, 46, 47, 63, 64, 88, 89.1, 89.2, 90, 91, 92, 93, 94, 95, 96, 97, 99, 100, 106, 107, 108, 109, 110, 111, 112, 128.1, 128.2, 129.1, 129.2, 130.1, 130.2, 132, 133, 134, 135, 136, 137, 138, 139, 140, 142, 143, 144, 145, 146, 147, 148, 149, 150, 151, 2336, 2337, 2338, 2339, 2351, 2356","Beit Hanoun, Manshiyya, Sheikh Zayed",Gaza City,13.93,46.07
2024-08-05,https://x.com/AvichayAdraee/status/1820426898121392226/photo/1,"#عاجل نتوجه إلى كل السكان الذين لم يخلوا أحياء مركز المدينة، الشيخ ناصر، جورت اللوت، المنارة، معن، قيزان النجار، قيزان ابو رشوان، السلام، مصبح والحشاش:

⭕️تواصل حماس والمنظمات الإرهابية إطلاق  الصواريخ من منطقتكم نحو دولة اسرائيل

⭕️جيش الدفاع سوف يعمل بقوة ضد العناصر الارهابية https://t.co/Xb0pZinJOX","We address all residents who have not evacuated the city center neighborhoods, Sheikh Nasser, Jort Al-Lut, Al-Manara, Maan, Qizan Al-Najjar, Qizan Abu Rashwan, Al-Salam, Musbah and Al-Hashash:

⭕️ Hamas and terrorist organizations continue to launch rockets from your area towards the State of Israel.

⭕️ The IDF will act forcefully against the terrorist elements in that area.

⭕️ For your safety, evacuate the area immediately to the humanitarian zone.",14:49,"city center neighborhoods, Sheikh Nasser, Jort Al-Lut, Al-Manara, Maan, Qizan Al-Najjar, Qizan Abu Rashwan, Al-Salam, Musbah, Al-Hashash",,,,,Unknown,https://gazamaps.com/displacement/23,https://gazamaps.com/storage/displacement-maps/gaza/idf/uladUG2EqwmKSQ38IYYcEVTXVAidsl1xJJjTdooZ.jpg,https://gazamaps.com/storage/displacement-maps/gaza/full/FjhilSarNBD1MJ5tCfaRMwXZ9MpH2ZJOOKVXolfW.jpg,https://gazamaps.com/storage/displacement-maps/gaza/zoom/8uBaWBGjHPvcuBLTVzD3CuMdOVs0BOaTsNzdNOXb.jpg,"577, 578, 1762, 1763, 1764, 1765, 1766, 1767, 1768, 1769, 1770, 1774, 1778","36, 40, 43, 46, 47, 63, 64, 88, 89.1, 89.2, 90, 91, 92, 93, 94, 95, 96, 97, 99, 100, 106, 107, 108, 109, 110, 111, 112, 128.1, 128.2, 129.1, 129.2, 130.1, 130.2, 132, 133, 134, 135, 136, 137, 138, 139, 140, 142, 143, 144, 145, 146, 147, 148, 149, 150, 151, 2336, 2337, 2338, 2339, 2351, 2356","city center neighborhoods, Sheikh Nasser, Jort Al-Lut, Al-Manara, Maan, Qizan Al-Najjar, Qizan Abu Rashwan, Al-Salam, Musbah, Al-Hashash",humanitarian zone,5.59,46.07
2024-08-04,https://x.com/AvichayAdraee/status/1820087158113239487/photo/1,"#عاجل ‼️ إلى السكان المتواجدين في أحياء جورت اللوت، المنارة، معن، قيزان النجار، قيزان ابو رشوان، السلام والحشاش

من جديد تطلق حماس والمنظمات الإرهابية الصواريخ من منطقتكم باتجاه دولة اسرائيل.

جيش الدفاع الإسرائيلي سوف يعمل قريبًا بقوة ضد تلك العناصر.

عليكم إخلاء المنطقة بشكل https://t.co/o2jetXxQpY","To the residents of the neighborhoods of Jort al-Lut, al-Manara, Maan, Qizan al-Najjar, Qizan Abu Rashwan, al-Salam and al-Hashash

Hamas and terrorist organizations are once again firing rockets from your area towards the State of Israel.

The IDF will soon act forcefully against those elements.

You must evacuate the area immediately to the humanitarian zone.",16:19,"Jort al-Lut, al-Manara, Maan, Qizan al-Najjar, Qizan Abu Rashwan, al-Salam, al-Hashash",,,,,Unknown,https://gazamaps.com/displacement/24,https://gazamaps.com/storage/displacement-maps/gaza/idf/xnToWGuQmOyvVHgJi0dapNh7McUgobc8pMV2pnCX.jpg,https://gazamaps.com/storage/displacement-maps/gaza/full/jpn8K9poIykHH4Kjk0EopGzQHF3UG09XpGZjVniW.jpg,https://gazamaps.com/storage/displacement-maps/gaza/zoom/oqjyOTcob2BZ6mI4VIdMNgEMfIPDEpYrGh8FLn2R.jpg,"21, 22, 30, 32, 33, 34, 35, 53, 58, 65, 66, 70, 78, 79, 80, 81, 82, 83, 84, 85, 86, 87, 2374, 2375","36, 40, 43, 46, 47, 63, 64, 88, 89.1, 89.2, 90, 91, 92, 93, 94, 95, 96, 97, 99, 100, 106, 107, 108, 109, 110, 111, 112, 128.1, 128.2, 129.1, 129.2, 130.1, 130.2, 132, 133, 134, 135, 136, 137, 138, 139, 140, 142, 143, 144, 145, 146, 147, 148, 149, 150, 151, 2336, 2337, 2338, 2339, 2351, 2356","Jort al-Lut, al-Manara, Maan, Qizan al-Najjar, Qizan Abu Rashwan, al-Salam, al-Hashash",humanitarian zone,18.0,46.07
2024-07-27,https://x.com/AvichayAdraee/status/1817066755501572406,"#عاجل تحذير خطير!

على خلفية استغلال المنطقة الإنسانية لأعمال إرهابية واطلاق صواريخ متواصل نحو دولة اسرائيل من بلوكات 65, 66, 86، 87 التواجد في هذه البلوكات أصبح خطيرًا، ولذلك تصبح هذه البلوكات من الآن خارج المنطقة الإنسانية. 

كما نخبر كافة السكان والنازحين الذين ما زالوا https://t.co/a6fYS23Ne2","Serious warning!

Given the exploitation of the humanitarian zone for terrorist activities and the ongoing rocket fire towards the State of Israel from Blocks 65, 66, 86, and 87, presence in these blocks has become dangerous, and therefore these blocks are now outside the humanitarian zone.

We also inform all residents and displaced persons who are still present in the neighborhoods of Al-Manara, Al-Salam, Al-Hashash, Musbah, Qizan Al-Najjar, Qizan Abu Rashwan and Jurt Al-Lut in Blocks 21, 22, 30, 32, 33, 34, 35, 65, 66, 70, 73, 77, 78, 79, 80, 81, 82, 83, 84, 85, 86, 87, 2371, 2372, 2373, 2374 and 2375 that the IDF will act forcefully against the terrorist organizations.

For your own safety, you must evacuate immediately to the newly created humanitarian zone.

The area you are in is considered a dangerous combat zone.",8:17,"Al-Manara, Al-Salam, Al-Hashash, Musbah, Qizan Al-Najjar, Qizan Abu Rashwan, Jurt Al-Lut",,,,,Unknown,https://gazamaps.com/displacement/25,https://gazamaps.com/storage/displacement-maps/gaza/idf/0lAgxZ0uhfmy3dYF1VWdgY8lZncAIbEnoBlPC8ho.jpg,https://gazamaps.com/storage/displacement-maps/gaza/full/0kqLdQVFS9wKWWfLa8Kx051Ta8WmWFd62IGRoHU9.jpg,https://gazamaps.com/storage/displacement-maps/gaza/zoom/IJJvVq0IpY92OOx1ypm8CEDdcRhY0ZpJ0GPo0E4C.jpg,"21, 22, 30, 32, 33, 34, 35, 65, 66, 70, 73, 77, 78, 79, 80, 81, 82, 83, 84, 85, 86, 87, 2371, 2372, 2373, 2374, 2375","36, 40, 43, 46, 47, 63, 64, 88, 89.1, 89.2, 90, 91, 92, 93, 94, 95, 96, 97, 99, 100, 106, 107, 108, 109, 110, 111, 112, 128.1, 128.2, 129.1, 129.2, 130.1, 130.2, 132, 133, 134, 135, 136, 137, 138, 139, 140, 142, 143, 144, 145, 146, 147, 148, 149, 150, 151, 2336, 2337, 2338, 2339, 2351, 2356","Al-Manara, Al-Salam, Al-Hashash, Musbah, Qizan Al-Najjar, Qizan Abu Rashwan, Jurt Al-Lut",humanitarian zone,23.61,46.07
2024-07-22,https://x.com/AvichayAdraee/status/1815247774117433358,#عاجل في ضوء عمليات إرهابية عديدة وإطلاق قذائف صاروخية نحو دولة إسرائيل من الجزء الشرقي للمنطقة الإنسانية أصبح البقاء في تلك المنطقة خطيرًا. لذلك، ستتم ملاءمة المنطقة وذلك بناء على معلومات استخبارية دقيقة تفيد بقيام منظمة حماس الإرهابية بوضع بنى إرهابية في المنطقة التي تم تصنيفها https://t.co/30jqJEJlPf,"In light of numerous terrorist attacks and rocket fire towards the State of Israel from the eastern part of the humanitarian zone, remaining in that area has become dangerous. Therefore, the area will be adjusted based on accurate intelligence indicating that the Hamas terrorist organization has established terrorist infrastructure in the area designated as humanitarian.

⭕️ The population is warned to avoid targeting civilians and to keep them away from the combat zone.

⭕️ The IDF will act forcefully against the terrorist organizations and therefore calls on the residents who remained in the eastern neighborhoods of Khan Yunis to evacuate immediately and temporarily to the newly created humanitarian area in Al-Mawasi.

⭕️ The IDF will continue to operate against the Hamas terrorist organization, which uses the residents of Gaza as human shields for terrorist activities and structures.",7:49,Khan Yunis,,,,,Al-Mawasi,https://gazamaps.com/displacement/19,https://gazamaps.com/storage/displacement-maps/gaza/idf/srlrMPjOjTrYbhz3IM9Ve3OUk5GVOpu9883BStkP.jpg,https://gazamaps.com/storage/displacement-maps/gaza/full/ma7Mv76DYbhwWI7Q0KTsIVpQaqOpIdC0bgHBRnLU.jpg,https://gazamaps.com/storage/displacement-maps/gaza/zoom/bNipsgec4WC68RXE9bJ8mYI1AnO2dbkaYBI2VUyF.jpg,"37.1, 37.2, 38, 39, 41, 42.1, 42.2, 42.3, 44, 45, 48, 49, 50, 51, 52, 53, 54, 55, 56, 57, 58, 59, 60, 61, 62, 67, 68, 69, 71, 74, 101, 102, 103, 104, 105, 114, 115, 116, 117, 118, 121, 122, 123, 124, 212, 213, 214, 215, 216, 217, 218, 219, 220.1, 220.2, 221, 222, 223, 224, 225, 231, 232, 233, 234, 235, 236, 237, 238, 239, 240, 241, 242, 243, 244, 245, 246, 247, 248, 249, 250, 251, 252, 253, 254, 255, 256, 2270.1, 2270.2, 2270.3, 2280.1, 2280.2, 2352, 2353, 2354, 2355","36, 40, 43, 46, 47, 63, 64, 65, 66, 86, 87, 88, 89.1, 89.2, 90, 91, 92, 93, 94, 95, 96, 97, 99, 100, 106, 107, 108, 109, 110, 111, 112, 128.1, 128.2, 129.1, 129.2, 130.1, 130.2, 132, 133, 134, 135, 136, 137, 138, 139, 140, 142, 143, 144, 145, 146, 147, 148, 149, 150, 151, 2336, 2337, 2338, 2339, 2351, 2356",Khan Yunis,Al-Mawasi,50.9,49.5
2024-07-10,,,,,Unknown,,,https://idfleaflets.com/24,"To all those present in Gaza City

Important Announcement

Safe passages enable you to pass quickly and without inspection from Gaza City to the shelter in Deir al-Balah and Az-Zawayda.

We announce that Tariq Bin Ziyad and Omar Al-Mukhtar Streets are considered safe passages for crossing westward to Rashid Street (Al-Bahr) and from there southward.

Al-Wahda and Khalil Al-Wazir Streets are considered safe passages for crossing eastward to the Zeitoun neighborhood and the city circle, and from there to Salah Al-Din Street in the south.

Gaza City will remain a dangerous combat zone

IDF",Unknown,,,,,,,Gaza City,"Tariq Bin Ziyad, Omar Ak-Mukhtar, Al-Wahda, Khalil Al Wazir, Zeitoun, Salah Al-Din, Rashid Street (Al-Bahr), Deir al-Balah, Az-Zawayda",,
2024-07-08,https://x.com/AvichayAdraee/status/1810265410475823110,"#عاجل ‼️  نداء عاجل الى كل السكان والنازحين المتواجدين في مناطق الصبرة، الرمال، تل الهوا والدرج في بلوكات 687, 688, 690, 693, 702, 703, 704, 705, 724, 725, 777, 783, 784, 835

من أجل أمنكم - عليكم الاخلاء بشكل فوري الى مآوي دير البلح في المنطقة الإنسانية https://t.co/CGFFL9fsJW","Urgent appeal to all residents and displaced persons in the areas of Sabra, Al-Rimal, Tal Al-Hawa and Al-Daraj in Blocks 687, 688, 690, 693, 702, 703, 704, 705, 724, 725, 777, 783, 784 and 835.

For your safety, you must evacuate immediately to the Deir al-Balah shelters in the humanitarian zone.",13:51,"Sabra, Al-Rimal, Tal Al-Hawa, Al-Daraj",,,,,Deir al-Balah shelters,https://gazamaps.com/displacement/1,https://gazamaps.com/storage/displacement-maps/gaza/idf/G8KZksbkuOFtifgo7l5vtY9FsXBX7Esxu3WEV9ET.jpg,,,"660, 661, 662, 664, 666, 687, 688, 690, 693, 702, 703, 704, 705, 706, 724, 725, 777, 783, 784, 835, 973, 2210, 2220, 2221, 2222, 2223, 2224, 2225, 2230, 2315, 2316, 2317, 2322, 2348",,"Sabra, Al-Rimal, Tal Al-Hawa, Al-Daraj",Deir al-Balah shelters,16.58,0.0
2024-07-07,https://x.com/AvichayAdraee/status/1809963484022518268,"#عاجل ‼️الى كل السكان والنازحين المتواجدين في مناطق التفاح، البلدة القديمة، والدرج في بلوكات: 604-606, 608, 609

⭕️من أجل أمنكم - عليكم الاخلاء بشكل فوري الى المآوي المعروفة في غرب مدينة غزة https://t.co/s0VBnyyNud","To all residents and displaced persons in the areas of Al-Tuffah, the Old City, and Al-Daraj in Blocks: 604-606, 608, 609

⭕️ For your own safety, you must evacuate immediately to known shelters in western Gaza City.",17:51,"Al-Tuffah, the Old City, Al-Daraj",,,,,western Gaza City,https://gazamaps.com/displacement/2,https://gazamaps.com/storage/displacement-maps/gaza/idf/ED1Gxy5eLF7lmBMf4glgrcplHHoerKc25vF41PaP.jpg,,,"604, 605, 606, 608, 609",,"Al-Tuffah, the Old City, Al-Daraj",western Gaza City,0.64,0.0
2024-07-01,https://x.com/AvichayAdraee/status/1807792175859536181,#عاجل الى كل السكان والنازحين المتواجدين في مناطق القرارة واحيائها، بني سهيلا واحيائها، بما في ذلك احياء معن، قيزان النجار، القرين، جورت اللوت، المنارة والسلام، عبسان الجديدة واحيائها، عبسان الكبيرة واحيائها، بلدية الخزاعة واحيائها، بلدية الفخاري واحيائها، المناطق الاقليمية، https://t.co/fBRzjxF3Wq,"To all residents and displaced persons present in the areas of Al-Qarara and its neighborhoods, Bani Suhaila and its neighborhoods, including the neighborhoods of Maan, Qizan Al-Najjar, Al-Qurain, Jurt Al-Lut, Al-Manara and Al-Salam, Abasan Al-Jadida and its neighborhoods, Abasan Al-Kabira and its neighborhoods, Al-Khuza’a Municipality and its neighborhoods, Al-Fakhari Municipality and its neighborhoods, the regional areas, Al-Shawka Municipality and Al-Nasr Municipality in Blocks 37, 39, 42, 68-84,
114-116, 121-124, 212-225, 231-256, 260, 270, 2270, 2280

For your safety, you must evacuate immediately to the humanitarian zone.",18:03,"Al-Qarara, Bani Suhaila, Maan, Qizan Al-Najjar, Al-Qurain, Jurt Al-Lut, Al-Manara, Al-Salam, Abasan Al-Jadida, Abasan Al-Kabira, Al-Khuza’a Municipality, Al-Fakhari Municipality, Al-Shawka Municipality, Al-Nasr Municipality",,,,,humanitarian zone,https://gazamaps.com/displacement/3,https://gazamaps.com/storage/displacement-maps/gaza/idf/q6zDB7RB8XIeSHlZ4Jw0bqyLnB1UlLQA8tFYrNcE.jpg,,,"42.2, 42.3, 52, 53, 68, 69, 70, 71, 72, 73, 74, 75, 76, 77, 78, 79, 80, 81, 82, 83, 84, 114, 115, 116, 117, 118, 121, 122, 123, 124, 212, 213, 214, 215, 216, 217, 218, 219, 220.1, 220.2, 221, 222, 223, 224, 225, 231, 232, 233, 234, 235, 236, 237, 238, 239, 240, 241, 242, 243, 244, 245, 246, 247, 248, 249, 250, 251, 252, 253, 254, 255, 256, 260.1, 260.2, 270.1, 270.2, 321, 607, 617, 2270.1, 2270.2, 2270.3, 2280.1, 2280.2","36, 37.1, 37.2, 38, 39, 40, 41, 42.1, 43, 44, 45, 46, 47, 48, 49, 50, 51, 54, 55, 56, 57, 58, 59, 60, 61, 62, 63, 64, 65, 66, 67, 86, 87, 88, 89.1, 89.2, 90, 91, 92, 93, 94, 95, 96, 97, 99, 100, 101, 102, 103, 104, 105, 106, 107, 108, 109, 110, 111, 112, 128.1, 128.2, 129.1, 129.2, 130.1, 130.2, 132, 133, 134, 135, 136, 137, 138, 139, 140, 142, 143, 144, 145, 146, 147, 148, 149, 150, 151, 2336, 2337, 2338, 2339, 2351, 2352, 2353, 2354, 2355, 2356","Al-Qarara, Bani Suhaila, Maan, Qizan Al-Najjar, Al-Qurain, Jurt Al-Lut, Al-Manara, Al-Salam, Abasan Al-Jadida, Abasan Al-Kabira, Al-Khuza’a Municipality, Al-Fakhari Municipality, Al-Shawka Municipality, Al-Nasr Municipality",humanitarian zone,85.82,60.32
2024-06-27,https://x.com/AvichayAdraee/status/1806264754068942966,"#عاجل الى جميع السكان والنازحين المتواجدين في منطقة الشجاعية والاحياء الجديدة، التركمان والتفاح في بلوكات:
321, 607, 617, 618, 619, 622, 623, 632, 686, 720, 721, 722, 751, 730, 731, 732, 734, 735, 736, 737, 834, 887, 888, 889, 890, 891, 892, 893 

من أجل سلامتكم - عليكم الاخلاء https://t.co/gf6tsdpYj1","To all residents and displaced persons in the Shujaiya area and the new neighborhoods, Turkmen and Tuffah in the blocks:
321, 607, 617, 618, 619, 622, 623, 632, 686, 720, 721, 722, 751, 730, 731, 732, 734, 735, 736, 737, 834, 887, 888, 889, 890, 891, 892, 893

For your safety, you must evacuate immediately south on Salah El-Din Street to the humanitarian zone.",12:54,"Shujaiya area, new neighborhoods, Turkmen, Tuffah",,,,,humanitarian zone,https://gazamaps.com/displacement/4,https://gazamaps.com/storage/displacement-maps/gaza/idf/lCwkiZJPyNvUmm7YIg1OE9TFxY2RNdepDgvqRmNW.jpg,,,"618, 619, 622, 623, 632, 686, 720, 721, 722, 730, 731, 732, 734, 735, 736, 737, 751.1, 751.2, 834, 887, 888, 889, 890, 891, 892, 893",,"Shujaiya, Turkmen, Tuffah","humanitarian zone, Salah El-Din",5.0,0.0
2024-05-31,,,,,Unknown,,,https://idfleaflets.com/23,"Serious Warning

To all residents and displaced persons in the Boys' Preparatory School A and the Mahdi Shawa High School in Block 578

and the Razi Shawa Middle School in Block 577 in the Beit Hanoun area*

Hamas and the terrorist organizations launched rockets from your residential area, and therefore the IDF will operate with great force in the area. You must evacuate immediately to the shelter - in western Gaza City.*

Forewarned!

IDF",Unknown,,,,,,,western Gaza City,"Boys' Preparatory School A, Mahdi Shawa High School, Razi Shawa Middle School, Beit Hanoun",,
2024-05-18,https://x.com/AvichayAdraee/status/1791870827484328420,"#عاجل 🔴 تحذير عاجل الى السكان المتواجدين في أحياء الكرامة، مشروع عامر، العطاطرة والسلاطين - بلوكات 973, 974, 978, 979, 1738-1745

🔴تقوم عناصر حماس والمنظمات الارهابية بأنشطة إرهابية وبإطلاق قذائف صاروخية الى البلدات الاسرائيلية من المناطق التي تتواجدون فيها حيث سيعمل جيش الدفاع https://t.co/MUL0vtI62H","Urgent warning to residents of the Al-Karamah, Amer Project, Al-Atatra and Al-Sultans neighborhoods - Blocks 973, 974, 978, 979, 1738-1745

🔴 Hamas and terrorist organizations are carrying out terrorist activities and launching rockets at Israeli towns from the areas where you are located. The IDF will act against them forcefully and urgently.

🔴 You must evacuate your areas immediately to the known shelters west of Gaza City.",19:37,"Al-Karamah, Amer Project, Al-Atatra, Al-Sultans",,,,,Unknown,https://gazamaps.com/displacement/5,https://gazamaps.com/storage/displacement-maps/gaza/idf/hyOLmDfY0QeqQOBmzU1aLav7OmOXTyO5mHzq8mZw.jpg,,,"974, 978, 979, 1738, 1739, 1740, 1741, 1742, 1743, 1744, 1745",,"Al-Karamah, Amer Project, Al-Atatra, Al-Salateen",west of Gaza City,7.55,0.0
2024-05-15,,,,,Unknown,,,,,Unknown,https://gazamaps.com/displacement/6,https://gazamaps.com/storage/displacement-maps/gaza/idf/xMIx9xFu9RHTPBx1J5HefUdmcOAM5jvOPyoCYPV0.jpg,,,"1763, 1764, 1765, 1767, 1768, 1769, 1770, 1774",,Unknown,Unknown,2.47,0.0
2024-05-14,https://x.com/AvichayAdraee/status/1790391505045033042,"#عاجل ‼️🔴 إلى جميع السكان المتواجدين في أحياء الكرامة والسلاطين والزهور في منطقة شمال قطاع غزة وتحديدًا في بلوكات 969-974, 
 967, 1738, 984, 1739 

⭕️حماس والمنظمات الارهابية الأخرى تستخدم أراضيكم لأنشطة إرهابية ولاطلاق قذائف صاروخية نحو الأراضي الإسرائيلية ولذلك سيعمل جيش https://t.co/CnynyNarmm","To all residents of the Al-Karamah, Al-Sultans, and Al-Zahour neighborhoods in the northern Gaza Strip, specifically in Blocks 969-974,
967, 1738, 984, 1739

⭕️ Hamas and other terrorist organizations are using your territory for terrorist activities and to launch rockets towards Israeli territory, and therefore the IDF will act forcefully against them urgently.

⭕️ For your safety, you must evacuate the area immediately to known shelters west of Gaza City.",17:39,"Al-Karamah, Al-Sultans, Al-Zahour",,,,,known shelters west of Gaza City,https://gazamaps.com/displacement/7,https://gazamaps.com/storage/displacement-maps/gaza/idf/gdOdFWo274rvGH2Xby8YlHunNFXGgyAPfcV9ME6V.jpg,,,"967, 969, 970, 971, 972, 973, 974, 984, 1738, 1739",,"Al-Karamah, Al-Salateen, Al-Zahour",known shelters west of Gaza City,1.42,0.0
2024-05-11,https://x.com/AvichayAdraee/status/1789171670105636971,"#عاجل 🔴 نداء إلى جميع السكان والنازحين المتواجدين في منطقة جباليا وأحياء السلام والنور وتل الزعتر ومشروع بيت لاهيا ومعسكر جباليا وعزبة ملين والروضة, والنزهة, الجرن، النهضة، والزهور - توجهوا فورًا إلى المآوي غرب مدينة غزة! 

⭕️تتواجدون في منطقة قتال خطيرة. تحاول حماس إعمار https://t.co/oFYipXMajx","🔴 A call to all residents and displaced persons in the Jabalia area, the Salam, Al-Nour, Tal Al-Zaatar neighborhoods, the Beit Lahia project, the Jabalia camp, Ezbet Malin, Al-Rawda, Al-Nuzha, Al-Jurn, Al-Nahda, and Al-Zahour neighborhoods - head immediately to the shelters west of Gaza City!

⭕️ You are in a dangerous combat zone. Hamas is trying to build up its capabilities in the area, and therefore the IDF will act with extreme force against the terrorist organizations in the area where you are located. Therefore, anyone in these areas is putting themselves and their families in danger.

⭕️ It is forbidden to approach the security fence, as approaching the fence poses a danger to your life and safety.

🔴 We also call on some other neighborhoods in eastern Rafah, which have witnessed terrorist activities by Hamas in recent days and weeks, along with other terrorist infrastructure, specifically in the Rafah and Shabura camps, and the neighborhoods of Al-Idari, Al-Janina, and Khirbet Al-Adas in Blocks: 6-9, 17, 25-27, and 31 - to immediately head to the expanded humanitarian area in Al-Mawasi.",8:52,"Jabalia area, Salam, Al-Nour, Tal Al-Zaatar, Beit Lahia project, Jabalia camp, Ezbet Malin, Al-Rawda, Al-Nuzha, Al-Jurn, Al-Nahda, Al-Zahour, eastern Rafah, Rafah camp, Shabura camp, Al-Idari, Al-Janina, Khirbet Al-Adas",,,,,"shelters west of Gaza City, expanded humanitarian area in Al-Mawasi",https://gazamaps.com/displacement/9,https://gazamaps.com/storage/displacement-maps/gaza/idf/cdrX7y8lFFTPFmvodYztvPw7hx4jquP0rYS4iop8.jpg,,,"578, 754, 755, 756, 920, 952, 953, 961, 962, 963, 976, 984, 1766, 1771, 1772, 1781, 1782, 1783, 1784, 1785, 1786, 1787, 1788, 1789, 1790, 1791, 1792, 1793, 1794, 1795, 1796, 1797, 1798, 1799, 1800, 1801, 1802, 1803, 1804, 1805, 1806, 1807, 1808, 1809, 1810, 1811, 1812, 1813, 1814, 1816, 1817, 1818, 1819, 1820",,"Jabalia area, Salam, Al-Nour, Tal Al-Zaatar, Beit Lahia project, Jabalia camp, Ezbet Malin, Al-Rawda, Al-Nuzha, Al-Jurn, Al-Nahda, Al-Zahour, eastern Rafah, Rafah camp, Shabura camp, Al-Idari, Al-Janina, Khirbet Al-Adas","shelters west of Gaza City, expanded humanitarian area in Al-Mawasi",11.63,0.0
2024-05-11,https://x.com/AvichayAdraee/status/1789171670105636971,"#عاجل 🔴 نداء إلى جميع السكان والنازحين المتواجدين في منطقة جباليا وأحياء السلام والنور وتل الزعتر ومشروع بيت لاهيا ومعسكر جباليا وعزبة ملين والروضة, والنزهة, الجرن، النهضة، والزهور - توجهوا فورًا إلى المآوي غرب مدينة غزة! 

⭕️تتواجدون في منطقة قتال خطيرة. تحاول حماس إعمار https://t.co/oFYipXMajx","🔴 A call to all residents and displaced persons in the Jabalia area, the Salam, Al-Nour, Tal Al-Zaatar neighborhoods, the Beit Lahia project, the Jabalia camp, Ezbet Malin, Al-Rawda, Al-Nuzha, Al-Jurn, Al-Nahda, and Al-Zahour neighborhoods - head immediately to the shelters west of Gaza City!

⭕️ You are in a dangerous combat zone. Hamas is trying to build up its capabilities in the area, and therefore the IDF will act with extreme force against the terrorist organizations in the area where you are located. Therefore, anyone in these areas is putting themselves and their families in danger.

⭕️ It is forbidden to approach the security fence, as approaching the fence poses a danger to your life and safety.

🔴 We also call on some other neighborhoods in eastern Rafah, which have witnessed terrorist activities by Hamas in recent days and weeks, along with other terrorist infrastructure, specifically in the Rafah and Shabura camps, and the neighborhoods of Al-Idari, Al-Janina, and Khirbet Al-Adas in Blocks: 6-9, 17, 25-27, and 31 - to immediately head to the expanded humanitarian area in Al-Mawasi.",8:52,"Jabalia area, Salam, Al-Nour, Tal Al-Zaatar, Beit Lahia project, Jabalia camp, Ezbet Malin, Al-Rawda, Al-Nuzha, Al-Jurn, Al-Nahda, Al-Zahour, eastern Rafah, Rafah camp, Shabura camp, Al-Idari, Al-Janina, Khirbet Al-Adas",,,https://idfleaflets.com/22,"To all residents and displaced persons in the Jabalia area and in the neighborhoods of Al-Salam, Al-Nour, Tal al-Zaatar, Beit Lahia Project, Jabalia Camp, Ezbet Malin, Al-Rawda, Al-Nuzha, Al-Jurn, Al-Nahda, and Al-Zuhur:

You are in a dangerous combat zone.

The IDF will soon operate with great force against the terrorist organizations in the area where you are located.

Anyone in these areas is risking their life and the lives of their family members.

For your own safety, we urge you to evacuate immediately to the shelters located west of Gaza City.

It is strictly forbidden to approach the security fence.

Approaching the fence endangers your life and safety.

Israel Defense Forces","shelters west of Gaza City, expanded humanitarian area in Al-Mawasi",https://gazamaps.com/displacement/8,https://gazamaps.com/storage/displacement-maps/gaza/idf/RUTJ5DYhugje2zInZYvPPi3kVV0rqYKWJ9mHgQSv.jpg,,,"6, 7, 8, 9, 17, 25, 26, 27, 31","36, 37.1, 37.2, 38, 39, 40, 41, 42.1, 43, 44, 45, 46, 47, 48, 49, 50, 51, 54, 55, 56, 57, 58, 59, 60, 61, 62, 63, 64, 65, 66, 67, 86, 87, 88, 89.1, 89.2, 90, 91, 92, 93, 94, 95, 96, 97, 99, 100, 101, 102, 103, 104, 105, 106, 107, 108, 109, 110, 111, 112, 128.1, 128.2, 129.1, 129.2, 130.1, 130.2, 132, 133, 134, 135, 136, 137, 138, 139, 140, 142, 143, 144, 145, 146, 147, 148, 149, 150, 151, 2336, 2337, 2338, 2339, 2351, 2352, 2353, 2354, 2355, 2356","Jabalia area, Salam, Al-Nour, Tal Al-Zaatar, Beit Lahia project, Jabalia camp, Ezbet Malin, Al-Rawda, Al-Nuzha, Al-Jurn, Al-Nahda, Al-Zahour, eastern Rafah, Rafah camp, Shabura camp, Al-Idari, Al-Janina, Khirbet Al-Adas","shelters west of Gaza City, expanded humanitarian area in Al-Mawasi",6.01,60.32
2024-05-06,https://x.com/AvichayAdraee/status/1787344298943365560,"#عاجل 🔴 نداء عاجل الى كل السكان والنازحين المتواجدين في منطقة بلدية الشوكة وبالأحياء - السلام الجنينة, تبة زراع والبيوك في منطقة رفح بالبلوكات: 10-16, 28, 270

⭕️جيش الدفاع سوف يعمل بقوة شديدة ضد المنظمات الإرهابية في مناطق مكوثكم مثلما فعل حتى الآن. كل من يتواجد بالقرب من https://t.co/I4LDdAtYET","🔴 An urgent appeal to all residents and displaced persons in the Al-Shawka municipality area and in the neighborhoods of Al-Salam Al-Janina, Tabat Zeraa and Al-Biouk in the Rafah area in blocks: 10-16, 28, 270

⭕️ The IDF will act with great force against the terrorist organizations in the areas where you reside, as it has done until now. Anyone who is close to terrorist organizations is putting his life and the life of his family in danger.

⭕️ For your safety, the IDF appeals to you.
By immediate evacuation to the expanded humanitarian area in Al Mawasi.

⭕️ We warn you that Gaza City is still a dangerous combat zone. Refrain from returning north from Wadi Gaza.
We warn you not to approach the eastern and southern security fence.",7:51,"Al-Shawka municipality, Al-Salam Al-Janina, Tabat Zeraa, Al-Biouk, Rafah",,,,,Al Mawasi,https://gazamaps.com/displacement/10,https://gazamaps.com/storage/displacement-maps/gaza/idf/CQq0zMtYx4jBDb9nxLcZTQx81nNXlBYx0tbdNSCQ.jpg,,,"10, 11, 12, 13, 14, 15, 16, 28","36, 37.1, 37.2, 38, 39, 40, 41, 42.1, 43, 44, 45, 46, 47, 48, 49, 50, 51, 54, 55, 56, 57, 58, 59, 60, 61, 62, 63, 64, 65, 66, 67, 86, 87, 88, 89.1, 89.2, 90, 91, 92, 93, 94, 95, 96, 97, 99, 100, 101, 102, 103, 104, 105, 106, 107, 108, 109, 110, 111, 112, 128.1, 128.2, 129.1, 129.2, 130.1, 130.2, 132, 133, 134, 135, 136, 137, 138, 139, 140, 142, 143, 144, 145, 146, 147, 148, 149, 150, 151, 2336, 2337, 2338, 2339, 2351, 2352, 2353, 2354, 2355, 2356","Al-Shawka municipality, Al-Salam Al-Janina, Tabat Zeraa, Al-Biouk, Rafah",Al Mawasi,6.31,60.32
2024-03-18,https://x.com/avichayadraee/status/1769613852021231856,"#عاجل 🔴 نداء الى كل المتواجدين والنازحين في حي الرمال وفي مستشفي الشفاء ومحيطه:
من اجل الحفاظ على أمنكم - عليكم اخلاء المنطقة بشكل فوري غرباً ومن ثم عبر شارع الرشيد (البحر) جنوباً إلى المنطقة الإنسانية في المواصي https://t.co/X95ASt8zJP","🔴 A call to all those present and displaced in Al-Rimal neighborhood, Al-Shifa Hospital, and its surroundings:
For your safety, you must evacuate the area immediately to the west, then via Rashid Street (Al-Bahr) to the south to the humanitarian area in Al-Mawasi.",9:36,"Al-Rimal neighborhood, Al-Shifa Hospital",,,https://idfleaflets.com/20,"Urgent Warning

To all those present and displaced in the Rimal neighborhood, and to the displaced in and around Shifa Hospital, you are in a dangerous combat zone! The IDF is operating forcefully in your residential area and presence to destroy the terrorist infrastructure.

In order to preserve your safety, the IDF calls on you to evacuate immediately westward via Rashid Street and then head south to the humanitarian zone in Al-Mawasi.

Rashid Street

IDF",Al-Mawasi,https://gazamaps.com/displacement/12,https://gazamaps.com/storage/displacement-maps/gaza/idf/X5xMagPcuyiDEqqZX26pHkF5axA3V2OZSnaYlpfC.jpg,,,"663, 703, 704, 705, 706, 707, 708, 709, 785, 835",,"Al-Rimal neighborhood, Al-Shifa Hospital","Al-Mawasi, Rashid Street (Al-Bahr), west",2.42,0.0
2024-02-20,https://x.com/avichayadraee/status/1759825957697774049,"#عاجل 🔴 نداء عاجل الى كل السكان المتواجدين في احياء الزيتون والتركمان في قطاع غزة:

حرصًا على سلامتكم ندعوكم للانتقال فورًا عبر شارع صلاح الدين إلى المنطقة الإنسانية في المواصي https://t.co/4I9i9LGmKL","🔴 Urgent appeal to all residents of the Zeitoun and Turkmen neighborhoods in the Gaza Strip:

For your safety, we invite you to move immediately via Salah El-Din Street to the humanitarian area in Al-Mawasi.",9:22,"Zeitoun, Turkmen",,,,,Al-Mawasi,https://gazamaps.com/displacement/13,https://gazamaps.com/storage/displacement-maps/gaza/idf/GpQhfefeEjZCmszQR9VuztPRXAUIQUSPeQvcnbEX.jpg,,,"321, 613, 619, 620, 622, 623, 624, 625, 626, 627, 628, 629, 630, 631, 632, 633, 634, 635, 636, 638, 639.1, 639.2, 639.3, 639.4, 640.1, 640.2, 641, 642.1, 642.2, 643, 644, 682, 683.1, 683.2, 684, 686, 710, 711, 730, 731, 732, 733, 734, 735, 736, 737",,"Zeitoun, Turkmen","Al-Mawasi, Salah El-Din",14.95,0.0
2024-01-29,,,,,Unknown,,,,,Unknown,https://gazamaps.com/displacement/15,https://gazamaps.com/storage/displacement-maps/gaza/idf/CMG16SLiq9szcbVdV0o6tnwIMaUENvkhuZNB7644.jpg,https://gazamaps.com/storage/displacement-maps/gaza/full/vM9l6G3Kik7wUQLwbRfZligC77l4BRzbJhGOzcjm.jpg,https://gazamaps.com/storage/displacement-maps/gaza/zoom/ROQn8z32GaGNWYXspcXfqED5BSRJfqfRIXsg8Ovc.jpg,"663, 687, 688, 690, 702, 703, 704, 705, 706, 707, 708, 709, 724, 725, 726, 727, 728, 729, 762, 765, 766, 767, 768, 769, 771, 772, 776, 777, 778, 779, 780, 781, 782, 783, 784, 785, 786, 787, 788, 789, 835",,Unknown,Unknown,10.49,0.0
2024-01-23,https://x.com/AvichayAdraee/status/1749716786818281575/photo/1,#عاجل 🔴🔴 الى سكان منطقة خان يونس في أحياء النصر، الأمل، مركز المدينة والمخيم (المعسكر) في بلوكات 107-112: من أجل سلامتكم عليكم الانتقال فورًا إلى المنطقة الإنسانية في المواصي عن طريق شارع البحر. https://t.co/2JJJ9dkrmh,"🔴🔴 To the residents of the Khan Yunis area in the neighborhoods of Al-Nasr, Al-Amal, the city center, and the camp (the camp) in Blocks 107-112: For your safety, you must move immediately to the humanitarian area in Al-Mawasi via Al-Bahr Street.",11:52,"Khan Yunis, Al-Nasr, Al-Amal, city center, the camp",,,,,Al-Mawasi,https://gazamaps.com/displacement/14,https://gazamaps.com/storage/displacement-maps/gaza/idf/bzFlcyWcO7j62SWCirg9I1F5NFx7QTyylv6lTwBF.jpg,https://gazamaps.com/storage/displacement-maps/gaza/full/j80sNix1m7TbvnSPslgjbFqPeCiUagi7nuDBlK4J.jpg,https://gazamaps.com/storage/displacement-maps/gaza/zoom/3ClHr9MWgBZDalNSsOjIulWbBFk3msxwtMQFsSv5.jpg,"107, 108, 109, 110, 111, 112",,"Khan Yunis, Al-Nasr, Al-Amal, city center, the camp","Al-Mawasi, Al-Bahr Street",2.57,0.0
2023-12-31,https://x.com/avichayadraee/status/1740307087748423697,"#عاجل سكان قطاع غزة، جيش الدفاع يعمل بقوة ضد حماس والمنظمات الإرهابية. فيما يلي عدة تعليمات عاجلة: 

⭕️الى سكان مخيم البريج وأحياء بدر وساحل الشمال والنزهة والزهراء والبراق والبسمة والبوادي والروضة والصفاء في المناطق جنوب وادي غزة في البلوكات 2315-2317, 660-662, 664, 666, 2210, https://t.co/JrEQLr54ui","Residents of the Gaza Strip, the IDF is operating forcefully against Hamas and terrorist organizations. Here are several urgent instructions:

⭕️ To the residents of Al-Bureij camp and the neighborhoods of Badr, North Coast, Al-Nuzha, Al-Zahraa, Al-Buraq, Al-Basma, Al-Bawadi, Al-Rawda, and Al-Safa in the areas south of Wadi Gaza in blocks 2315-2317, 660-662, 664, 666, 2210, 2220-2225, 2230: For your safety, you must move immediately to the shelters in Deir Al-Balah.

⭕️ There will be a temporary, local tactical suspension of military activities for humanitarian purposes in the Al-Salam South neighborhood of Deir al-Balah from 10:00 AM until 2:00 PM, for the purpose of supplying.

⭕️ The fighting and military advance of the IDF in the Khan Yunis area do not allow the movement of civilians via the Salah al-Din axis in the sections north and east of Khan Yunis.
In these sections, the Saladin axis is a battlefield, so it is dangerous to reach it!

⭕️ The IDF will enable humanitarian civilian movement via the bypass west of Khan Yunis. Movement in both directions from the Rafah and Khan Yunis areas towards Deir al-Balah and the central refugee camps will be enabled via the following axes: Rashid Street (the sea) - Shuhada Street in Deir al-Balah.

⭕️ We remind you that we have published a map of the areas (blocks) that divide the Gaza Strip into areas and neighborhoods that you are familiar with, in an effort to help you understand and comprehend the issued directives and move from specific locations precisely if necessary, to preserve your safety and security. Link to the map website:",12:41,"Al-Bureij camp, Badr, North Coast, Al-Nuzha, Al-Zahraa, Al-Buraq, Al-Basma, Al-Bawadi, Al-Rawda, Al-Safa, Deir al-Balah, Khan Yunis",,,,,Deir Al-Balah,https://gazamaps.com/displacement/11,https://gazamaps.com/storage/displacement-maps/gaza/idf/gJyDSi4OYuyPazdmfkUM8BU2rHcm0UmnAvyFRuE1.jpg,,,,,"Al-Bureij camp, Badr, North Coast, Al-Nuzha, Al-Zahraa, Al-Buraq, Al-Basma, Al-Bawadi, Al-Rawda, Al-Safa, Deir al-Balah, Khan Yunis",Deir Al-Balah,0.0,0.0
2023-12-21,,,,,Unknown,,,https://idfleaflets.com/11,"Urgent Warning

To those in the Jabalia, Al-Daraj, Al-Tuffah, and Old City areas, the area you are in is considered a dangerous combat zone. For your safety, the IDF calls on you to immediately evacuate this area and head to the known shelters near you. If you obtain valuable information regarding the kidnapped persons, please inform us of it by all means.

IDF",Unknown,,,,,,,Unknown,"Jabalia, Al-Daraj, Al-Tuffah, Old City",,
2023-12-14,https://x.com/AvichayAdraee/status/1735216345820590388,"#عاجل سكان قطاع غزة، جيش الدفاع يعمل بقوة ضد حماس والمنظمات الإرهابية في منطقة خان يونس وفي شمال القطاع. فيما يلي عدة تعليمات عاجلة: 

⭕️إلى سكان شمال القطاع: نحثكم على اخلاء أماكن تواجدكم بشكل عاجل والتوجه من خلال طريق صلاح الدين نحو المآوي المعروفة في منطقة دير البلح بين الساعة https://t.co/0LvdSedsXa","Residents of the Gaza Strip, the IDF is operating forcefully against Hamas and terrorist organizations in the Khan Yunis area and in the northern Gaza Strip. The following are several urgent instructions:

⭕️ To the residents of the northern Gaza Strip: We urge you to evacuate your locations immediately and head via Salah al-Din Road towards the known shelters in the Deir al-Balah area between 10:00 (10:00) in the morning and 4:00 (16:00) in the evening.

⭕️ To the residents of Khan Yunis in blocks 47, 55, 56, 59, 67, 99, 101-106, for your safety we call on you to move immediately to the shelters for the displaced in the neighborhoods of Tel Sultan, Al-Zahour and Al-Shabura (to follow the list of blocks: https://bit.ly/gaza_blockmap1 )

⭕️ The fighting and military advance of the IDF in the Khan Yunis area do not allow the movement of civilians along the Salah al-Din axis in the sections north and east of Khan Yunis.
In these sections, the Saladin axis is a battlefield, so it is dangerous to reach it!

⭕️ The IDF will enable humanitarian civilian movement via the bypass west of Khan Yunis. Movement in both directions from the Rafah and Khan Yunis areas towards Deir al-Balah and the central refugee camps will be enabled via the following axes: Rashid Street (the sea) - Shuhada Street in Deir al-Balah.

⭕️ There will also be a temporary, local tactical suspension of military activities for humanitarian purposes in the Al-Salam neighborhood in Rafah, from 10:00 a.m. until 2:00 p.m., for the purpose of resupply.",11:33,"northern Gaza Strip, Khan Yunis",,,,,"Deir al-Balah, Tel Sultan, Al-Zahour, Al-Shabura",https://gazamaps.com/displacement/31,https://gazamaps.com/storage/displacement-maps/gaza/idf/HHWogXG7tDGYneoJtjjxQqfkfyRe2UtwbS7sYwhr.jpg,https://gazamaps.com/storage/displacement-maps/gaza/full/N7XMRAvmaNrCw1wifrCtWwDPmK9WPKPlsiJ1nt53.jpg,https://gazamaps.com/storage/displacement-maps/gaza/zoom/L7LZY2P1hsQ00Vs96LbGDUkqlHYtBVtWPbG4j2wD.jpg,"47, 56, 59, 67, 101, 102, 103, 104, 105, 106",,"northern Gaza Strip, Khan Yunis, Rafah","Deir al-Balah, Tel Sultan, Al-Zahour, Al-Shabura, Salah al-Din, Rashid Street (the sea), Shuhada Street",1.15,0.0
2023-12-09,https://x.com/AvichayAdraee/status/1733485933834449245/photo/1,"#عاجل نداء عاجل إلى سكان أحياء الكتيبة والمحطة ووسط المدينة في محافظة #خان_يونس في البلوكات رقم 47, 55, 104-106:

⭕️ندعوكم إلى اخلاء أماكن تواجدكم بشكل عاجل نحو المآوي المعروفة غرب مدينة خان يونس.

⭕️نذكركم أننا نشرنا خريطة المناطق (البلوكات) التي تقسم القطاع إلى مناطق وأحياء https://t.co/BSXU2NU9bK","Urgent appeal to the residents of the Al-Katiba, Al-Mahta and Downtown neighbourhoods in #خان_يونس district in blocks No. 47, 55, 104-106:

⭕️ We call on you to evacuate your locations urgently to the known shelters west of Khan Yunis.

⭕️ We remind you that we have published a map of the areas (blocks) that divide the sector into areas and neighborhoods that you are familiar with, in an effort to help you understand and comprehend the issued directives and move from specific locations precisely if necessary, to preserve your safety and security.
Map site link:",16:57,"Al-Katiba, Al-Mahta, Downtown",,,,,Unknown,https://gazamaps.com/displacement/32,https://gazamaps.com/storage/displacement-maps/gaza/idf/G0ty0ipfFWyH6JBLHhHLegZhURolG3kVDx707gKd.jpg,https://gazamaps.com/storage/displacement-maps/gaza/full/Svhh1o8AW4rKQtZLRPQhzWv9GWrC1jn3CGGF7GMm.jpg,https://gazamaps.com/storage/displacement-maps/gaza/zoom/GTyx75zNKRbdOcH9ehhsOrgk9Sia3MAgYxCtuhyv.jpg,"47, 55, 103, 104, 105, 106",,"Al-Katiba, Al-Mahta, Downtown",west of Khan Yunis,0.74,0.0
2023-12-09,https://x.com/AvichayAdraee/status/1733036333352767914/photo/1,"#عاجل سكان قطاع غزة، جيش الدفاع يعمل بقوة ضد حماس والمنظمات الإرهابية في قطاع غزة وبشكل خاص في منطقة خان يونس وشمال القطاع. فيما يلي عدة تعليمات عاجلة: 

⭕️نداء عاجل إلى سكان جباليا والشجاعية والزيتون والبلدة القديمة في غزة ندعوكم إلى اخلاء أماكن تواجدكم بشكل عاجل عبر شارعيْ خليل https://t.co/H4jXVyY6Us","Residents of the Gaza Strip, the IDF is operating forcefully against Hamas and terrorist organizations in the Gaza Strip, particularly in the Khan Yunis area and the northern Gaza Strip. The following are several urgent instructions:

⭕️ An urgent appeal to the residents of Jabalia, Shujaiya, Zeitoun and the Old City in Gaza. We call on you to evacuate your locations urgently via Khalil Al-Wazir and Al-Wahda Streets towards the known shelters west of Gaza City.

⭕️ The fighting and military advance of the IDF in the Khan Yunis area do not allow the movement of civilians via the Salah al-Din axis in the sections north and east of Khan Yunis.
The Salah al-Din axis in these sections constitutes a combat zone, making it dangerous to reach! The IDF will enable the movement of humanitarian civilians via the bypass axis west of Khan Yunis. Movement from the Rafah area and Khan Yunis towards Deir al-Balah and the central refugee camps will be enabled via the following axes: Rashid Street (the sea) - Shuhada Street in Deir al-Balah.

⭕️ There will also be a temporary, local tactical suspension of military activities for humanitarian purposes in the western neighborhood of Rafah District, from 10:00 AM until 2:00 PM, for the purpose of supplying.",11:10,"Jabalia, Shujaiya, Zeitoun, Old City, Khan Yunis",,,,,"west of Gaza City, Deir al-Balah, central refugee camps",https://gazamaps.com/displacement/40,https://gazamaps.com/storage/displacement-maps/gaza/idf/vpHtaIcL67aji9PEwIjysz858ogPc0L8x9gtwQpy.jpg,https://gazamaps.com/storage/displacement-maps/gaza/full/mQ6NbzttEkP26OitC4sDtdab3aFwaQD5Ce6oPNja.jpg,https://gazamaps.com/storage/displacement-maps/gaza/zoom/iBddEm3ZlOgSqD9otxhs7n1ZiTnWmTbOwLrcY2oU.jpg,"578, 602, 604, 605, 606, 607, 608, 609, 617, 618, 697, 699, 713, 714, 715, 716, 717, 718, 719, 720, 721, 722, 723, 751.1, 751.2, 752, 753, 754, 755, 756, 834, 891, 893, 909, 915, 916, 919, 920, 952, 953, 961, 963, 1766, 1767, 1768, 1770, 1771, 1772, 1774, 1781, 1782, 1783, 1784, 1785, 1786, 1787, 1788, 1789, 1790, 1791, 1792, 1793, 1794, 1795, 1796, 1797, 1798, 1799, 1800, 1801, 1802, 1803, 1804, 1805, 1806, 1807, 1808, 1809, 1810, 1811, 1812, 1816, 1817, 1819, 1820",,"Jabalia, Shujaiya, Zeitoun, Old City, Khan Yunis","west of Gaza City, Deir al-Balah, central refugee camps, Khalil Al-Wazir, Al-Wahda Streets, Rashid Street (the sea), Shuhada Street",20.68,0.0
2023-12-08,,,,,Unknown,,,https://idfleaflets.com/9,"Emergency Message!

To all residents who have not yet evacuated to the known shelters and are now in the Jabalia, Shuja'iyya, Old City, and Zeitoun area

located west of Gaza City, and head only to the known shelters

Rimal neighborhood and do not leave them

via Khalil al-Wazir Street and al-Wahda Street. For your safety, the IDF calls on you to evacuate immediately.

He who is warned is excused!

IDF",Unknown,,,,,,,"Jabalia, Shuja'iyya, Old City, Zeitoun area, west of Gaza City","Rimal, Khalil al-Wazir, al-Wahda",,
2023-12-04,https://x.com/AvichayAdraee/status/1731539367368241265/photo/1,"#عاجل سكان قطاع غزة، لقد استأنف جيش الدفاع الإسرائيلي عمله القوي ضد حماس وباقي المنظمات الإرهابية في قطاع غزة.  نرجو إخطاركم بما يلي حفاظاً على أمنكم وسلامتكم:

⭕️إلى سكان البلوكات المعنية في أحياء المحطة، والكتيبة، وحمد، والسطر، وبني سهيلا ومعن (البلوكات 36، 54-38، 221-219) https://t.co/UkyB5cW6Yn","Residents of the Gaza Strip, the IDF has resumed its aggressive action against Hamas and other terrorist organizations in the Gaza Strip. Please note the following for your safety and security:

⭕️ To the residents of the affected blocks in the neighborhoods of Al-Mahta, Al-Katiba, Hamad, Al-Satr, Bani Suhaila and Maan (Blocks 36, 54-38, 221-219), for your safety, we call on you to move to the known shelters for the displaced in the neighborhoods of Al-Fakhari, Al-Shaboura, Al-Zahour and Tal Al-Sultan.

⭕️ We remind you that we have published the “Map of Areas (Blocks)” that divides the Gaza Strip into areas and neighborhoods that you are familiar with, in an effort to help you, in the next stages of the war, to understand and comprehend the issued directives and move from precisely defined locations if necessary, in order to preserve your security and safety.
Map site link: https://bit.ly/gaza_blockmap1

⭕️ Residents of Gaza, if Hamas elements still prevent you from doing so, please contact us via Telegram @gaza_saver or call the phone number: +97250-341-0322",8:02,"Gaza Strip, Al-Mahta, Al-Katiba, Hamad, Al-Satr, Bani Suhaila, Maan",,,,,"Al-Fakhari, Al-Shaboura, Al-Zahour, Tal Al-Sultan",https://gazamaps.com/displacement/41,https://gazamaps.com/storage/displacement-maps/gaza/idf/cBsrrDT6UkRNVYLJeI5NAJV7MheILSCD4507cnAe.jpg,https://gazamaps.com/storage/displacement-maps/gaza/full/WLtCA2s6VfMxwmQhaTNI5rCK2T8j8jdZlMh1Ba3Y.jpg,https://gazamaps.com/storage/displacement-maps/gaza/zoom/IJGmhcghiWju4LestHh4JtQRwVM5xdVtjZqKKQsY.jpg,"36, 38, 39, 40, 41, 42.1, 42.2, 42.3, 43, 44, 45, 46, 47, 48, 49, 50, 51, 52, 53, 54, 55, 103, 104, 105, 106, 218, 219, 220.1, 220.2, 221",,"Gaza Strip, Al-Mahta, Al-Katiba, Hamad, Al-Satr, Bani Suhaila, Maan","Al-Fakhari, Al-Shaboura, Al-Zahour, Tal Al-Sultan",11.57,0.0
2023-12-02,https://x.com/AvichayAdraee/status/1730849868447436881/photo/2,"#عاجل سكان قطاع غزة لقد استأنف جيش الدفاع العمل بقوة ضد حماس وباقي المنظمات الإرهابية في قطاع غزة. نرجو إخطاركم بما يلي:

في منطقة شمال القطاع: 

⭕️سكان جباليا والشجاعية والزيتون والبلدة القديمة في غزة.
⭕️سكان جباليا المقيمين في البلوكات الآتية: 1772، 1808، 1811، 961، 963، 760. https://t.co/kfaAtl3xG1","Residents of the Gaza Strip: The IDF has resumed aggressive action against Hamas and other terrorist organizations in the Gaza Strip. Please be informed of the following:

In the northern Gaza Strip:

⭕️ Residents of Jabalia, Shujaiya, Zeitoun and the Old City of Gaza.
⭕️ Jabalia residents residing in the following blocks: 1772, 1808, 1811, 961, 963, 760.

For your safety, we urge you to evacuate your homes immediately via the Haifa and Khalil al-Wazir axes and head to the designated shelters and schools in the Al-Daraj and Tuffah neighborhoods and west of Gaza City.",10:22,"Jabalia, Shujaiya, Zeitoun, Old City of Gaza",,,,,"Al-Daraj, Tuffah, west of Gaza City",https://gazamaps.com/displacement/18,https://gazamaps.com/storage/displacement-maps/gaza/idf/8McZY71rOJr6k20SQ7EH6eu8Bb0S5gUOyGMCdjTL.png,https://gazamaps.com/storage/displacement-maps/gaza/full/YWpIgbqzDARr8V6mH2Q6EYV0hKCYv1HLUpGpBZcV.jpg,https://gazamaps.com/storage/displacement-maps/gaza/zoom/F2keMXVEZzQYmihjaobl1YwTbmMn69GyXz2WjFW4.jpg,"578, 602, 604, 605, 606, 607, 608, 609, 617, 618, 697, 699, 713, 714, 715, 716, 717, 718, 719, 720, 721, 722, 723, 751.1, 751.2, 752, 753, 754, 755, 756, 834, 891, 893, 909, 915, 916, 919, 920, 952, 953, 961, 963, 1766, 1767, 1768, 1770, 1771, 1772, 1774, 1781, 1782, 1783, 1784, 1785, 1786, 1787, 1788, 1789, 1790, 1791, 1792, 1793, 1794, 1795, 1796, 1797, 1798, 1799, 1800, 1801, 1802, 1803, 1804, 1805, 1806, 1807, 1808, 1809, 1810, 1811, 1812, 1816, 1817, 1819, 1820",,"Jabalia, Shujaiya, Zeitoun, Old City of Gaza","Al-Daraj, Tuffah, west of Gaza City, Haifa, Khalil al-Wazir",20.68,0.0
2023-12-02,https://x.com/AvichayAdraee/status/1730849868447436881/photo/1,"#عاجل سكان قطاع غزة لقد استأنف جيش الدفاع العمل بقوة ضد حماس وباقي المنظمات الإرهابية في قطاع غزة. نرجو إخطاركم بما يلي:

في منطقة شمال القطاع: 

⭕️سكان جباليا والشجاعية والزيتون والبلدة القديمة في غزة.
⭕️سكان جباليا المقيمين في البلوكات الآتية: 1772، 1808، 1811، 961، 963، 760. https://t.co/kfaAtl3xG1","Residents of the Gaza Strip: The IDF has resumed aggressive action against Hamas and other terrorist organizations in the Gaza Strip. Please be informed of the following:

In the northern Gaza Strip:

⭕️ Residents of Jabalia, Shujaiya, Zeitoun and the Old City of Gaza.
⭕️ Jabalia residents residing in the following blocks: 1772, 1808, 1811, 961, 963, 760.

For your safety, we urge you to evacuate your homes immediately via the Haifa and Khalil al-Wazir axes and head to the designated shelters and schools in the Al-Daraj and Tuffah neighborhoods and west of Gaza City.",10:22,"Jabalia, Shujaiya, Zeitoun, Old City of Gaza",,,,,"Al-Daraj, Tuffah, west of Gaza City",https://gazamaps.com/displacement/42,https://gazamaps.com/storage/displacement-maps/gaza/idf/0S0wRRHFIfI7O7knqKejWei1N3zxC7GY63KRebVC.jpg,https://gazamaps.com/storage/displacement-maps/gaza/full/OeYajfp08K6tXmHqKW7b8l8QOiEzaVazkxdHyg6x.jpg,https://gazamaps.com/storage/displacement-maps/gaza/zoom/E1K6BMtNyQnCml2POkIGkIrBRHmMgHhzoMYySoFx.jpg,"699, 713, 714, 715, 718, 719, 723, 754, 755, 760, 764, 961, 962, 963, 964, 975, 976, 977, 983, 1772, 1781, 1782, 1783, 1784, 1785, 1786, 1787, 1788, 1789, 1790, 1791, 1792, 1793, 1794, 1795, 1796, 1797, 1798, 1799, 1800, 1801, 1802, 1803, 1804, 1805, 1806, 1807, 1808, 1809, 1810, 1811, 1812, 1813, 1814, 1815, 1816, 1817, 1818, 1819, 1820",,"Jabalia, Shujaiya, Zeitoun, Old City of Gaza","Al-Daraj, Tuffah, west of Gaza City, Haifa, Khalil al-Wazir",11.7,0.0
2023-11-15,https://x.com/AvichayAdraee/status/1724698787753361887,"#عاجل يا سكان غزة، وخاصة سكان شمال القطاع  أودّ إخطاركم بالرسائل التالية: 

🔴 الى سكان أحياء تل الهوا والصبرة والزيتون الغربي ودرج التفاح والشجاعية وجباليا نحثكم على ضرورة اخلاء مناطق سكنكم بشكل فوري حفاظًا على سلامتكم وذلك عبر طريق صلاح الدين حتى الساعة الرابعة (16:00) مساء https://t.co/S2zFhDRzBK","To the residents of Gaza, and especially the residents of the northern Gaza Strip, I would like to inform you of the following messages:

🔴 To the residents of the neighborhoods of Tel al-Hawa, al-Sabra, al-Zeitoun al-Gharbi, Daraj al-Tuffah, al-Shuja'iyya and Jabalia, we urge you to evacuate your residential areas immediately for your own safety, by taking Salah al-Din Road until four o'clock (16:00) in the evening, in order to reach the southern Gaza Valley and the humanitarian zone.

🔴 We will be temporarily suspending military activities today, specifically between 10:00 a.m. (10:00) and 2:00 p.m. (14:00) for humanitarian purposes in the Salam and Al-Nour neighborhoods in the Jabalia area. We urge you to take advantage of this period to reach Salah al-Din Street and move south.

Don't give in to Hamas's dictates. Hundreds of thousands of residents of the northern Gaza Strip have moved south in recent days through the humanitarian corridor, on foot or in cars. Please, for your own safety, join those who made the right decision. Hamas has lost control of the northern Gaza Strip and is doing everything it can to prevent you from moving south and protect yourselves. If Hamas members block your way, contact us via text message at
+97250-341-0322
Or on Telegram account @gaza_saver

We urge you to take advantage of the time and move south.",11:00,"Gaza, northern Gaza Strip, Tel al-Hawa, al-Sabra, al-Zeitoun al-Gharbi, Daraj al-Tuffah, al-Shuja'iyya, Jabalia",,,,,"southern Gaza Valley, humanitarian zone",https://gazamaps.com/displacement/105,https://gazamaps.com/storage/displacement-maps/gaza/idf/Db9HkEaK28CLVL31WHVTfe930cVezx5LqHcruGMq.jpg,,,,,"Gaza, northern Gaza Strip, Tel al-Hawa, al-Sabra, al-Zeitoun al-Gharbi, Daraj al-Tuffah, al-Shuja'iyya, Jabalia","southern Gaza Valley, humanitarian zone, Salah al-Din",0.0,0.0
2023-10-13,https://x.com/AvichayAdraee/status/1712846493747495223,"#عاجل 🔴 سكان مدينة غزة, 
قمنا بمناشدتكم صباحاً لمغادرة مدينة غزة إلى منطقة جنوب وادي غزة، حفاظاً على سلامتكم. أود أن أبلغكم أن جيش الدفاع الإسرائيلي سيمتنع عن المس بالمسار المحدد في الخارطة حتى الساعة 20:00. 
حرصاً على سلامتكم استغلوا الوقت القادم للتحرك جنوباً من بيت حانون إلى https://t.co/6Fpk6otVBY","🔴 Gaza City residents,
We urged you this morning to leave Gaza City for the southern Gaza Valley area for your own safety. I would like to inform you that the IDF will refrain from harming the route marked on the map until 8:00 PM.
For your own safety, please take advantage of the upcoming time to move south from Beit Hanoun to Khan Yunis.
We will post additional secure methods later.
If you care about yourself and your loved ones, head south according to our instructions. Be assured that Hamas leaders are only concerned about protecting themselves in preparation for strikes in the region.",18:03,"Gaza City, Beit Hanoun, Khan Yunis",,,,,"southern Gaza Valley area, Khan Yunis",https://gazamaps.com/displacement/102,https://gazamaps.com/storage/displacement-maps/gaza/idf/b8oDJnK2rkzCKdELG4QtzEKljSzFh4bdhwFFOS2h.jpg,,,,,"Gaza City, Beit Hanoun, Khan Yunis","southern Gaza Valley area, Khan Yunis",0.0,0.0
2023-10-08,https://x.com/avichayadraee/status/1710776997230620908,"#عاجل سكان قطاع غزة انتبهوا! عمليات حماس تجبر جيش الدفاع للعمل في أماكن سكنكم فمن أجل سلامتكم عليكم ترك مكان سكنكم حالًا. 
🔴 سكان منطقة المقوسي يجب التوجه الى مركز مدينة غزة
🔴 سكان بيت حانون يجب التوجه الى مركز مدينة غزة
🔴 سكان منطقة شمال وشرق البريج التوجه الى المأوي في https://t.co/1x0kVVd0hZ","Residents of the Gaza Strip, beware! Hamas operations are forcing the IDF to operate in your homes. For your own safety, you must leave your homes immediately.
🔴 Residents of the Maqousi area should go to the center of Gaza City.
🔴 Beit Hanoun residents should head to Gaza City Center.
🔴 Residents of the North and East Al-Bureij area are heading to shelter in the center’s camps.
🔴 Residents of the eastern and southern Maghazi area should head to the shelters in the centre’s camps.
🔴 Residents of the Abasan al-Kabira and Abasan al-Saghira areas should go to the city center of Khan Yunis.
🔴 Residents of the Rafah area should head to the shelter in Rafah city center.
🔴 Residents of the eastern Shuja'iyya neighborhood should head to Gaza City Center.",0:59,"Gaza Strip, Maqousi, Beit Hanoun, North Al-Bureij, East Al-Bureij, eastern Maghazi, southern Maghazi, Abasan al-Kabira, Abasan al-Saghira, Rafah, eastern Shuja'iyya",,,,,"Gaza City Center, center’s camps, Khan Yunis, Rafah city center",https://gazamaps.com/displacement/16,https://gazamaps.com/storage/displacement-maps/gaza/idf/JLJ9pQAN4uX9EJJjQg026n5WG7JM7y0k3WpywFMa.jpg,https://gazamaps.com/storage/displacement-maps/gaza/full/kxjTRxcr0qfJyjyEpsNgDdMJ1MgfEm5kPVv0yxtY.jpg,https://gazamaps.com/storage/displacement-maps/gaza/zoom/PRPTRqgXs6bIs3tu4mPwYsAPbaYgkSdA4hfYa7pm.jpg,"10, 11, 12, 569, 570, 571, 574, 578, 579, 580, 581, 582, 583, 584, 585, 660, 824, 832, 833, 852, 853, 889, 892, 978, 979, 980, 1742, 1743, 2210, 2220, 2221, 2231.1, 2231.2, 2240",,"Gaza Strip, Maqousi, Beit Hanoun, North Al-Bureij, East Al-Bureij, eastern Maghazi, southern Maghazi, Abasan al-Kabira, Abasan al-Saghira, Rafah, eastern Shuja'iyya","Gaza City, Khan Yunis, Rafah city center, center’s camps",27.0,0.0