event_id_cnty,event_date,year,time_precision,disorder_type,event_type,sub_event_type,actor1,assoc_actor_1,inter1,actor2,assoc_actor_2,inter2,interaction,civilian_targeting,iso,region,country,admin1,admin2,admin3,location,latitude,longitude,geo_precision,source,source_scale,notes,fatalities,tags,timestamp
PSE74310,2025-05-19,2025,1,Political violence,Violence against civilians,Attack,Military Forces of Israel (2022-),,External/Other forces,Civilians (Palestine),,Civilians,External/Other forces-Civilians,Civilian targeting,275,Middle East,Palestine,Gaza Strip,Gaza City,,Gaza - At Tuffah,31.5134,34.4751,1,Palestine News and Information Agency,National,"On 19 May 2025, Israeli forces opened fire in Gaza - At Tuffah (Gaza City, Gaza Strip), resulting in two injuries.",0,,1748304024
PSE74386,2025-05-19,2025,1,Political violence,Violence against civilians,Attack,Military Forces of Israel (2022-),,External/Other forces,Civilians (Palestine),,Civilians,External/Other forces-Civilians,Civilian targeting,275,Middle East,Palestine,Gaza Strip,Khan Yunis,,Khan Yunis,31.3502,34.3081,1,Palestine News and Information Agency,National,"On 19 May 2025, Israeli forces opened fire in Al Koutybah and street 5 in Khan Yunis (Khan Yunis, Gaza Strip), killing 1 person.",1,,1748304024
PSE74388,2025-05-19,2025,1,Political violence,Battles,Armed clash,Military Forces of Israel (2022-),,External/Other forces,Al Nasser Salah al Deen Brigades,,Political militia,Political militia-External/Other forces,,275,Middle East,Palestine,Gaza Strip,Khan Yunis,,Khan Yunis,31.3502,34.3081,1,Arutz Sheva; Liveuamap; Times of Israel,Local partner-New media,"On 19 May 2025, Israeli forces went undercover as women to a residential home in central Khan Yunis (Khan Yunis, Gaza Strip), and killed the leader of Al Nasser Salah al Deen Brigades and kidnapped his wife and children.",1,,1748304024
PSE74316,2025-05-17,2025,1,Political violence,Violence against civilians,Attack,Military Forces of Israel (2022-),,External/Other forces,Civilians (Palestine),,Civilians,External/Other forces-Civilians,Civilian targeting,275,Middle East,Palestine,Gaza Strip,Gaza City,,Gaza - Az Zaytun,31.4964,34.4522,1,Quds News Network,National,"On 17 May 2025, Israeli forces snipped two people in street 8 in Gaza - Az Zaytun (Gaza City, Gaza Strip), killing 1 person and injuring another. This event occurred following the expiration of the first phase of the ceasefire.",1,,1748304024
PSE73994,2025-05-16,2025,1,Political violence,Violence against civilians,Abduction/forced disappearance,Military Forces of Israel (2022-),,External/Other forces,Civilians (Palestine),Refugees/IDPs (Palestine),Civilians,External/Other forces-Civilians,Civilian targeting,275,Middle East,Palestine,Gaza Strip,North Gaza,,Beit Lahiya,31.5541,34.5016,1,Palestine News and Information Agency,National,"On 16 May 2025, Israeli forces kidnapped people from a sheltering centre in Beit Lahiya (North Gaza, Gaza Strip). This event occurred following the expiration of the first phase of the ceasefire.",0,,1747779314
PSE73754,2025-05-13,2025,1,Political violence,Violence against civilians,Attack,Military Forces of Israel (2022-),,External/Other forces,Civilians (Palestine),,Civilians,External/Other forces-Civilians,Civilian targeting,275,Middle East,Palestine,Gaza Strip,Khan Yunis,,Bani Suheila,31.3424,34.325,2,Quds News Network,National,"On 13 May 2025, Israeli forces injured a Palestinian man with gunshots in east of Bani Suheila (Khan Yunis, Gaza Strip). This event occurred following the expiration of the first phase of the ceasefire.",0,,1747779314
PSE73489,2025-05-08,2025,1,Political violence,Violence against civilians,Attack,Military Forces of Israel (2022-),,External/Other forces,Civilians (Palestine),,Civilians,External/Other forces-Civilians,Civilian targeting,275,Middle East,Palestine,Gaza Strip,Khan Yunis,,Al Mawasi (Khan Yunis),31.3482,34.2547,1,Palestine News and Information Agency,National,"On 8 May 2025, Israeli forces opened fire in Al Qaddam in the vicinity of Al Sumoud Camp in Al Mawasi (Khan Yunis) in (Khan Yunis, Gaza Strip), resulting in one child being injured. This event occurred following the expiration of the first phase of the ceasefire.",0,,1747091562
PSE73306,2025-05-02,2025,1,Political violence,Violence against civilians,Attack,Military Forces of Israel (2022-),,External/Other forces,Civilians (Palestine),,Civilians,External/Other forces-Civilians,Civilian targeting,275,Middle East,Palestine,Gaza Strip,Khan Yunis,,Al Qararah,31.3739,34.3409,1,Quds News Network,National,"On 2 May 2025, Israeli forces injured a person in Al Qararah (Khan Yunis, Gaza Strip) with gunshots. This event occurred following the expiration of the first phase of the ceasefire.",0,,1746490634
PSE73056,2025-04-28,2025,1,Political violence,Violence against civilians,Attack,Military Forces of Israel (2022-),,External/Other forces,Civilians (Palestine),,Civilians,External/Other forces-Civilians,Civilian targeting,275,Middle East,Palestine,Gaza Strip,Deir El Balah,,Deir al Balah,31.4178,34.3503,2,Quds News Network,National,"On 28 April 2025, Israeli forces snipped a person east of Deir al Balah (Deir El Balah, Gaza Strip), resulting in the person being injured. This event occurred following the expiration of the first phase of the ceasefire.",0,,1746490634
PSE72993,2025-04-26,2025,1,Political violence,Violence against civilians,Attack,Military Forces of Israel (2022-),,External/Other forces,Civilians (Palestine),,Civilians,External/Other forces-Civilians,Civilian targeting,275,Middle East,Palestine,Gaza Strip,Deir El Balah,,An Nusayrat - West,31.4525,34.3756,1,Quds News Network,National,"On 26 April 2025, Israeli forces opened fire near Tabet Al Nuwairi in An Nusayrat - West (Deir El Balah, Gaza Strip), resulting in one person being killed and others injured. Total fatalities coded as 1. This event occurred following the expiration of the first phase of the ceasefire.",1,,1746490634
PSE72900,2025-04-24,2025,1,Political violence,Violence against civilians,Attack,Military Forces of Israel (2022-),,External/Other forces,Civilians (Palestine),,Civilians,External/Other forces-Civilians,Civilian targeting,275,Middle East,Palestine,Gaza Strip,Rafah,,Tal as Sultan,31.3098,34.2414,2,Quds News Network,National,"On 24 April 2025, Israeli forces opened fire west of Rafah, coded to Tal as Sultan (Rafah, Gaza Strip), resulting in one person being injured. This event occurred following the expiration of the first phase of the ceasefire.",0,,1745881597
PSE72577,2025-04-24,2025,1,Political violence,Violence against civilians,Attack,Military Forces of Israel (2022-),,External/Other forces,Civilians (Palestine),,Civilians,External/Other forces-Civilians,Civilian targeting,275,Middle East,Palestine,Gaza Strip,Khan Yunis,,Al Fukhari,31.2952,34.3332,1,Quds News Network,National,"On 24 April 2025, Israeli forces opened fire near eastern areas of Al Fukhari town (Khan Yunis, Gaza Strip), resulting in one person being killed. This event occurred following the expiration of the first phase of the ceasefire.",1,,1747690207
PSE72724,2025-04-22,2025,1,Political violence,Battles,Armed clash,Military Forces of Israel (2022-),,External/Other forces,Unidentified Armed Group (Palestine),,Political militia,Political militia-External/Other forces,,275,Middle East,Palestine,Gaza Strip,Gaza City,,Gaza,31.5045,34.4743,1,Quds News Network,National,"On 22 April 2025, Israeli soldiers clashed at point-blank range with an unidentified Palestinian armed group in a building in Gaza (Gaza City, Gaza Strip). According to Palestinian media, Israeli soldiers were injured, though unconfirmed by IDF and casualties coded as 0. This event occurred following the expiration of the first phase of the ceasefire.",0,,1745881597
PSE72822,2025-04-21,2025,1,Political violence,Violence against civilians,Attack,Military Forces of Israel (2022-),,External/Other forces,Civilians (Palestine),,Civilians,External/Other forces-Civilians,Civilian targeting,275,Middle East,Palestine,Gaza Strip,Khan Yunis,,Abasan al Kabirah,31.3191,34.3401,1,Quds News Network,National,"On 21 April 2025, Israeli forces shot and injured a Palestinian man in Abasan al Kabirah (Khan Yunis, Gaza Strip). This event occurred following the expiration of the first phase of the ceasefire.",0,,1745881597
PSE72623,2025-04-20,2025,1,Political violence,Violence against civilians,Attack,Military Forces of Israel (2022-),,External/Other forces,Civilians (Palestine),,Civilians,External/Other forces-Civilians,Civilian targeting,275,Middle East,Palestine,Gaza Strip,Khan Yunis,,Bani Suheila,31.3424,34.325,2,Quds News Network,National,"On 20 April 2025, Israeli forces injured a Palestinian man with gunfire near European intersection in east of Khan Yunis, coded to Bani Suheila (Khan Yunis, Gaza Strip). This event occurred following the expiration of the first phase of the ceasefire.",0,,1745881596
PSE71611,2025-04-05,2025,1,Political violence,Violence against civilians,Attack,Military Forces of Israel (2022-),,External/Other forces,Civilians (Palestine),,Civilians,External/Other forces-Civilians,Civilian targeting,275,Middle East,Palestine,Gaza Strip,Gaza City,,Gaza - Shujaiyya,31.4988,34.4699,1,Ma'an News Agency,National,"On 5 April 2025, an Israel sniper, based in al Mintar area, killed a Palestinian man in eastern areas of Gaza - Shujaiyya (Gaza City, Gaza Strip). This event occurred following the expiration of the first phase of the ceasefire.",1,,1747690207
PSE71584,2025-04-02,2025,1,Political violence,Violence against civilians,Attack,Military Forces of Israel (2022-),,External/Other forces,Civilians (Palestine),,Civilians,External/Other forces-Civilians,Civilian targeting,275,Middle East,Palestine,Gaza Strip,Rafah,,Yibna,31.2842,34.2482,2,Quds News Network,National,"On 2 April 2025, Israeli soldiers opened fire northeast of Rafah coded as Yibna (Rafah, Gaza Strip) injuring one person. This event occurred following the expiration of the first phase of the ceasefire.",0,,1744085449
PSE71570,2025-04-02,2025,1,Political violence,Battles,Armed clash,Military Forces of Israel (2022-),,External/Other forces,Unidentified Armed Group (Palestine),,Political militia,Political militia-External/Other forces,,275,Middle East,Palestine,Gaza Strip,Rafah,,Rafah Border Crossing,31.2486,34.2592,2,Quds News Network; Twitter,New media-National,"On 2 April 2025, Israeli forces shot and killed an armed Palestinian gunman as he approached the border barrier in the south of the Strip, coded to Rafah Border Crossing (Rafah, Gaza Strip). This event occurred following the expiration of the first phase of the ceasefire.",1,,1744679478
PSE71349,2025-04-02,2025,1,Political violence,Violence against civilians,Attack,Military Forces of Israel (2022-),,External/Other forces,Civilians (Palestine),,Civilians,External/Other forces-Civilians,Civilian targeting,275,Middle East,Palestine,Gaza Strip,Gaza City,,Gaza - Shujaiyya,31.4988,34.4699,1,Palestine News and Information Agency,National,"On 2 April 2025, Israeli forces shot and killed a man in eastern parts of Gaza - Shujaiyya (Gaza City, Gaza Strip) as he was collecting wood. This event occurred following the expiration of the first phase of the ceasefire.",1,,1747690207
PSE71402,2025-04-01,2025,1,Political violence,Violence against civilians,Attack,Military Forces of Israel (2022-),,External/Other forces,Civilians (Palestine),,Civilians,External/Other forces-Civilians,Civilian targeting,275,Middle East,Palestine,Gaza Strip,Gaza City,,Al Mughraqa,31.4675,34.4097,1,Quds News Network,National,"On 1 April 2025, Israeli forces shot and injured 3 people in Jisr Wadi Gaza in Al Mughraqa (Gaza City, Gaza Strip). This event occurred following the expiration of the first phase of the ceasefire.",0,,1744085448
PSE71345,2025-03-30,2025,1,Political violence,Violence against civilians,Attack,Military Forces of Israel (2022-),,External/Other forces,Civilians (Palestine),,Civilians,External/Other forces-Civilians,Civilian targeting,275,Middle East,Palestine,Gaza Strip,Rafah,,Yibna,31.2842,34.2482,2,Quds News Network,National,"On 30 March 2025, Israeli forces fired gunshots in Awni Dahir street in northeast Rafah, coded to Yibna (Rafah, Gaza Strip) injuring one person. This event occurred following the expiration of the first phase of the ceasefire.",0,,1744085448
PSE71078,2025-03-26,2025,1,Political violence,Violence against civilians,Attack,Military Forces of Israel (2022-),,External/Other forces,Civilians (Palestine),,Civilians,External/Other forces-Civilians,Civilian targeting,275,Middle East,Palestine,Gaza Strip,Gaza City,,Gaza - At Turukman,31.4864,34.4738,1,Palestine News and Information Agency,National,"On 26 March 2025, an Israeli sniper shot a person east of Az Zaytun neighborhood coded to Gaza - At Turukman (Gaza City, Gaza Strip), resulting in one person being injured. This event likely occurred at the buffer zone and it occurred following the expiration of the first phase of the ceasefire.",0,,1743467603
PSE71087,2025-03-26,2025,1,Political violence,Violence against civilians,Attack,Military Forces of Israel (2022-),,External/Other forces,Civilians (Palestine),,Civilians,External/Other forces-Civilians,Civilian targeting,275,Middle East,Palestine,Gaza Strip,Rafah,,Shokat as Sufi,31.2586,34.2824,1,Quds News Network,National,"On 26 March 2025, Israeli forces opened fire in Shokat as Sufi (Rafah, Gaza Strip), resulting in one person being killed with a live bullet. This event occurred following the expiration of the first phase of the ceasefire.",1,,1743467603
PSE71065,2025-03-25,2025,1,Political violence,Violence against civilians,Attack,Military Forces of Israel (2022-),,External/Other forces,Civilians (Palestine),,Civilians,External/Other forces-Civilians,Civilian targeting,275,Middle East,Palestine,Gaza Strip,Rafah,,Al Mawasi (Rafah),31.3294,34.2299,1,Ma'an News Agency; Quds News Network,National,"On 25 March 2025, Israeli forces shot and killed a man in Al Shakoush area in Al Mawasi (Rafah) (Rafah, Gaza Strip). This event occurred following the expiration of the first phase of the ceasefire.",1,,1743467603
PSE70434,2025-03-15,2025,1,Political violence,Violence against civilians,Attack,Military Forces of Israel (2022-),,External/Other forces,Civilians (Palestine),,Civilians,External/Other forces-Civilians,Civilian targeting,275,Middle East,Palestine,Gaza Strip,North Gaza,,Beit Lahiya - Ezbet Beit Hanoun,31.5472,34.5225,1,Ma'an News Agency; Palestine News and Information Agency,National,"On 15 March 2025, Israeli forces opened fire near Al Nada Towers in Beit Lahiya - Ezbet Beit Hanoun (North Gaza, Gaza Strip), resulting in a child killed [the child died after being shot in the head] and a woman injured. This event occurred following the expiration of the first phase of the ceasefire.",1,,1742858681
PSE70438,2025-03-15,2025,1,Political violence,Violence against civilians,Attack,Military Forces of Israel (2022-),,External/Other forces,Civilians (Palestine),,Civilians,External/Other forces-Civilians,Civilian targeting,275,Middle East,Palestine,Gaza Strip,Rafah,,Tal as Sultan,31.3098,34.2414,1,Ma'an News Agency,National,"On 15 March 2025, Israeli forces opened fire in Tal as Sultan (Rafah, Gaza Strip), resulting in one person being injured. This event occurred following the expiration of the first phase of the ceasefire.",0,,1742858681
PSE70435,2025-03-15,2025,1,Political violence,Violence against civilians,Attack,Military Forces of Israel (2022-),,External/Other forces,Civilians (Palestine),,Civilians,External/Other forces-Civilians,Civilian targeting,275,Middle East,Palestine,Gaza Strip,Rafah,,Khirbet al Adas,31.2855,34.2714,1,Palestine News and Information Agency,National,"On 15 March 2025, Israeli forces opened fire near Al Hamzeh Mosque in Khirbet al Adas (Rafah, Gaza Strip), resulting in one person being injured with a bullet. This event occurred following the expiration of the first phase of the ceasefire.",0,,1744085448
PSE70164,2025-03-14,2025,1,Political violence,Violence against civilians,Attack,Military Forces of Israel (2022-),,External/Other forces,Civilians (Palestine),Refugees/IDPs (Palestine); Women (Palestine),Civilians,External/Other forces-Civilians,Civilian targeting,275,Middle East,Palestine,Gaza Strip,Rafah,,Khirbet al Adas,31.2855,34.2714,1,Quds News Network,National,"On 14 March 2025, Israeli forces shot and injured a Palestinian woman with gunfire in an refugee centre in Khirbet al Adas (Rafah, Gaza Strip). This event occurred following the expiration of the first phase of the ceasefire.",0,,1744085448
PSE70205,2025-03-13,2025,1,Political violence,Violence against civilians,Attack,Military Forces of Israel (2022-),,External/Other forces,Civilians (Palestine),,Civilians,External/Other forces-Civilians,Civilian targeting,275,Middle East,Palestine,Gaza Strip,Deir El Balah,,Al Burayj,31.4394,34.4031,1,Liveuamap,Local partner-New media,"On 13 March 2025, Israeli forces shot a Palestinian man near the Martyrs roundabout in Al Burayj camp (Deir El Balah, Gaza Strip). Casualties unknown. This event occurred following the expiration of the first phase of the ceasefire.",0,,1742254419
PSE70161,2025-03-11,2025,1,Political violence,Violence against civilians,Attack,Military Forces of Israel (2022-),,External/Other forces,Civilians (Palestine),Women (Palestine),Civilians,External/Other forces-Civilians,Civilian targeting,275,Middle East,Palestine,Gaza Strip,Deir El Balah,,Al Burayj,31.4394,34.4031,2,Quds News Network,National,"On 11 March 2025, Israeli forces opened fire east of Deir El Balah coded to Al Burayj (Deir El Balah, Gaza Strip), resulting in one woman being killed. This event likely occurred in the buffer zone and after the expiration of the first phase of the ceasefire.",1,,1742254419
PSE70187,2025-03-11,2025,1,Political violence,Battles,Armed clash,Military Forces of Israel (2022-),,External/Other forces,Hamas Movement,,Political militia,Political militia-External/Other forces,,275,Middle East,Palestine,Gaza Strip,Gaza City,,Juhr ad Dik,31.4557,34.4372,2,Israeli Defense Forces; Jerusalem Post; Palestine News and Information Agency,Other-National,"On 11 March 2025, Israeli drones targeted a group of people near the Gaza - Nezarim checkpoint, coded to Juhr ad Dik (Gaza City, Gaza Strip), killing five individuals. The IDF claimed the group [likely Hamas] was allegedly involved in suspicious activity, likely attempting to plant a bomb, and posed a threat to its forces [likely in this location]. This event occurred following the expiration of the first phase of the ceasefire.",5,,1742254419
PSE70213,2025-03-10,2025,1,Political violence,Violence against civilians,Attack,Military Forces of Israel (2022-),,External/Other forces,Civilians (Palestine),Fishers (Palestine),Civilians,External/Other forces-Civilians,Civilian targeting,275,Middle East,Palestine,Gaza Strip,Gaza City,,Coast of Gaza City,31.5304,34.4215,2,Quds News Network,National,"On 10 March 2025, Israeli naval forces opened fire near the Gaza Port, off the Coast of Gaza City (Gaza City, Gaza Strip), injuring two fishermen. This event took place following the expiration of the first phase of the ceasefire.",0,,1742247753
PSE70165,2025-03-10,2025,1,Political violence,Violence against civilians,Attack,Military Forces of Israel (2022-),,External/Other forces,Civilians (Palestine),Women (Palestine),Civilians,External/Other forces-Civilians,Civilian targeting,275,Middle East,Palestine,Gaza Strip,Rafah,,Tal as Sultan,31.3098,34.2414,1,Quds News Network,National,"On 10 March 2025, Israeli forces opened fire near Helma Al Saqer Mosque in Tal as Sultan (Rafah, Gaza Strip), resulting in one injury [a woman]. This event occurred following the expiration of the first phase of the ceasefire.",0,,1742254419
PSE70231,2025-03-09,2025,1,Political violence,Violence against civilians,Attack,Military Forces of Israel (2022-),,External/Other forces,Civilians (Palestine),,Civilians,External/Other forces-Civilians,Civilian targeting,275,Middle East,Palestine,Gaza Strip,Khan Yunis,,Khuzaa,31.3069,34.3572,1,Quds News Network,National,"On 9 March 2025, Israeli forces opened fire in Khuzaa (Khan Yunis, Gaza Strip), resulting in two injuries [a woman and a man]. The man died from his wounds on 12 March 2025. This event occurred following the expiration of the first phase of the ceasefire.",1,,1742254419
PSE70215,2025-03-08,2025,1,Political violence,Violence against civilians,Attack,Military Forces of Israel (2022-),,External/Other forces,Civilians (Palestine),,Civilians,External/Other forces-Civilians,Civilian targeting,275,Middle East,Palestine,Gaza Strip,Khan Yunis,,Abasan al Jadidah,31.3416,34.3459,1,Palestine News and Information Agency,National,"On 8 March 2025, Israeli forces opened fire in Abasan al Jadidah (Khan Yunis, Khan Yunis), resulting in one man being injured. This event occurred following the expiration of the first phase of the ceasefire.",0,,1742254419
PSE70219,2025-03-08,2025,1,Political violence,Violence against civilians,Attack,Military Forces of Israel (2022-),,External/Other forces,Civilians (Palestine),,Civilians,External/Other forces-Civilians,Civilian targeting,275,Middle East,Palestine,Gaza Strip,Khan Yunis,,Abasan al Kabirah,31.3191,34.3401,2,Ma'an News Agency,National,"On 8 March 2025, Israeli forces opened fire east of Khan Yunis coded to Abasan al Kabirah (Khan Yunis, Gaza Strip), resulting in two injuries [among them one child]. This event likely occurred at the buffer zone and it occurred following the expiration of the first phase of the ceasefire.",0,,1742254419
PSE69961,2025-03-04,2025,1,Political violence,Violence against civilians,Attack,Military Forces of Israel (2022-),,External/Other forces,Civilians (Palestine),,Civilians,External/Other forces-Civilians,Civilian targeting,275,Middle East,Palestine,Gaza Strip,Deir El Balah,,Al Burayj,31.4394,34.4031,2,Quds News Network,National,"On 4 March 2025, Israeli military stationed east of Deir El Balah along the buffer zone, targeted east of the city, coded to Al Burayj (Deir El Balah, Gaza Strip) with gunshots, killing one Palestinian man. This event occurred following the expiration of the first phase of the ceasefire.",1,,1741741875
PSE69984,2025-03-04,2025,1,Political violence,Violence against civilians,Attack,Military Forces of Israel (2022-),,External/Other forces,Civilians (Palestine),,Civilians,External/Other forces-Civilians,Civilian targeting,275,Middle East,Palestine,Gaza Strip,Rafah,,Al Bayuk,31.2747,34.2899,3,Quds News Network; Twitter,New media-National,"On 4 March 2025, Israeli forces fired with gunshots at a Palestinian man injuring him south of the Gaza Strip, along the buffer zone, coded to Al Bayuk (Rafah, Gaza Strip). According to Israeli media, the 'suspect approached forces and posed an imminent threat to Israeli troops'. This event occurred following the expiration of the first phase of the ceasefire.",0,,1741741875
PSE69960,2025-03-04,2025,1,Political violence,Violence against civilians,Attack,Military Forces of Israel (2022-),,External/Other forces,Civilians (Palestine),Aid Workers (Palestine),Civilians,External/Other forces-Civilians,Civilian targeting,275,Middle East,Palestine,Gaza Strip,Rafah,,Rafah Border Crossing,31.2486,34.2592,2,Palestinian Ministry of Health; Quds News Network,Other-National,"On 4 March 2025, Israeli forces intercepted WHO ambulance vehicles and opened fire in the vicinity of the vehicles at the gate of the Rafah Border Crossing (Rafah, Gaza Strip) while they were transporting patients scheduled to be evacuated. Casualties unknown. This event occurred following the expiration of the first phase of the ceasefire. [Palestinian Ministry of Health reported 6 fatalities between 3 - 4 March 2025. 1 fatality not attributed to specific events added to this event.]",1,,1744679478
PSE69987,2025-03-04,2025,1,Political violence,Violence against civilians,Attack,Military Forces of Israel (2022-),,External/Other forces,Civilians (Palestine),,Civilians,External/Other forces-Civilians,Civilian targeting,275,Middle East,Palestine,Gaza Strip,Rafah,,Al Junainah,31.2642,34.2636,1,Liveuamap,Local partner-New media,"On 4 March 2025, Israeli forces fired gunshots injuring a child in Al Junainah (Rafah, Gaza Strip). This event occurred following the expiration of the first phase of the ceasefire.",0,,1744679478
PSE69974,2025-03-03,2025,1,Political violence,Violence against civilians,Attack,Military Forces of Israel (2022-),,External/Other forces,Civilians (Palestine),,Civilians,External/Other forces-Civilians,Civilian targeting,275,Middle East,Palestine,Gaza Strip,Khan Yunis,,Al Qararah,31.3739,34.3409,1,Quds News Network,National,"On 3 March 2025, Israeli forces fired gunshots at Eastern Al Qararah (Khan Yunis, Gaza Strip) injuring a child. This event occurred following the expiration of the first phase of the ceasefire.",0,,1741741875
PSE69990,2025-03-02,2025,1,Political violence,Violence against civilians,Attack,Military Forces of Israel (2022-),,External/Other forces,Civilians (Palestine),,Civilians,External/Other forces-Civilians,Civilian targeting,275,Middle East,Palestine,Gaza Strip,Rafah,,Rafah,31.287,34.2595,1,Ma'an News Agency; Newpress; Quds News Network; Twitter,New media-National,"On 2 March 2025, an Israeli sniper shot and killed a Palestinian man in Rafah (Rafah, Gaza Strip), and fired continuous live ammunition in the location injuring two other women. Israeli artillery also fired gunshots at the same location as well as sound bombs. These events occurred following the expiration of the first phase of the ceasefire.",1,,1744085448
PSE69996,2025-03-01,2025,1,Political violence,Violence against civilians,Attack,Military Forces of Israel (2022-),,External/Other forces,Civilians (Palestine),,Civilians,External/Other forces-Civilians,Civilian targeting,275,Middle East,Palestine,Gaza Strip,Rafah,,Tal as Sultan,31.3098,34.2414,1,Quds News Network,National,"On 1 March 2025, Israeli forces shot a child in the foot in Tal as Sultan (Rafah, Gaza Strip). This event occurred following the expiration of the first phase of the ceasefire.",0,,1741741875
PSE69765,2025-02-27,2025,1,Political violence,Violence against civilians,Attack,Military Forces of Israel (2022-),,External/Other forces,Civilians (Palestine),Women (Palestine),Civilians,External/Other forces-Civilians,Civilian targeting,275,Middle East,Palestine,Gaza Strip,Rafah,,Rafah Border Crossing,31.2486,34.2592,2,Palestine News and Information Agency,National,"On 27 February 2025, Israeli forces opened fire in the vicinity of the Rafah land crossing coded to Rafah Border Crossing (Rafah, Gaza Strip), resulting in one injury [woman]. This event occurred during the first stage of a 42-day ceasefire that began on 19 January 2025.",0,,1744679478
PSE69738,2025-02-26,2025,1,Political violence,Violence against civilians,Attack,Military Forces of Israel (2022-),,External/Other forces,Civilians (Palestine),Farmers (Palestine),Civilians,External/Other forces-Civilians,Civilian targeting,275,Middle East,Palestine,Gaza Strip,Deir El Balah,,Al Maghazi,31.4214,34.3865,2,Palestinian Ministry of Health; Quds News Network,Other-National,"On 26 February 2025, Israeli forces opened fire at farmers east of Al Maghazi (Deir El Balah, Gaza Strip), resulting in one being injured. This event occurred during the first stage of a 42-day ceasefire that began on 19 January 2025. [Palestinian Ministry of Health reported 17 fatalities between 25 - 26 February 2025. 15 fatalities not attributed to specific added to this event.]",15,,1742254419
PSE69750,2025-02-26,2025,1,Political violence,Violence against civilians,Attack,Military Forces of Israel (2022-),,External/Other forces,Civilians (Palestine),,Civilians,External/Other forces-Civilians,Civilian targeting,275,Middle East,Palestine,Gaza Strip,Rafah,,Rafah,31.287,34.2595,1,Quds News Network,National,"On 26 February 2025, Israeli forces opened fire in Rafah (Rafah, Gaza Strip), resulting in two individuals being injured. This event occurred during the first stage of a 42-day ceasefire that began on 19 January 2025.",0,,1744085448
PSE69710,2025-02-24,2025,1,Political violence,Violence against civilians,Attack,Military Forces of Israel (2022-),,External/Other forces,Civilians (Palestine),,Civilians,External/Other forces-Civilians,Civilian targeting,275,Middle East,Palestine,Gaza Strip,Khan Yunis,,Al Farahin,31.3319,34.3602,1,Palestine News and Information Agency,National,"On 24 February 2025, Israeli forces heavily fired at residential areas in Al Farahin (Khan Yunis, Gaza Strip). Casualties unknown. This event occurred during the first stage of a 42-day ceasefire that began on 19 January 2025.",0,,1741125205
PSE69791,2025-02-24,2025,1,Political violence,Battles,Armed clash,Military Forces of Israel (2022-),,External/Other forces,Unidentified Armed Group (Palestine),,Political militia,Political militia-External/Other forces,,275,Middle East,Palestine,Gaza Strip,Rafah,,Rafah,31.287,34.2595,2,Israeli Defense Forces; Quds News Network; Twitter,Other-New media,"On 24 February 2025, after a projectile launched by an unidentified Palestinian armed group towards Israel from Rafah (Rafah, Gaza Strip) misfired and fell in Gaza, Israeli airforce, likely a drone, targeted two rocket launcher sites in that area. This event occurred during the first stage of a 42-day ceasefire that began on 19 January 2025.",0,,1744085448
PSE69706,2025-02-23,2025,1,Political violence,Violence against civilians,Attack,Military Forces of Israel (2022-),,External/Other forces,Civilians (Palestine),,Civilians,External/Other forces-Civilians,Civilian targeting,275,Middle East,Palestine,Gaza Strip,Rafah,,Tal as Sultan,31.3098,34.2414,2,Ma'an News Agency; Quds News Network,National,"On 23 February 2025, Israeli forces opened fire in Saudi neighborhood west of Rafah city, coded to Tal as Sultan (Rafah, Gaza Strip) injuring one person. This event occurred during the first stage of a 42-day ceasefire that began on 19 January 2025.",0,,1741125205
PSE69699,2025-02-23,2025,1,Political violence,Violence against civilians,Attack,Military Forces of Israel (2022-),,External/Other forces,Civilians (Palestine),,Civilians,External/Other forces-Civilians,Civilian targeting,275,Middle East,Palestine,Gaza Strip,North Gaza,,Ezbet Abed Rabbou,31.5163,34.5115,1,Liveuamap,Local partner-New media,"On 23 February 2025, Israeli forces fired gunshots near the Martyrs' Cemetery in east of Jabalya, coded to Ezbet Abed Rabbou (North Gaza, Gaza Strip) killing 1 person and wounding others. This event occurred during the first stage of a 42-day ceasefire that began on 19 January 2025.",1,,1742254419
PSE69697,2025-02-23,2025,1,Political violence,Violence against civilians,Attack,Military Forces of Israel (2022-),,External/Other forces,Civilians (Palestine),,Civilians,External/Other forces-Civilians,Civilian targeting,275,Middle East,Palestine,Gaza Strip,Gaza City,,Gaza - Ijdeedeh,31.4984,34.4978,2,Quds News Network,National,"On 23 February 2025, an Israeli sniper shot and killed a Palestinian as he was in his agricultural land in Shaaf street east of Gaza city, coded to Gaza - Ijdeedeh (Gaza City, Gaza Strip). This event occurred during the first stage of a 42-day ceasefire that began on 19 January 2025.",1,,1743467601
PSE69781,2025-02-23,2025,1,Political violence,Battles,Armed clash,Military Forces of Israel (2022-),,External/Other forces,Hamas Movement,,Political militia,Political militia-External/Other forces,,275,Middle East,Palestine,Gaza Strip,Rafah,,Rafah Border Crossing,31.2486,34.2592,2,Ma'an News Agency,National,"On 23 February 2025, Israeli forces opened fire on a jeep carrying several men (likely Hamas aid distributors) causing the vehicle to overturn near Rafah Border Crossing (Rafah, Gaza Strip) killing 1 man and injuring 4 others. This event occurred during the first stage of a 42-day ceasefire that began on 19 January 2025.",1,,1744679478
PSE69689,2025-02-22,2025,1,Political violence,Violence against civilians,Attack,Military Forces of Israel (2022-),,External/Other forces,Civilians (Palestine),,Civilians,External/Other forces-Civilians,Civilian targeting,275,Middle East,Palestine,Gaza Strip,Rafah,,As Salam,31.2678,34.2567,1,Palestinian Ministry of Health; Quds News Network,Other-National,"On 22 February 2025, Israeli forces fired heavily towards residential houses in As Salam (Rafah, Gaza Strip). Casualties unknown. This event occurred during the first stage of a 42-day ceasefire that began on 19 January 2025. [Palestinian Ministry of Health reported 34 fatalities between 19 - 22 February 2025. 27 fatalities not attributed to specific events split across 2 events on 22 February. 14 fatalities coded to this event.]",14,,1744679478
PSE69690,2025-02-22,2025,1,Political violence,Violence against civilians,Attack,Military Forces of Israel (2022-),,External/Other forces,Civilians (Palestine),,Civilians,External/Other forces-Civilians,Civilian targeting,275,Middle East,Palestine,Gaza Strip,Rafah,,Brazil Camp,31.2718,34.2532,2,Palestinian Ministry of Health; Quds News Network,Other-National,"On 22 February 2025, Israeli forces fired heavily towards residential houses in Brazil neighborhood, coded to Brazil Camp (Rafah, Gaza Strip). Casualties unknown. This event occurred during the first stage of a 42-day ceasefire that began on 19 January 2025. [Palestinian Ministry of Health reported 34 fatalities between 19 - 22 February 2025. 27 fatalities not attributed to specific events split across 2 events on 22 February. 13 fatalities coded to this event.]",13,,1744679478
PSE69603,2025-02-20,2025,1,Political violence,Violence against civilians,Attack,Military Forces of Israel (2022-),,External/Other forces,Civilians (Palestine),,Civilians,External/Other forces-Civilians,Civilian targeting,275,Middle East,Palestine,Gaza Strip,Gaza City,,Gaza - Ijdeedeh,31.4984,34.4978,2,Israeli Defense Forces; Liveuamap; Ma'an News Agency; Palestine News and Information Agency,Local partner-New media,"On 20 February 2025, an Israeli sniper opened fire east of Gaza City coded to Gaza - Ijdeedeh (Gaza City, Gaza Strip), resulting in one killed. The IDF stated that they fired at several suspects, one of whom continued approaching them until he was killed [likely in this location] This event occurred during the first stage of a 42-day ceasefire that began on 19 January 2025.",1,,1743467601
PSE69525,2025-02-18,2025,1,Political violence,Violence against civilians,Attack,Military Forces of Israel (2022-),,External/Other forces,Civilians (Palestine),,Civilians,External/Other forces-Civilians,Civilian targeting,275,Middle East,Palestine,Gaza Strip,Rafah,,Shokat as Sufi,31.2586,34.2824,1,Palestine News and Information Agency,National,"On 18 February 2025, Israeli forces opened fire eastern Shokat as Sufi Town (Rafah, Gaza Strip), resulting in three injured. This event occurred during the first stage of a 42-day ceasefire that began on 19 January 2025.",0,,1740447632
PSE69540,2025-02-18,2025,1,Political violence,Violence against civilians,Attack,Military Forces of Israel (2022-),,External/Other forces,Civilians (Palestine),,Civilians,External/Other forces-Civilians,Civilian targeting,275,Middle East,Palestine,Gaza Strip,North Gaza,,Beit Hanoun - Hay Al Masreen,31.5356,34.5513,1,Quds News Network,National,"On 18 February 2025, Israeli forces opened fire in Beit Hanoun, coded to Beit Hanoun - Hay Al Masreen (North Gaza, Gaza Strip), resulting in one critical injury. This event occurred during the first stage of a 42-day ceasefire that began on 19 January 2025. This event likely occurred in the buffer zone.",0,,1740447632
PSE69541,2025-02-18,2025,1,Political violence,Violence against civilians,Attack,Military Forces of Israel (2022-),,External/Other forces,Civilians (Palestine),,Civilians,External/Other forces-Civilians,Civilian targeting,275,Middle East,Palestine,Gaza Strip,Rafah,,Yasser Arafat International Airport,31.2431,34.2759,1,Quds News Network,National,"On 18 February 2025, Israeli forces opened fire toward the old Gaza airport [destroyed] east of Rafah in Yasser Arafat International Airport (Rafah, Gaza Strip), resulting in one killed. This event occurred during the first stage of a 42-day ceasefire that began on 19 January 2025. [This event likely occurred in the buffer zone.]",1,,1740447632
PSE69538,2025-02-18,2025,1,Political violence,Violence against civilians,Attack,Military Forces of Israel (2022-),,External/Other forces,Civilians (Palestine),,Civilians,External/Other forces-Civilians,Civilian targeting,275,Middle East,Palestine,Gaza Strip,Rafah,,Al Junainah,31.2642,34.2636,1,Israeli Defense Forces; Newpress; Quds News Network,Other-National,"On 18 February 2025, Israeli forces opened fire near Midan Al Odeh in Al Junainah (Rafah, Gaza Strip), resulting in two killed [one child] and others injured. The IDF stated that they fired warning shots at suspects moving towards them, ultimately killing one [likely in this location]. This event occurred during the first stage of a 42-day ceasefire that began on 19 January 2025.",2,,1744679478
PSE67600,2025-02-14,2025,1,Political violence,Violence against civilians,Attack,Military Forces of Israel (2022-),,External/Other forces,Civilians (Palestine),,Civilians,External/Other forces-Civilians,Civilian targeting,275,Middle East,Palestine,Gaza Strip,Khan Yunis,,Khuzaa,31.3069,34.3572,1,Palestine News and Information Agency,National,"On 14 February 2025, Israeli forces opened fire in Khuzaa Town (Khan Yunis, Gaza Strip), resulting in one man being injured. This event occurred during the first stage of a 42-day ceasefire that began on 19 January 2024.",0,,1739840218
PSE67590,2025-02-13,2025,1,Political violence,Violence against civilians,Attack,Military Forces of Israel (2022-),,External/Other forces,Civilians (Palestine),,Civilians,External/Other forces-Civilians,Civilian targeting,275,Middle East,Palestine,Gaza Strip,Rafah,,Al Mawasi (Rafah),31.3294,34.2299,1,Newpress,National,"On 13 February 2025, Israeli forces opened fire in Al Mawasi (Rafah) (Rafah, Gaza Strip), resulting in one man injured. This event occurred during the first stage of a 42-day ceasefire that began on 19 January 2024.",0,,1739840218
PSE67582,2025-02-12,2025,1,Political violence,Violence against civilians,Attack,Military Forces of Israel (2022-),,External/Other forces,Civilians (Palestine),,Civilians,External/Other forces-Civilians,Civilian targeting,275,Middle East,Palestine,Gaza Strip,Rafah,,East Garage,31.2788,34.256,1,Ma'an News Agency,National,"On 12 February 2025, an Israeli sniper opened fire at two men in Al Karaj Al Sharqi (East Garage) (Rafah, Gaza Strip), resulting in injuries [one man was shot twice in the back and the other was shot in the foot]. This event occurred during the first stage of a 42-day ceasefire that began on 19 January 2024.",0,,1739840218
PSE67576,2025-02-11,2025,1,Political violence,Violence against civilians,Attack,Military Forces of Israel (2022-),,External/Other forces,Civilians (Palestine),,Civilians,External/Other forces-Civilians,Civilian targeting,275,Middle East,Palestine,Gaza Strip,Rafah,,Tal as Sultan,31.3098,34.2414,1,Palestine News and Information Agency,National,"On 11 February 2025, Israeli forces opened fire close to Midan Al Odeh in central Rafah coded to Tal as Sultan (Rafah, Gaza Strip), resulting in two men being injured. This event occurred during the first stage of a 42-day ceasefire that began on 19 January 2024.",0,,1739840218
PSE67577,2025-02-11,2025,1,Political violence,Violence against civilians,Attack,Military Forces of Israel (2022-),,External/Other forces,Civilians (Palestine),,Civilians,External/Other forces-Civilians,Civilian targeting,275,Middle East,Palestine,Gaza Strip,Rafah,,Tal as Sultan,31.3098,34.2414,1,Ma'an News Agency; Quds News Network,National,"On 11 February 2025, Israeli forces opened fire in Tal as Sultan (Rafah, Gaza Strip), resulting in one man killed [died due to his injuries]. This event occurred during the first stage of a 42-day ceasefire that began on 19 January 2024.",1,,1739840218
PSE67568,2025-02-11,2025,1,Political violence,Violence against civilians,Attack,Military Forces of Israel (2022-),,External/Other forces,Civilians (Palestine),,Civilians,External/Other forces-Civilians,Civilian targeting,275,Middle East,Palestine,Gaza Strip,Gaza City,,Gaza - Ijdeedeh,31.4984,34.4978,1,Ma'an News Agency,National,"On 11 February 2025, Israeli forces opened fire east of Shujaiyya coded to Gaza - Ijdeedeh (Gaza City, Gaza Strip), resulting in one man killed. This event occurred during the first stage of a 42-day ceasefire that began on 19 January 2024.",1,,1743467601
PSE67542,2025-02-10,2025,1,Political violence,Violence against civilians,Attack,Military Forces of Israel (2022-),,External/Other forces,Civilians (Palestine),,Civilians,External/Other forces-Civilians,Civilian targeting,275,Middle East,Palestine,Gaza Strip,Gaza City,,Gaza - Shujaiyya,31.4988,34.4699,1,Palestine News and Information Agency,National,"On 10 February 2025, Israeli forces opened fire at a group of people in Gaza - Shujaiyya (Gaza City, Gaza Strip), resulting in one killed. This event occurred during the first stage of a 42-day ceasefire that began on 19 January 2024.",1,,1739840218
PSE67548,2025-02-10,2025,1,Political violence,Violence against civilians,Attack,Military Forces of Israel (2022-),,External/Other forces,Civilians (Palestine),,Civilians,External/Other forces-Civilians,Civilian targeting,275,Middle East,Palestine,Gaza Strip,Khan Yunis,,Khuzaa,31.3069,34.3572,1,Quds News Network,National,"On 10 February 2025, Israeli forces opened fire eastern Khuzaa (Khan Yunis, Gaza Strip), resulting in one injury. This event occurred during the first stage of a 42-day ceasefire that began on 19 January 2024.",0,,1739840218
PSE67555,2025-02-10,2025,1,Political violence,Violence against civilians,Attack,Military Forces of Israel (2022-),,External/Other forces,Civilians (Palestine),,Civilians,External/Other forces-Civilians,Civilian targeting,275,Middle East,Palestine,Gaza Strip,Rafah,,Tal as Sultan,31.3098,34.2414,1,Palestine News and Information Agency,National,"On 10 February 2025, Israeli snipers opened fire at a group of people in Al Odeh area in Rafah City coded to Tal as Sultan (Rafah, Gaza Strip), resulting three injuries. This event occurred during the first stage of a 42-day ceasefire that began on 19 January 2024.",0,,1739840218
PSE67525,2025-02-09,2025,1,Political violence,Violence against civilians,Attack,Military Forces of Israel (2022-),,External/Other forces,Civilians (Palestine),Women (Palestine),Civilians,External/Other forces-Civilians,Civilian targeting,275,Middle East,Palestine,Gaza Strip,Khan Yunis,,Al Qararah,31.3739,34.3409,1,Palestine News and Information Agency,National,"On 9 February 2025, Israeli forces opened fire at eastern Al Qararah town (Khan Yunis, Gaza Strip), resulting in one elderly woman killed. This event occurred during the first stage of a 42-day ceasefire that began on 19 January 2024.",1,,1739840218
PSE67529,2025-02-09,2025,1,Political violence,Violence against civilians,Attack,Military Forces of Israel (2022-),,External/Other forces,Civilians (Palestine),Aid Workers (Palestine); Palestinian Red Crescent Society,Civilians,External/Other forces-Civilians,Civilian targeting,275,Middle East,Palestine,Gaza Strip,Gaza City,,Gaza - At Turukman,31.4864,34.4738,2,Liveuamap; Quds News Network,Local partner-New media,"On 9 February 2025, Israeli forces fired at [likely a moving vehicle] of the Palestinian Red Crescent Society while they were heading to assist injured persons, east of Az Zaytun neighbourhood coded to Gaza - At Turukman (Gaza City, Gaza Strip), one of the injured civilians succumbed to his injuries. This event occurred during the first stage of a 42-day ceasefire that began on 19 January 2024.",1,,1739840218
PSE67530,2025-02-09,2025,1,Political violence,Violence against civilians,Attack,Military Forces of Israel (2022-),,External/Other forces,Civilians (Palestine),,Civilians,External/Other forces-Civilians,Civilian targeting,275,Middle East,Palestine,Gaza Strip,Gaza City,,Kuwait Roundabout,31.48,34.4423,1,Israeli Defense Forces; Palestine News and Information Agency,Other-National,"On 9 February 2025, Israeli forces opened fire towards a group of people while they were returning to their homes, close to Al Melkeh site, near eastern Kuwait Roundabout (Gaza City, Gaza Strip), killing 3 individuals. The IDF claimed that they targeted suspicious persons [likely in this location]. This event occurred during the first stage of a 42-day ceasefire that began on 19 January 2024.",3,,1739840218
PSE67377,2025-02-06,2025,1,Political violence,Violence against civilians,Attack,Military Forces of Israel (2022-),,External/Other forces,Civilians (Palestine),,Civilians,External/Other forces-Civilians,Civilian targeting,275,Middle East,Palestine,Gaza Strip,Gaza City,,Juhr ad Dik,31.4557,34.4372,2,Quds News Network,National,"On 6 February 2025, an Israeli sniper opened fire near the Nezarim corridor, likely the eastern section of Nezarim, coded to Juhr ad Dik (Gaza City, Gaza Strip), resulting in one person killed. This event occurred during the first stage of a 42-day ceasefire that began on 19 January 2024.",1,,1740447625
PSE67376,2025-02-05,2025,1,Political violence,Violence against civilians,Attack,Military Forces of Israel (2022-),,External/Other forces,Civilians (Palestine),,Civilians,External/Other forces-Civilians,Civilian targeting,275,Middle East,Palestine,Gaza Strip,Khan Yunis,,Abasan al Kabirah,31.3191,34.3401,2,Palestine News and Information Agency,National,"On 5 February 2025, Israeli forces opened fire at a group of people east of Khan Yunis governorate, coded to Abasan al Kabirah (Khan Yunis, Gaza Strip), resulting in three men killed. The IDF claimed that they targeted possible suspects. This event occurred during the first stage of a 42-day ceasefire that began on 19 January 2024.",3,,1742254419
PSE67361,2025-02-04,2025,1,Political violence,Violence against civilians,Attack,Military Forces of Israel (2022-),,External/Other forces,Civilians (Palestine),Fishers (Palestine),Civilians,External/Other forces-Civilians,Civilian targeting,275,Middle East,Palestine,Gaza Strip,Gaza City,,Coast of Gaza City,31.5304,34.4215,2,Ma'an News Agency; Twitter,New media-National,"On 4 February 2025, Israeli warships fired at a Palestinian vessel at sea [likely fishing boat], off the Coast of Gaza City (Gaza City, Gaza Strip), with warning shots, which made it return to the coast of Gaza. There were no casualties. This event occurred during the first stage of a 42-day ceasefire that began on 19 January 2025.",0,,1739227027
PSE67360,2025-02-03,2025,1,Political violence,Violence against civilians,Attack,Military Forces of Israel (2022-),,External/Other forces,Civilians (Palestine),Fishers (Palestine),Civilians,External/Other forces-Civilians,Civilian targeting,275,Middle East,Palestine,Gaza Strip,Gaza City,,Coast of Gaza City,31.5304,34.4215,2,Quds News Network; Twitter,New media-National,"On 3 February 2025, Israeli gunboats opened fire [likely toward fishing boats] off the Coast of Gaza City (Gaza City, Gaza Strip) causing a leg injury to a fisherman. According to Israeli media, Israeli forces 'fired warning shots after Palestinian suspects approached' them. This event occurred during the first stage of a 42-day ceasefire that began on 19 January 2025.",0,,1739227027
PSE67498,2025-02-03,2025,1,Political violence,Violence against civilians,Attack,Military Forces of Israel (2022-),,External/Other forces,Civilians (Palestine),,Civilians,External/Other forces-Civilians,Civilian targeting,275,Middle East,Palestine,Gaza Strip,Khan Yunis,,Al Fukhari,31.2952,34.3332,1,Palestinian Ministry of Health; Quds News Network; Twitter,Other-New media,"On 3 February 2025, Israeli forces stationed on the buffer zone opened fire [live ammunition] towards Palestinian houses and lands in eastern Al Fukhari (Khan Yunis, Gaza Strip). Casualties unknown. According to Israeli media, Israeli forces 'fired warning shots after Palestinian suspects approached' them. This event occurred during the first stage of a 42-day ceasefire that began on 19 January 2025. [Palestinian Ministry of Health reported 2 fatalities on 3 February 2025. 2 fatalities not attributed to specific events added to this event.]",2,,1742254419
PSE67356,2025-02-02,2025,1,Political violence,Violence against civilians,Attack,Military Forces of Israel (2022-),,External/Other forces,Civilians (Palestine),,Civilians,External/Other forces-Civilians,Civilian targeting,275,Middle East,Palestine,Gaza Strip,Rafah,,Shokat as Sufi,31.2586,34.2824,1,Palestine News and Information Agency; Twitter,New media-National,"On 2 February 2025, Israeli forces shot and killed a Palestinian man in Shokat as Sufi (Rafah, Gaza Strip). According to Israeli media, Israeli forces 'fired warning shots after Palestinian suspects approached' them. This event occurred during the first stage of a 42-day ceasefire that began on 19 January 2025.",1,,1739238804
PSE67129,2025-01-31,2025,1,Political violence,Violence against civilians,Attack,Military Forces of Israel (2022-),,External/Other forces,Civilians (Palestine),Fishers (Palestine),Civilians,External/Other forces-Civilians,Civilian targeting,275,Middle East,Palestine,Gaza Strip,Deir El Balah,,Coast of An Nusayrat,31.4646,34.3592,2,Palestine News and Information Agency,National,"On 31 January 2025, Israeli naval boats opened fire at the Palestinian fishing boats off the Coast of An Nusayrat close to An Nusayrat Camp (Deir El Balah, Gaza Strip), killing a Palestinian fisher. This event occurred during the first stage of a 42-day ceasefire that began on 19 January 2024.",1,,1738629554
PSE67128,2025-01-30,2025,1,Political violence,Violence against civilians,Attack,Military Forces of Israel (2022-),,External/Other forces,Civilians (Palestine),,Civilians,External/Other forces-Civilians,Civilian targeting,275,Middle East,Palestine,Gaza Strip,Gaza City,,Gaza - Ijdeedeh,31.4984,34.4978,1,Quds News Network,National,"On 30 January 2025, Israeli forces opened fire east of Gaza - Shujaiyya, coded to Gaza - Ijdeedeh (Gaza City, Gaza Strip), resulting in one killed. This event occurred during the first stage of a 42-day ceasefire that began on 19 January 2024.",1,,1743467601
PSE67125,2025-01-29,2025,1,Political violence,Violence against civilians,Attack,Military Forces of Israel (2022-),,External/Other forces,Civilians (Palestine),Fishers (Palestine),Civilians,External/Other forces-Civilians,Civilian targeting,275,Middle East,Palestine,Gaza Strip,Khan Yunis,,Coast of Khan Yunis,31.3822,34.271,2,Ma'an News Agency; Quds News Network; Twitter,New media-National,"On 29 January 2025, Israeli naval boats opened fire at fishermen off the Coast of Khan Yunis (Khan Yunis, Gaza Strip), resulting in two injuries [fishermen]. The IDF stated that the two fishermen were taken in for questioning. This event occurred during the first stage of a 42-day ceasefire that began on 19 January 2024.",0,,1738629554
PSE67127,2025-01-29,2025,1,Political violence,Violence against civilians,Attack,Military Forces of Israel (2022-),,External/Other forces,Civilians (Palestine),,Civilians,External/Other forces-Civilians,Civilian targeting,275,Middle East,Palestine,Gaza Strip,Gaza City,,Gaza - Az Zaytun,31.4964,34.4522,1,Ma'an News Agency,National,"On 29 January 2025, Israeli forces opened fire at Palestinians southern Gaza - Az Zaytun (Gaza City, Gaza Strip). Casualties unknown. This event occurred during the first stage of a 42-day ceasefire that began on 19 January 2024.",0,,1742247753
PSE67126,2025-01-29,2025,1,Political violence,Violence against civilians,Attack,Military Forces of Israel (2022-),,External/Other forces,Civilians (Palestine),Women (Palestine),Civilians,External/Other forces-Civilians,Civilian targeting,275,Middle East,Palestine,Gaza Strip,Rafah,,Shokat as Sufi,31.2586,34.2824,2,Israeli Defense Forces; Quds News Network,Other-National,"On 29 January 2025, Israeli forces opened fire at a group of people east of Shokat as Sufi (Rafah, Gaza Strip), resulting in one injury [a woman]. The IDF stated that it fired warning shots towards suspects [likely in this location]. This event occurred during the first stage of a 42-day ceasefire that began on 19 January 2024.",0,,1744070414
PSE67146,2025-01-28,2025,1,Political violence,Violence against civilians,Attack,Military Forces of Israel (2022-),,External/Other forces,Civilians (Israel),Labor Group (Israel),Civilians,External/Other forces-Civilians,Civilian targeting,275,Middle East,Palestine,Gaza Strip,Gaza City,,Juhr ad Dik,31.4557,34.4372,2,Arutz Sheva; Quds News Network; Twitter,New media-National,"On 28 January 2025, Israeli forces deliberately opened fire and killed an Israeli civil contractor who performs engineering work for the IDF on behalf of the Ministry of Defense in the Nezarim corridor, likely the eastern section of Nezarim, coded to Juhr ad Dik (Gaza City, Gaza Strip), likely believing the target to be a Palestinian suspect. The Israeli contractor operated an excavator to clear structures and rubble in the area of Nezarim and he was mistakenly considered a suspect target by IDF. This event occurred during the first stage of a 42-day ceasefire that began on 19 January 2024.",1,,1740447625
PSE67135,2025-01-28,2025,1,Political violence,Violence against civilians,Attack,Military Forces of Israel (2022-),,External/Other forces,Civilians (Palestine),Aid Workers (Palestine); Palestinian Red Crescent Society,Civilians,External/Other forces-Civilians,Civilian targeting,275,Middle East,Palestine,Gaza Strip,Rafah,,Tal as Sultan,31.3098,34.2414,1,Palestine News and Information Agency; Palestinian Ministry of Health; Quds News Network; Twitter,Other-New media,"On 28 January 2025, Israeli forces opened fire an ambulance car on mission belonging to the Palestinian Red Crescent Society in Tal as Sultan (Rafah, Gaza Strip). Casualties unknown. According to Israeli media, Israeli forces fired warning shots at suspects who 'posed a threat' to the troops and then targeted them directly as they continued to approach them. This event occurred during the first stage of a 42-day ceasefire that began on 19 January 2025. [Palestinian Ministry of Health reported 4 fatalities on 28 January 2025. 3 fatalities not attributed to specific events split between 2 events on 28 January 2025. 2 fatalities added to this event.]",2,,1742247756
PSE67130,2025-01-28,2025,1,Political violence,Violence against civilians,Attack,Military Forces of Israel (2022-),,External/Other forces,Civilians (Palestine),,Civilians,External/Other forces-Civilians,Civilian targeting,275,Middle East,Palestine,Gaza Strip,Gaza City,,Gaza - Az Zaytun,31.4964,34.4522,1,Palestine News and Information Agency; Palestinian Ministry of Health; Twitter,Other-New media,"On 28 January 2025, Israeli forces opened fire at a group of people near Khalil al Noubani school in southern Gaza - Az Zaytun (Gaza City, Gaza Strip). Casualties unknown. According to Israeli media, Israeli forces only fire warning shots at suspects who 'pose a threat' to the troops. This event occurred during the first stage of a 42-day ceasefire that began on 19 January 2025. [Palestinian Ministry of Health reported 4 fatalities on 28 January 2025. 3 fatalities not attributed to specific events split between 2 events on 28 January 2025. 1 fatality added to this event.]",1,,1742254419
PSE67124,2025-01-26,2025,1,Political violence,Violence against civilians,Attack,Military Forces of Israel (2022-),,External/Other forces,Civilians (Palestine),Refugees/IDPs (Palestine),Civilians,External/Other forces-Civilians,Civilian targeting,275,Middle East,Palestine,Gaza Strip,Deir El Balah,,An Nusayrat - West,31.4525,34.3756,1,Dunia Al Watan; Newpress; Quds News Network; Twitter,New media-National,"On 26 January 2025, Israeli forces fired live ammunition at people, likely IDPs returning their homes after the ceasefire, in Al-Nweiri hill in An Nusayrat - West (Deir El Balah, Gaza Strip) killing 1 person and injuring 4 others, including a child. This event occurred during the first stage of a 42-day ceasefire that began on 19 January 2025.",1,,1738629554
PSE67122,2025-01-26,2025,1,Political violence,Battles,Armed clash,Military Forces of Israel (2022-),,External/Other forces,PIJ: Palestinian Islamic Jihad,,Political militia,Political militia-External/Other forces,,275,Middle East,Palestine,Gaza Strip,Rafah,,Rafah,31.287,34.2595,1,Arutz Sheva; Liveuamap; Palestine News and Information Agency; Quds News Network,Local partner-New media,"On 26 January 2025, Israeli forces fired live ammunition near Martyrs Square in the center of Rafah city (Rafah, Gaza Strip) killing one man. The IDF said that its forces stationed at Philadelphi axis opened fire and killed a member of the PIJ's rocket unit 'after posing a threat'. This event occurred during the first stage of a 42-day ceasefire that began on 19 January 2025.",1,,1744085448
PSE67138,2025-01-25,2025,1,Political violence,Violence against civilians,Attack,Military Forces of Israel (2022-),,External/Other forces,Civilians (Palestine),Refugees/IDPs (Palestine),Civilians,External/Other forces-Civilians,Civilian targeting,275,Middle East,Palestine,Gaza Strip,Deir El Balah,,An Nusayrat - West,31.4525,34.3756,2,Newpress; Palestine News and Information Agency; Twitter,New media-National,"On 25 January 2025, Israeli forces fired live ammunition at people, likely IDPs moving from Deir El Balah toward Gaza City after the ceasefire, on Al Rasheed Road, coded to An Nusayrat - West (Deir El Balah, Gaza Strip). Two dozens of Palestinians were injured by Israeli fire on the coastal road. According to Israeli media, Israeli forces fired warning shots at suspects who were advancing toward them and posed a threat. This event occurred during the first stage of a 42-day ceasefire that began on 19 January 2025.",0,,1738629554
PSE67123,2025-01-25,2025,1,Political violence,Violence against civilians,Attack,Military Forces of Israel (2022-),,External/Other forces,Civilians (Palestine),Refugees/IDPs (Palestine),Civilians,External/Other forces-Civilians,Civilian targeting,275,Middle East,Palestine,Gaza Strip,Gaza City,,Al Mughraqa,31.4675,34.4097,2,Newpress; Palestine News and Information Agency; Twitter,New media-National,"On 25 January 2025, Israeli forces fired live ammunition at people, likely IDPs returning homes toward Gaza City after the ceasefire, on Salah al-Din Road south of Wadi Gaza, coded to Al Mughraqa (Gaza City, Gaza Strip) killing 1 Palestinian and injuring two others including a child. According to Israeli media, Israeli forces fired warning shots at suspects who were advancing toward them and posed a threat. This event occurred during the first stage of a 42-day ceasefire that began on 19 January 2025.",1,,1739840218
PSE67029,2025-01-21,2025,1,Political violence,Violence against civilians,Attack,Military Forces of Israel (2022-),,External/Other forces,Civilians (Palestine),,Civilians,External/Other forces-Civilians,Civilian targeting,275,Middle East,Palestine,Gaza Strip,Rafah,,Tal as Sultan,31.3098,34.2414,1,Ma'an News Agency; Palestine News and Information Agency,National,"On 21 January 2025, Israeli forces shot and killed a man in Tal as Sultan (Rafah, Gaza Strip). This event occurred during the first stage of a 42-day ceasefire that began at 12:30pm on 19 January 2025.",1,,1738026291
PSE67027,2025-01-21,2025,1,Political violence,Violence against civilians,Attack,Military Forces of Israel (2022-),,External/Other forces,Civilians (Palestine),Fishers (Palestine),Civilians,External/Other forces-Civilians,Civilian targeting,275,Middle East,Palestine,Gaza Strip,Gaza City,,Coast of Gaza City,31.5304,34.4215,2,Palestine News and Information Agency; Quds News Network,National,"On 21 January 2025, Israeli warships targeted fishing boats off the Coast of Gaza City (Gaza City, Gaza Strip) severely injuring a fisherman. This event occurred during the first stage of a 42-day ceasefire that began on 19 January 2025.",0,,1739840218
PSE67030,2025-01-21,2025,1,Political violence,Violence against civilians,Attack,Military Forces of Israel (2022-),,External/Other forces,Civilians (Palestine),,Civilians,External/Other forces-Civilians,Civilian targeting,275,Middle East,Palestine,Gaza Strip,Deir El Balah,,Al Burayj,31.4394,34.4031,1,Liveuamap; Palestine News and Information Agency,Local partner-New media,"On 21 January 2025, Israeli forces opened fire at a Palestinian in eastern Al Burayj (Deir El Balah, Gaza Strip) who was injured and taken to a hospital. Likely, he was shot as he approached the buffer zone. This event occurred during the first stage of a 42-day ceasefire that began at on 19 January 2025.",0,,1739840218
PSE67032,2025-01-21,2025,1,Political violence,Violence against civilians,Attack,Military Forces of Israel (2022-),,External/Other forces,Civilians (Palestine),,Civilians,External/Other forces-Civilians,Civilian targeting,275,Middle East,Palestine,Gaza Strip,Khan Yunis,,Al Fukhari,31.2952,34.3332,1,Quds News Network,National,"On 21 January 2025, Israeli forces shot and injured a man in eastern Al Fukhari (Khan Yunis, Gaza Strip). This event occurred during the first stage of a 42-day ceasefire that began at 12:30pm on 19 January 2025.",0,,1742247753
PSE67026,2025-01-20,2025,1,Political violence,Violence against civilians,Attack,Military Forces of Israel (2022-),,External/Other forces,Civilians (Palestine),,Civilians,External/Other forces-Civilians,Civilian targeting,275,Middle East,Palestine,Gaza Strip,Gaza City,,Gaza - Nezarim,31.484,34.4056,2,Liveuamap,Local partner-New media,"On 20 January 2025, Israeli forces shot at a group of people near Gaza - Nezarim corridor (Gaza City, Gaza Strip) injuring 2. This event occurred during the first stage of a 42-day ceasefire that began at 12:30pm on 19 January 2025.",0,,1738026291
PSE67015,2025-01-19,2025,1,Political violence,Violence against civilians,Attack,Military Forces of Israel (2022-),,External/Other forces,Civilians (Palestine),,Civilians,External/Other forces-Civilians,Civilian targeting,275,Middle East,Palestine,Gaza Strip,Gaza City,,Gaza - Nezarim,31.484,34.4056,2,Palestinian Ministry of Health; Quds News Network,Other-National,"On 19 January 2025, Israeli forces shot at a group of people who tried to approach Gaza - Nezarim corridor (Gaza City, Gaza Strip). Casualties unknown. This event took place prior to the start of the ceasefire. [Palestinian Ministry of Health reported 60 fatalities on 19 January 2025. 37 fatalities not attributed to specific events split across 9 events on 19 January. 5 fatalities coded to this event.]",5,,1744065550
PSE66843,2025-01-18,2025,1,Political violence,Violence against civilians,Attack,Military Forces of Israel (2022-),,External/Other forces,Civilians (Palestine),Women (Palestine),Civilians,External/Other forces-Civilians,Civilian targeting,275,Middle East,Palestine,Gaza Strip,Khan Yunis,,Abasan al Kabirah,31.3191,34.3401,2,Palestine News and Information Agency; Quds News Network,National,"On 18 January 2025, Israeli forces fired live ammunition in east of Abasan al Kabirah (Khan Yunis, Gaza Strip) injuring a woman.",0,,1744070414
PSE65333,2025-01-10,2025,1,Political violence,Violence against civilians,Attack,Military Forces of Israel (2022-),,External/Other forces,Civilians (Palestine),Journalists (Palestine),Civilians,External/Other forces-Civilians,Civilian targeting,275,Middle East,Palestine,Gaza Strip,Deir El Balah,,An Nusayrat - North,31.4591,34.3923,1,Palestine News and Information Agency,National,"On 10 January 2025, an Israeli soldier sniped a journalist photographer, while Israeli forces besieged a number of journalists, in the new camp in An Nusayrat - North (Deir El Balah, Gaza Strip), killing a photojournalist.",1,,1736845195
PSE65114,2025-01-05,2025,2,Political violence,Battles,Armed clash,Military Forces of Israel (2022-),,External/Other forces,PIJ: Palestinian Islamic Jihad,,Political militia,Political militia-External/Other forces,,275,Middle East,Palestine,Gaza Strip,North Gaza,,Jabalya Camp,31.536,34.4907,2,Arutz Sheva; Times of Israel,Regional,"Around 5 January 2025 (week of), Israeli forces killed a PIJ operative in a close-quarters battle in Jabalya area, coded to Jabalya Camp (North Gaza, Gaza Strip).",1,,1736845194
PSE65868,2024-12-17,2024,1,Political violence,Battles,Armed clash,Military Forces of Israel (2022-),,External/Other forces,Unidentified Armed Group (Palestine),,Political militia,Political militia-External/Other forces,,275,Middle East,Palestine,Gaza Strip,Rafah,,Rafah,31.287,34.2595,1,Newpress; Quds News Network; Twitter,New media-National,"On 17 December 2024, after Israeli forces sieged a house in Rafah (Rafah, Gaza Strip), armed clashes erupted between them and Palestinian militants. Israeli warplanes also targeted Rafah city. Casualties unknown on both sides.",0,,1744085447
PSE64324,2024-12-04,2024,1,Political violence,Battles,Armed clash,Military Forces of Israel (2022-),,External/Other forces,Hamas Movement,,Political militia,Political militia-External/Other forces,,275,Middle East,Palestine,Gaza Strip,North Gaza,,Beit Lahiya,31.5541,34.5016,1,Quds News Network,National,"On 4 December 2024, armed clashes erupted between Hamas and Israeli forces in Beit Lahiya (North Gaza, Gaza Strip). Israeli artillery shelled the area, in the vicinity of Abu Tamam school. Casualties unknown. On the same day, Hamas targeted two Merkava 4 tanks with anti-tank shells (Yassin 105) and a Shawaz IED in the same location. Casualties unknown on both sides.",0,,1733789069
PSE64326,2024-12-04,2024,1,Political violence,Violence against civilians,Attack,Military Forces of Israel (2022-),,External/Other forces,Civilians (Palestine),Aid Workers (Palestine); Health Workers (Palestine); Palestinian Red Crescent Society,Civilians,External/Other forces-Civilians,Civilian targeting,275,Middle East,Palestine,Gaza Strip,Khan Yunis,,Khan Yunis,31.3502,34.3081,1,Ma'an News Agency,National,"On 4 December 2024, Israeli forced shot and killed a medic from the Palestinian Red Crescent in Khan Yunis (Gaza Strip).",1,,1733789069
PSE64342,2024-12-04,2024,1,Political violence,Violence against civilians,Attack,Military Forces of Israel (2022-),,External/Other forces,Civilians (Palestine),,Civilians,External/Other forces-Civilians,Civilian targeting,275,Middle East,Palestine,Gaza Strip,Rafah,,Al Mawasi (Rafah),31.3294,34.2299,2,Quds News Network,National,"On 4 December 2024, Israeli forces targeted a gathering of Palestinians with gunfire at the beach in Rafah (coded to Al Mawasi (Rafah) leaving several injuries, including one critical injury.",0,,1733789069
PSE64343,2024-12-04,2024,1,Political violence,Violence against civilians,Attack,Military Forces of Israel (2022-),,External/Other forces,Civilians (Palestine),Fishers (Palestine),Civilians,External/Other forces-Civilians,Civilian targeting,275,Middle East,Palestine,Gaza Strip,Rafah,,Coast of Rafah,31.3474,34.2226,2,Quds News Network,National,"On 4 December 2024, Israeli forces targeted and killed a Palestinian fisher with gunfire in the sea in Rafah (coded to Coast of Rafah).",1,,1733789069
PSE64341,2024-12-04,2024,1,Political violence,Violence against civilians,Attack,Military Forces of Israel (2022-),,External/Other forces,Civilians (Palestine),,Civilians,External/Other forces-Civilians,Civilian targeting,275,Middle East,Palestine,Gaza Strip,North Gaza,,Jabalya,31.5272,34.4835,1,Palestine News and Information Agency,National,"On 4 December 2024, an Israeli sniper killed a man in Halabi Square in Jabalya (North Gaza, Gaza Strip).",1,,1740447623
PSE64315,2024-12-03,2024,2,Political violence,Battles,Armed clash,Military Forces of Israel (2022-),,External/Other forces,Hamas Movement,,Political militia,Political militia-External/Other forces,,275,Middle East,Palestine,Gaza Strip,Gaza City,,Gaza - Nezarim,31.484,34.4056,2,Arutz Sheva; Twitter,New media-Regional,"Around 3 December 2024, a series of Israeli artillery strikes on Gaza - Nezarim (Gaza City, Gaza Strip) killed 7 Hamas militants, and buildings were destroyed in which Hamas fighters were operating.",7,,1733789069
PSE64309,2024-12-03,2024,1,Political violence,Battles,Armed clash,Military Forces of Israel (2022-),,External/Other forces,Hamas Movement,,Political militia,Political militia-External/Other forces,,275,Middle East,Palestine,Gaza Strip,Rafah,,Al Junainah,31.2642,34.2636,1,Quds News Network,National,"On 3 December 2024, clashes erupted between Israeli forces and Hamas in Al Junainah (Rafah, Gaza Strip). Hamas made a second ambush, part of a series of ambush operations carried out against Israeli soldiers and vehicles in the vicinity of the Burj Awad junction. Casualties unknown. Israeli military, likely warplanes, targeted Al Junainah (Rafah, Gaza Strip) injuring people.",0,,1744679477
PSE64041,2024-11-28,2024,1,Political violence,Battles,Armed clash,Military Forces of Israel (2022-),,External/Other forces,Hamas Movement,,Political militia,Political militia-External/Other forces,,275,Middle East,Palestine,Gaza Strip,North Gaza,,Jabalya Camp,31.536,34.4907,1,Palestine News and Information Agency; Quds News Network,National,"On 28 November 2024, clashes erupted between Israeli forces and likely Hamas fighters in Jabalya Camp (North Gaza, Gaza Strip). Casualties unknown on both sides. Israeli artillery targeted Jabalya Camp several times, killing 1 person.",1,,1733203927
PSE63375,2024-11-15,2024,1,Political violence,Violence against civilians,Attack,Military Forces of Israel (2022-),,External/Other forces,Civilians (Palestine),Refugees/IDPs (Palestine),Civilians,External/Other forces-Civilians,Civilian targeting,275,Middle East,Palestine,Gaza Strip,Gaza City,,Gaza - Nezarim,31.484,34.4056,2,Palestine News and Information Agency; Quds News Network,National,"On 15 November 2024, Israeli forces opened fire and killed a displaced Palestinian who was attempting to move from North Gaza to Central Gaza, coded to Gaza - Nezarim (Gaza City, Gaza Strip). The soldiers prevented ambulance crews from approaching him, leaving him to bleed until he passed away and his body was transferred to the Al-Aqsa Martyrs Hospital in Deir al-Balah.",1,,1732580235
PSE63570,2024-11-15,2024,1,Political violence,Battles,Armed clash,Military Forces of Israel (2022-),,External/Other forces,Hamas Movement,,Political militia,Political militia-External/Other forces,,275,Middle East,Palestine,Gaza Strip,North Gaza,,Beit Lahiya,31.5541,34.5016,1,Israeli Defense Forces,Other,"On 15 November 2024, Israeli ground troops operated in Beit Lahiya city (North Gaza, Gaza Strip), killed militants, located weapons, and destroyed infrastructure. Unspecified number of fatalities coded as 3.",3,,1732580236
PSE63758,2024-11-15,2024,1,Political violence,Battles,Armed clash,Military Forces of Israel (2022-),,External/Other forces,Hamas Movement,,Political militia,Political militia-External/Other forces,,275,Middle East,Palestine,Gaza Strip,Rafah,,Rafah,31.287,34.2595,1,Israeli Defense Forces,Other,"On 15 November 2024, Israeli ground troops operated in Rafah city (Rafah, Gaza Strip), killed militants, located weapons, and destroyed infrastructure. Unspecified number of fatalities coded as 3.",3,,1744085447
PSE63164,2024-11-09,2024,1,Political violence,Violence against civilians,Attack,Military Forces of Israel (2022-),,External/Other forces,Civilians (Palestine),,Civilians,External/Other forces-Civilians,Civilian targeting,275,Middle East,Palestine,Gaza Strip,North Gaza,,Beit Lahiya - Al Salateen,31.5558,34.4814,2,Dunia Al Watan; Ma'an News Agency; Quds News Network,National,"On 9 November 2024, Israeli forces opened fire and killed 3 Palestinians in al Sudaniya northwest of North Gaza, coded to Beit Lahiya - Al Salateen (North Gaza, Gaza Strip). The three individuals were killed shortly after being released from Israeli prison and entering Gaza through the Zikim gate.",3,,1731979396
PSE63223,2024-11-09,2024,1,Political violence,Violence against civilians,Attack,Military Forces of Israel (2022-),,External/Other forces,Civilians (Palestine),,Civilians,External/Other forces-Civilians,Civilian targeting,275,Middle East,Palestine,Gaza Strip,Gaza City,,Gaza - Az Zaytun,31.4964,34.4522,1,Ma'an News Agency; Palestine News and Information Agency,National,"On 9 November 2024, an Israeli sniper shot dead a Palestinian in Gaza - Az Zaytun (Gaza City, Gaza Strip)",1,,1740447623
PSE63056,2024-11-07,2024,2,Political violence,Battles,Armed clash,Military Forces of Israel (2022-),,External/Other forces,Hamas Movement,,Political militia,Political militia-External/Other forces,,275,Middle East,Palestine,Gaza Strip,Rafah,,Rafah,31.287,34.2595,2,Israeli Defense Forces; Twitter,Other-New media,"Around 7 November 2024, (as reported), Israeli ground forces killed several militants [likely Hamas] in southern Gaza Strip, coded to Rafah including 2 operatives who participated in October 7. Fatalities coded as 5 [3 confirmed and 3 unspecified].",5,,1744085447
PSE63024,2024-11-04,2024,1,Political violence,Battles,Armed clash,Military Forces of Israel (2022-),,External/Other forces,Hamas Movement,,Political militia,Political militia-External/Other forces,,275,Middle East,Palestine,Gaza Strip,Gaza City,,Gaza - Nezarim,31.484,34.4056,2,Arutz Sheva; Israeli Defense Forces,Other-Regional,"On 4 November 2024, the IDF ground troops killed Palestinian militants [likely Hamas] in central Gaza, coded to Gaza - Nezarim (Gaza City, Gaza Strip) and destroyed infrastructures. Unspecified fatalities coded as 3.",3,,1732580235
PSE62987,2024-11-04,2024,1,Political violence,Battles,Armed clash,Military Forces of Israel (2022-),,External/Other forces,Hamas Movement,,Political militia,Political militia-External/Other forces,,275,Middle East,Palestine,Gaza Strip,Rafah,,Rafah,31.287,34.2595,2,Arutz Sheva; Israeli Defense Forces,Other-Regional,"On 4 November 2024, the IDF ground troops killed Palestinian militants [likely Hamas] in Rafah (Rafah, Gaza Strip) in clashes. Also, troops located large amount of weapons including explosives and RBGs. Unspecified Palestinian fatalities coded as 3.",3,,1744085447
PSE62588,2024-11-01,2024,1,Political violence,Battles,Armed clash,Military Forces of Israel (2022-),,External/Other forces,Hamas Movement,,Political militia,Political militia-External/Other forces,,275,Middle East,Palestine,Gaza Strip,North Gaza,,Jabalya Camp,31.536,34.4907,2,Israeli Defense Forces,Other,"On 1 November 2024, Israeli ground troops killed dozens of Palestinians militants [likely Hamas] in the area of Jabalya Camp (North Gaza, Gaza Strip) in armed clashes from the ground and by directing airstrikes. The IDF announced that approximately 900 Palestinian operatives were killed in North Gaza and the Jabaliya area between October 6 and November 1, 2024. Out of these, 130 fatalities have already been coded. The remaining 770 fatalities are distributed across 15 events, with 52 fatalities coded to this event.",52,,1731356301
PSE62966,2024-11-01,2024,1,Political violence,Battles,Armed clash,Military Forces of Israel (2022-),,External/Other forces,Hamas Movement,,Political militia,Political militia-External/Other forces,,275,Middle East,Palestine,Gaza Strip,Gaza City,,Gaza - Az Zaytun,31.4964,34.4522,2,Israeli Defense Forces; Twitter,Other-New media,"On 1 November 2024, Israeli ground forces operated in the area of central Gaza, coded to the area of Gaza - Az Zaytun (Gaza City, Gaza Strip). A number of militants were killed [likely Hamas]. Unspecified fatalities coded as 3. Also, troops destroyed infrastructure.",3,,1740447623
PSE62584,2024-10-29,2024,1,Political violence,Battles,Armed clash,Military Forces of Israel (2022-),,External/Other forces,Hamas Movement,,Political militia,Political militia-External/Other forces,,275,Middle East,Palestine,Gaza Strip,Gaza City,,Gaza - Nezarim,31.484,34.4056,2,Jerusalem Post,Regional,"On 29 October 2024, Israeli ground troops killed a Hamas cell who were attempting to plant IEDs near the Israeli sites in Central Gaza, coded to Gaza - Nezarim (Gaza City, Gaza Strip). Unspecified number of fatalities coded as 3.",3,,1732580235
PSE62577,2024-10-27,2024,1,Political violence,Battles,Armed clash,Military Forces of Israel (2022-),,External/Other forces,Unidentified Armed Group (Palestine),,Political militia,Political militia-External/Other forces,,275,Middle East,Palestine,Gaza Strip,Gaza City,,Gaza - Nezarim,31.484,34.4056,2,Israeli Defense Forces; Jerusalem Post; Twitter,Other-New media,"On 27 October 2024, Israeli forces killed a cell of gunmen in the area of Gaza - Nezarim (Gaza City, Gaza Strip). Unspecified number of Palestinian fatalities coded as 3.",3,,1732580235
PSE62592,2024-10-27,2024,1,Political violence,Battles,Armed clash,Military Forces of Israel (2022-),,External/Other forces,Hamas Movement,,Political militia,Political militia-External/Other forces,,275,Middle East,Palestine,Gaza Strip,Rafah,,Rafah,31.287,34.2595,2,Israeli Defense Forces,Other,"On 27 October 2024, Israeli ground forces killed number of militants [likely Hamas] in Rafah area (Gaza Strip). Israeli forces also directed airstrikes against militants and destroyed infrastructure in Rafah area. Unspecified number of fatalities coded as 3.",3,,1744085447
PSE62143,2024-10-24,2024,1,Political violence,Battles,Armed clash,Military Forces of Israel (2022-),,External/Other forces,Hamas Movement,,Political militia,Political militia-External/Other forces,,275,Middle East,Palestine,Gaza Strip,North Gaza,,Jabalya Camp,31.536,34.4907,2,Israeli Defense Forces,Other,"On 24 October 2024, Israeli ground forces killed dozens of militants [likely Hamas] in the area of Jabalya Camp (North Gaza, Gaza Strip) in clashes and by directing airstrikes. Also, troops destroyed infrastructures. The IDF announced that approximately 900 Palestinian operatives were killed in North Gaza and the Jabaliya area between October 6 and November 1, 2024. Out of these, 130 fatalities have already been coded. The remaining 770 fatalities are distributed across 15 events, with 52 fatalities coded to this event.",52,,1731356301
PSE62159,2024-10-20,2024,1,Political violence,Battles,Armed clash,Military Forces of Israel (2022-),,External/Other forces,Unidentified Armed Group (Palestine),,Political militia,Political militia-External/Other forces,,275,Middle East,Palestine,Gaza Strip,Rafah,,Rafah,31.287,34.2595,2,Joe Truzman; Twitter,New media-National,"On 20 October 2024, Israeli ground forces killed a Palestinian cell in Rafah area (Gaza Strip). Unspecified number of fatalities coded as 3.",3,,1744085447
PSE61786,2024-10-16,2024,1,Political violence,Battles,Armed clash,Military Forces of Israel (2022-),,External/Other forces,Hamas Movement,,Political militia,Political militia-External/Other forces,,275,Middle East,Palestine,Gaza Strip,Rafah,,Tal as Sultan,31.3098,34.2414,1,Al-Ittihad; Arab 48; Arutz Sheva; Dunia Al Watan; Haaretz; Israeli Defense Forces; Jerusalem Post; Joe Truzman; Ma'an News Agency; Newpress; Quds News Network; Times of Israel; Twitter,Other-New media,"On 16 October 2024, Israeli military forces engaged in a clash with 3 Hamas operatives in Tal as Sultan (Rafah, Gaza Strip), resulting in their killing. By chance, one of the operatives was Yahya Sinwar, the Hamas chief. Israeli troops spotted the 3 individuals and opened fire before they fled into 2 separate houses. The forces followed them and arrived at the house where Sinwar was hiding. Sinwar threw a grenade at the soldiers, forcing them to retreat. Subsequently, Israeli forces deployed a UAV, which located a masked operative and targeted the building with an artillery shell, killing Sinwar. Israeli forensics said Sinwar died due to a bullet in the head that caused fatal brain damage. The other 2 operatives were also killed in the operation. An Israeli soldier was injured, and the total Palestinian fatalities were 3, including Sinwar and the Hamas commander of Tal as Sultan.",3,,1729592871
PSE61764,2024-10-13,2024,1,Political violence,Battles,Armed clash,Military Forces of Israel (2022-),,External/Other forces,Hamas Movement,,Political militia,Political militia-External/Other forces,,275,Middle East,Palestine,Gaza Strip,North Gaza,,Jabalya Camp,31.536,34.4907,2,Arutz Sheva,Regional,"On 13 October 2024, Israeli ground forces killed dozens operatives [likely Hamas] during the ground operation that targeted the North Gaza and Jabalya Camp, coded to Jabalya Camp (North Gaza, Gaza Strip). Also, air forces struck a rocket launcher and several other targets and located weapons. The IDF announced that approximately 900 Palestinian operatives were killed in North Gaza and the Jabaliya area between October 6 and November 1, 2024. Out of these, 130 fatalities have already been coded. The remaining 770 fatalities are distributed across 15 events, with 51 fatalities coded to this event.",51,,1731356301
PSE61770,2024-10-13,2024,1,Political violence,Battles,Armed clash,Military Forces of Israel (2022-),,External/Other forces,Hamas Movement,,Political militia,Political militia-External/Other forces,,275,Middle East,Palestine,Gaza Strip,Rafah,,Rafah,31.287,34.2595,2,Arutz Sheva,Regional,"On 13 October 2024, Israeli ground forces killed several gunmen [likely Hamas] including a cell armed with RBG by directing airstrikes in Rafah area (Gaza Strip). Unspecified number of Palestinian fatalities coded as 3.",3,,1744085447
PSE61716,2024-10-12,2024,1,Political violence,Violence against civilians,Attack,Military Forces of Israel (2022-),,External/Other forces,Civilians (Palestine),Fishers (Palestine),Civilians,External/Other forces-Civilians,Civilian targeting,275,Middle East,Palestine,Gaza Strip,Rafah,,Coast of Rafah,31.3474,34.2226,1,Quds News Network,National,"On 12 October 2024, at around 17:50, Israeli gunboats opened fire at a Palestinian fishing boat off the Coast of Rafah (Rafah, Gaza Strip), injuring a fisher in the head.",0,,1729592871
PSE60843,2024-10-09,2024,1,Political violence,Violence against civilians,Attack,Military Forces of Israel (2022-),,External/Other forces,Civilians (Palestine),Journalists (Palestine),Civilians,External/Other forces-Civilians,Civilian targeting,275,Middle East,Palestine,Gaza Strip,North Gaza,,Jabalya Camp,31.536,34.4907,2,Newpress; Palestine News and Information Agency; Quds News Network; Twitter,New media-National,"On 9 October 2024, at around 16:00, an Israeli sniper shot dead a Palestinian journalist (cameraman) and injured two others at Abu Sharkh junction west of Jabalya Camp (North Gaza, Gaza Strip).",1,,1738620471
PSE60544,2024-10-01,2024,1,Political violence,Violence against civilians,Attack,Military Forces of Israel (2022-),,External/Other forces,Civilians (Palestine),Health Workers (Palestine); Refugees/IDPs (Palestine),Civilians,External/Other forces-Civilians,Civilian targeting,275,Middle East,Palestine,Gaza Strip,Gaza City,,Gaza - Nezarim,31.484,34.4056,2,Arab 48; Israeli Defense Forces; Jerusalem Post; Palestine News and Information Agency; Twitter,Other-New media,"On 1 October 2024, at approximately 00:00, Israeli forces opened fire at displaced Palestinians who were attempting to return to the northern Gaza Strip near Gaza - Nezarim (Gaza City, Gaza Strip), leaving several injuries. Also, soldiers opened fire at Palestinian ambulances [there were no casualties].",0,,1732580234
PSE60207,2024-09-25,2024,2,Political violence,Battles,Armed clash,Military Forces of Israel (2022-),,External/Other forces,Hamas Movement,,Political militia,Political militia-External/Other forces,,275,Middle East,Palestine,Gaza Strip,North Gaza,,Beit Lahiya,31.5541,34.5016,2,Arab 48; Israeli Defense Forces; Times of Israel,Other-National,"Around 25 September 2024, (from 24 to 25 Sep), Israeli ground forces carried out operations in the area of Beit Lahiya (North Gaza, Gaza Strip) and killed 40 Hamas gunmen in 3 locations in Gaza Strip, likely in clashes or by directing airstrikes. Fatalities split across 3 locations [14 fatalities coded to this event]. Also, Israeli forces located weapons and destroyed Hamas infrastructure.",14,,1727907809
PSE60208,2024-09-25,2024,2,Political violence,Battles,Armed clash,Military Forces of Israel (2022-),,External/Other forces,Hamas Movement,,Political militia,Political militia-External/Other forces,,275,Middle East,Palestine,Gaza Strip,Gaza City,,Gaza - Az Zaytun,31.4964,34.4522,2,Arab 48; Israeli Defense Forces; Times of Israel,Other-National,"Around 25 September 2024, (from 24 to 25 Sep), Israeli ground forces carried out operations in the area of Gaza - Az Zaytun and An Nusayrat area (Gaza City, Gaza Strip) and killed 40 Hamas gunmen in 3 locations in Gaza Strip, likely in clashes or by directing airstrikes. [Fatalities split across 3 locations with 13 fatalities coded to this event]. Also, Israeli forces located weapons and destroyed Hamas infrastructure and several tunnels.",13,,1740447622
PSE60209,2024-09-25,2024,2,Political violence,Battles,Armed clash,Military Forces of Israel (2022-),,External/Other forces,Hamas Movement,,Political militia,Political militia-External/Other forces,,275,Middle East,Palestine,Gaza Strip,Rafah,,Rafah,31.287,34.2595,2,Arab 48; Israeli Defense Forces; Times of Israel,Other-National,"Around 25 September 2024, (from 24 to 25 Sep), Israeli ground forces carried out operations in the area of Rafah (Rafah, Gaza Strip) and killed 40 Hamas gunmen in 3 locations in Gaza Strip, likely in clashes or by directing airstrikes. [Fatalities split across 3 locations with 13 fatalities coded to this event]. Also, Israeli forces located weapons and destroyed Hamas infrastructure.",13,,1744085447
PSE59939,2024-09-14,2024,2,Political violence,Battles,Armed clash,Military Forces of Israel (2022-),,External/Other forces,Hamas Movement,Unidentified Armed Group (Palestine),Political militia,Political militia-External/Other forces,,275,Middle East,Palestine,Gaza Strip,Rafah,,Tal as Sultan,31.3098,34.2414,2,Arutz Sheva; Israeli Defense Forces; Times of Israel; Twitter,Other-New media,"Around 14 September 2024, Israeli ground forces carried out a precise operation in the area of Tal as Sultan (Rafah, Gaza Strip). The IDF claimed that more than 100 Palestinian gunmen were killed [likely including Hamas]. Presumably, there were clashes and airstrikes.",100,,1727134600
PSE59359,2024-09-10,2024,1,Political violence,Violence against civilians,Attack,Military Forces of Israel (2022-),,External/Other forces,Civilians (Palestine),,Civilians,External/Other forces-Civilians,Civilian targeting,275,Middle East,Palestine,Gaza Strip,Khan Yunis,,Abasan al Jadidah,31.3416,34.3459,1,Arab 48; Quds News Network,National,"On 10 September 2024, an Israeli sniper shot dead a Palestinian in Abasan al Jadidah (Khan Yunis, Gaza Strip).",1,,1726526146
PSE59479,2024-09-10,2024,2,Political violence,Battles,Armed clash,Military Forces of Israel (2022-),,External/Other forces,Hamas Movement,,Political militia,Political militia-External/Other forces,,275,Middle East,Palestine,Gaza Strip,Rafah,,Tal as Sultan,31.3098,34.2414,1,Israeli Defense Forces; Joe Truzman; Twitter,Other-New media,"Around 10 September 2024, Israeli warplanes identified and struck several Hamas operatives who were operating drones in Tal as Sultan (Rafah, Gaza Strip), killing the commander of Hamas's Tel al-Sultan Battalion, Mahmoud Hamdan and 3 additional company commanders. Also the dozens of other Hamas operatives were killed likely in airstrikes and clashes. Fatalities coded as 16 [4 confirmed and 12 dozens]. The IDF said they killed all members in charge in the chain of command of Tal a Sultan Battalion.",16,,1726526147
PSE59444,2024-09-09,2024,1,Political violence,Battles,Armed clash,Military Forces of Israel (2022-),,External/Other forces,Hamas Movement,Unidentified Armed Group (Palestine),Political militia,Political militia-External/Other forces,,275,Middle East,Palestine,Gaza Strip,Gaza City,,Gaza - Az Zaytun,31.4964,34.4522,2,Arutz Sheva; Israeli Defense Forces; Jerusalem Post,Other-Regional,"On 9 September 2024, Israeli ground troops raided the area of Gaza - Az Zaytun (Gaza City, Gaza Strip) and killed dozens of Palestinian militants [presumably including Hamas]. Also, troops located weapons and a machine for producing explosives and a tunnel shaft in the area. Additionally, Israeli forces destroyed infrastructures. Dozens of fatalities coded as 12.",12,,1740447621
PSE59453,2024-09-08,2024,1,Political violence,Battles,Armed clash,Military Forces of Israel (2022-),,External/Other forces,Unidentified Armed Group (Palestine),,Political militia,Political militia-External/Other forces,,275,Middle East,Palestine,Gaza Strip,Gaza City,,Gaza - Nezarim,31.484,34.4056,2,Israeli Defense Forces,Other,"On 8 September 2024, Israeli ground troops killed a number of Palestinian militants in the area of Gaza - Nezarim (Gaza City, Gaza Strip) likely in clashes. Unspecified fatalities coded as 3.",3,,1732580234
PSE59458,2024-09-08,2024,2,Political violence,Battles,Armed clash,Military Forces of Israel (2022-),,External/Other forces,Hamas Movement,,Political militia,Political militia-External/Other forces,,275,Middle East,Palestine,Gaza Strip,Rafah,,Rafah,31.287,34.2595,2,Israeli Defense Forces,Other,"Around 8 September 2024, Israeli ground troops killed a number of Hamas militants in Rafah governorate (Rafah, Gaza Strip). Also, Israeli forces destroyed military infrastructures and located weapons. Unspecified fatalities coded as 3.",3,,1744085447
PSE59472,2024-09-06,2024,2,Political violence,Battles,Armed clash,Military Forces of Israel (2022-),,External/Other forces,Unidentified Armed Group (Palestine),,Political militia,Political militia-External/Other forces,,275,Middle East,Palestine,Gaza Strip,Rafah,,Tal as Sultan,31.3098,34.2414,1,Arutz Sheva; Israeli Defense Forces; Twitter,Other-New media,"Around 6 September 2024, Israeli ground forces killed dozens of Palestinian gunmen in Tal as Sultan (Rafah, Gaza Strip), likely in clashes or by directing airstrikes (coded as 12 fatalities). In one incident, Israeli troops raided a building and clashed with gunmen who threw a grenade at soldiers, injuring at least one soldier. Meanwhile, Israeli troops opened fire and killed a gunman. Total fatalities coded as 13 (dozens of Palestinians + 1 gunman).",13,,1726526147
PSE59061,2024-09-03,2024,2,Political violence,Battles,Armed clash,Military Forces of Israel (2022-),,External/Other forces,Unidentified Armed Group (Palestine),,Political militia,Political militia-External/Other forces,,275,Middle East,Palestine,Gaza Strip,Rafah,,Tal as Sultan,31.3098,34.2414,1,Arutz Sheva; Israeli Defense Forces,Other-Regional,"Around 3 September 2024, Israeli ground forces raided a building in Tal as Sultan (Rafah, Gaza Strip) and killed a Palestinian gunman likely in clashes. Also troops found a large amount of weapons.",1,,1725924073
PSE58948,2024-08-30,2024,1,Political violence,Battles,Armed clash,Military Forces of Israel (2022-),,External/Other forces,Hamas Movement,,Political militia,Political militia-External/Other forces,,275,Middle East,Palestine,Gaza Strip,Rafah,,Tal as Sultan,31.3098,34.2414,1,Arutz Sheva; Israeli Defense Forces,Other-Regional,"On 30 August 2024, Israeli ground forces killed Palestinian gunmen in Tal as Sultan (Rafah, Gaza strip), likely in clashes and by directing airstrikes. Also, troops located a large amount of weapons belonging to Hamas. Unspecified fatalities coded as 3.",3,,1725924073
PSE58949,2024-08-30,2024,1,Political violence,Battles,Armed clash,Military Forces of Israel (2022-),,External/Other forces,Hamas Movement,,Political militia,Political militia-External/Other forces,,275,Middle East,Palestine,Gaza Strip,Gaza City,,Gaza - Az Zaytun,31.4964,34.4522,2,Israeli Defense Forces,Other,"On 30 August 2024, Israeli ground forces killed Palestinian gunmen [likely Hamas] in Gaza City, coded to Gaza - Az Zaytun area (Gaza City, Gaza strip) in clashes and by directing airstrikes. Also, Israeli troops destroyed military sites by airstrikes. Unspecified fatalities coded as 3.",3,,1740447621
PSE58830,2024-08-29,2024,1,Political violence,Battles,Armed clash,Military Forces of Israel (2022-),,External/Other forces,Hamas Movement,Unidentified Armed Group (Palestine),Political militia,Political militia-External/Other forces,,275,Middle East,Palestine,Gaza Strip,Rafah,,Rafah,31.287,34.2595,2,Israeli Defense Forces; Twitter,Other-New media,"On 29 August 2024, Israeli ground forces killed dozens of Palestinian gunmen [likely including Hamas] in the area of Rafah (Gaza Strip) in clashes and by directing airstrikes. Dozens of fatalities coded as 12.",12,,1744085447
PSE58729,2024-08-28,2024,1,Political violence,Battles,Armed clash,Military Forces of Israel (2022-),,External/Other forces,Hamas Movement,Unidentified Armed Group (Palestine),Political militia,Political militia-External/Other forces,,275,Middle East,Palestine,Gaza Strip,Deir El Balah,,Deir al Balah,31.4178,34.3503,2,Arutz Sheva; Israeli Defense Forces; Twitter,Other-New media,"On 28 August 2024, Israeli ground forces killed dozens of Palestinian gunmen [likely including Hamas] in the area of Deir El Balah (Deir al Balah, Gaza Strip) in clashes and by directing airstrikes. Dozens of fatalities coded as 12.",12,,1725317867
PSE58752,2024-08-28,2024,1,Political violence,Battles,Armed clash,Military Forces of Israel (2022-),,External/Other forces,Hamas Movement,,Political militia,Political militia-External/Other forces,,275,Middle East,Palestine,Gaza Strip,Khan Yunis,,Khan Yunis,31.3502,34.3081,2,Arutz Sheva; Israeli Defense Forces; Twitter,Other-New media,"On 28 August 2024, Israeli ground forces killed dozens of Palestinian gunmen [likely including Hamas] in the area of Khan Yunis (Gaza Strip) in clashes and by directing airstrikes. Dozens of fatalities coded as 12.",12,,1725317867
PSE58732,2024-08-28,2024,1,Political violence,Violence against civilians,Attack,Military Forces of Israel (2022-),,External/Other forces,Civilians (International),Aid Workers (International); WFP: World Food Programme,Civilians,External/Other forces-Civilians,Civilian targeting,275,Middle East,Palestine,Gaza Strip,Gaza City,,Al Mughraqa,31.4675,34.4097,2,Times of Israel; Twitter,New media-Regional,"On 28 August 2024, 2 armored vehicles belonging to the WFP came under fire near an IDF checkpoint in Wadi Gaza, coded to Al Mughraqa (Gaza City, Gaza Strip). The e WFP cars were escorting a convoy of humanitarian aid trucks to central Gaza. There were no casualties among the WFP staff.",0,,1739840214
PSE58762,2024-08-28,2024,1,Political violence,Battles,Armed clash,Military Forces of Israel (2022-),,External/Other forces,PIJ: Palestinian Islamic Jihad,Hamas Movement,Political militia,Political militia-External/Other forces,,275,Middle East,Palestine,Gaza Strip,Rafah,,Rafah,31.287,34.2595,1,Arutz Sheva; Israeli Defense Forces; Jerusalem Post; Twitter,Other-New media,"On 28 August 2024, Israeli ground forces killed dozens of Palestinian gunmen [likely including Hamas] in Rafah (Gaza Strip) likely in clashes. Also airstrike targeted Osama Jadallah, a PIJ commander. Fatalities coded as 13 [1 confirmed, 12 dozens].",13,,1744085446
PSE58536,2024-08-25,2024,1,Political violence,Battles,Armed clash,Military Forces of Israel (2022-),,External/Other forces,Hamas Movement,Unidentified Armed Group (Palestine),Political militia,Political militia-External/Other forces,,275,Middle East,Palestine,Gaza Strip,Deir El Balah,,Deir al Balah,31.4178,34.3503,2,Arutz Sheva; Israeli Defense Forces,Other-Regional,"On 25 August 2024, Israeli ground troops killed [in clashes and by directing airstrikes] dozens of Palestinian militants [likely including Hamas] on the outskirts of Deir al Balah area (Deir El Balah, Gaza Strip). Also, troops located weapons and explosives struck several targets used by gunmen. Dozens of fatalities coded as 12.",12,,1725317868
PSE58555,2024-08-25,2024,1,Political violence,Battles,Armed clash,Military Forces of Israel (2022-),,External/Other forces,Hamas Movement,Unidentified Armed Group (Palestine),Political militia,Political militia-External/Other forces,,275,Middle East,Palestine,Gaza Strip,Khan Yunis,,Khan Yunis,31.3502,34.3081,1,Arutz Sheva; Israeli Defense Forces,Other-Regional,"On 25 August 2024, Israeli ground troops killed [in clashes and by directing airstrikes] dozens of Palestinian militants [likely including Hamas] in Khan Yunis, including killing a gunman who fired an anti-tank missile. Also, Israeli warplanes struck a Hamas rocket launcher after firing a rocket toward Rishon Lezion from the Khan Yunis area (Gaza Strip). Also, airstrikes targeted other infrastructure used by Hamas gunmen. Dozens of fatalities coded as 12.",12,,1725317868
PSE58568,2024-08-25,2024,1,Political violence,Battles,Armed clash,Military Forces of Israel (2022-),,External/Other forces,Hamas Movement,Unidentified Armed Group (Palestine),Political militia,Political militia-External/Other forces,,275,Middle East,Palestine,Gaza Strip,Rafah,,Tal as Sultan,31.3098,34.2414,1,Arutz Sheva; Israeli Defense Forces,Other-Regional,"On 25 August 2024, Israeli ground troops killed [in clashes and by directing airstrikes] dozens of Palestinian militants [likely including Hamas] in the area of Tal as Sultan (Rafah, Gaza Strip). In several incidents, the soldiers killed numerous cells with tank fire. Also, troops located weapons and struck sites used by gunmen. Dozens of fatalities coded as 12.",12,,1725317868
PSE58482,2024-08-24,2024,1,Political violence,Violence against civilians,Attack,Military Forces of Israel (2022-),,External/Other forces,Civilians (Palestine),Refugees/IDPs (Palestine); Women (Palestine),Civilians,External/Other forces-Civilians,Civilian targeting,275,Middle East,Palestine,Gaza Strip,Deir El Balah,,Deir al Balah,31.4178,34.3503,1,Quds News Network; Twitter,New media-National,"On 24 August 2024, an Israeli sniper shot and killed a Palestinian woman while she was inside a school hosting displaced people in Deir al Balah city (Deir El Balah, Gaza Strip).",1,,1725317869
PSE58094,2024-08-22,2024,1,Political violence,Battles,Armed clash,Military Forces of Israel (2022-),,External/Other forces,Hamas Movement,Unidentified Armed Group (Palestine),Political militia,Political militia-External/Other forces,,275,Middle East,Palestine,Gaza Strip,Deir El Balah,,Deir al Balah,31.4178,34.3503,2,Israeli Defense Forces; Twitter,Other-New media,"On 22 August 2024, Israeli ground forces killed dozens of Palestinian gunmen (likely including Hamas) and destroyed dozens of military sites in Deir al Balah area (Deir El Balah, Gaza Strip), likely in clashes and by directing airstrikes. Dozens of fatalities coded as 12.",12,,1724714231
PSE58238,2024-08-22,2024,1,Political violence,Battles,Armed clash,Military Forces of Israel (2022-),,External/Other forces,Hamas Movement,,Political militia,Political militia-External/Other forces,,275,Middle East,Palestine,Gaza Strip,Khan Yunis,,Khan Yunis,31.3502,34.3081,2,Israeli Defense Forces; Twitter,Other-New media,"On 22 August 2024, Israeli ground forces killed dozens of Palestinian gunmen (likely including Hamas) and destroyed dozens of military sites in Khan Yunis (Gaza Strip), likely in clashes and by directing airstrikes. Dozens of fatalities coded as 12.",12,,1724714232
PSE58333,2024-08-22,2024,1,Political violence,Battles,Armed clash,Military Forces of Israel (2022-),,External/Other forces,Hamas Movement,Unidentified Armed Group (Palestine),Political militia,Political militia-External/Other forces,,275,Middle East,Palestine,Gaza Strip,Rafah,,Tal as Sultan,31.3098,34.2414,2,Israeli Defense Forces; Twitter,Other-New media,"On 22 August 2024, Israeli ground forces killed dozens of Palestinian gunmen (likely including Hamas) in the area of Tal as Sultan (Rafah, Gaza Strip), likely in clashes and by directing airstrikes. Dozens of fatalities coded as 12.",12,,1724714232
PSE58092,2024-08-21,2024,1,Political violence,Battles,Armed clash,Military Forces of Israel (2022-),,External/Other forces,Hamas Movement,Unidentified Armed Group (Palestine),Political militia,Political militia-External/Other forces,,275,Middle East,Palestine,Gaza Strip,Deir El Balah,,Deir al Balah,31.4178,34.3503,2,Arutz Sheva; Israeli Defense Forces; Times of Israel; Twitter,Other-New media,"On 21 August 2024, Israeli ground forces killed several Palestinian gunmen [likely including Hamas operatives] in Deir al Balah area (Deir El Balah, Gaza Strip), likely in clashes and by directing airstrikes. Also, warplanes destroyed dozens of military targets. An unspecified number of Palestinian fatalities coded as 3.",3,,1724714231
PSE58237,2024-08-21,2024,1,Political violence,Battles,Armed clash,Military Forces of Israel (2022-),,External/Other forces,Hamas Movement,Unidentified Armed Group (Palestine),Political militia,Political militia-External/Other forces,,275,Middle East,Palestine,Gaza Strip,Khan Yunis,,Khan Yunis,31.3502,34.3081,2,Arutz Sheva; Israeli Defense Forces; Times of Israel; Twitter,Other-New media,"On 21 August 2024, Israeli ground forces killed several Palestinian gunmen [likely including Hamas operatives] in Khan Yunis area (Khan Yunis, Gaza Strip), likely in clashes and by directing airstrikes. Also, warplanes destroyed dozens of military targets. An unspecified number of Palestinian fatalities coded as 3.",3,,1724714232
PSE58329,2024-08-21,2024,1,Political violence,Battles,Armed clash,Military Forces of Israel (2022-),,External/Other forces,Hamas Movement,Unidentified Armed Group (Palestine),Political militia,Political militia-External/Other forces,,275,Middle East,Palestine,Gaza Strip,Rafah,,Tal as Sultan,31.3098,34.2414,1,Arutz Sheva; Israeli Defense Forces; Times of Israel; Twitter,Other-New media,"On 21 August 2024, Israeli ground forces killed some 50 Palestinian gunmen (likely including Hamas operatives) in Tal as Sultan (Rafah, Gaza Strip) in clashes and by directing airstrikes. In one incident, directed a UAV to struck a cell of militants who attempted to attack troops.",50,,1724714232
PSE58241,2024-08-21,2024,1,Political violence,Violence against civilians,Attack,Military Forces of Israel (2022-),,External/Other forces,Civilians (Palestine),,Civilians,External/Other forces-Civilians,Civilian targeting,275,Middle East,Palestine,Gaza Strip,Khan Yunis,,Khan Yunis - Al Kateebeh,31.3642,34.3085,2,Ma'an News Agency; Newpress; Quds News Network; Twitter,New media-National,"On 21 August 2024, 2 Palestinians were killed by Israeli snipers in Asdaa city north of Khan Yunis, coded to Khan Yunis - Al Kateebeh (Khan Yunis, Gaza Strip).",2,,1727125752
PSE58089,2024-08-20,2024,1,Political violence,Battles,Armed clash,Military Forces of Israel (2022-),,External/Other forces,Hamas Movement,,Political militia,Political militia-External/Other forces,,275,Middle East,Palestine,Gaza Strip,Deir El Balah,,Deir al Balah,31.4178,34.3503,2,Times of Israel; Twitter,New media-Regional,"On 20 August 2024, Israeli ground forces killed dozens of Palestinian gunmen (likely including Hamas operatives) in Deir al Balah area (Deir El Balah, Gaza Strip) and raided several Hamas sites. Dozens of fatalities coded as 12.",12,,1724714231
PSE58236,2024-08-20,2024,1,Political violence,Battles,Armed clash,Military Forces of Israel (2022-),,External/Other forces,Hamas Movement,Unidentified Armed Group (Palestine),Political militia,Political militia-External/Other forces,,275,Middle East,Palestine,Gaza Strip,Khan Yunis,,Khan Yunis,31.3502,34.3081,2,Arutz Sheva; Times of Israel,Regional,"On 20 August 2024, Israeli ground forces killed dozens of Palestinian gunmen (likely including Hamas operatives) in southern Khan Yunis governorate (Gaza Strip). Dozens of fatalities coded as 12.",12,,1724714232
PSE58327,2024-08-20,2024,1,Political violence,Battles,Armed clash,Military Forces of Israel (2022-),,External/Other forces,Hamas Movement,Unidentified Armed Group (Palestine),Political militia,Political militia-External/Other forces,,275,Middle East,Palestine,Gaza Strip,Rafah,,Tal as Sultan,31.3098,34.2414,2,Arutz Sheva; Times of Israel; Twitter,New media-Regional,"On 20 August 2024, Israeli ground forces killed dozens of Palestinian gunmen (likely including Hamas operatives) northwest of Tal as Sultan (Rafah, Gaza Strip) in clashes and by directing warplanes. Dozens of fatalities coded as 12.",12,,1724714232
PSE58234,2024-08-19,2024,2,Political violence,Battles,Armed clash,Military Forces of Israel (2022-),Police Forces of Israel (2022-) Shin Bet,External/Other forces,Hamas Movement,,Political militia,Political militia-External/Other forces,,275,Middle East,Palestine,Gaza Strip,Khan Yunis,,Khan Yunis,31.3502,34.3081,2,Arutz Sheva; Israeli Defense Forces; Times of Israel; Twitter,Other-New media,"Around 19 August 2024, Israeli ground troops carried out a special operation in the Khan Yunis area (Gaza Strip), where clashes erupted above and under a tunnel (10 meters deep). Shin Bet also participated in the operaiton. As a result, Israeli forces recovered the bodies of 6 Israeli hostages and killed several Hamas militants. Also, the IDF investigation said that bullets were found in the bodies of the 6 hostages as an indication that they were killed by Hamas militants. Fatalities coded as 9 (6 Israeli civilians, 3 unspecified Palestinian gunmen).",9,,1724714232
PSE58235,2024-08-19,2024,1,Political violence,Battles,Armed clash,Military Forces of Israel (2022-),,External/Other forces,Hamas Movement,,Political militia,Political militia-External/Other forces,,275,Middle East,Palestine,Gaza Strip,Khan Yunis,,Khan Yunis,31.3502,34.3081,2,Arutz Sheva; Israeli Defense Forces; Twitter,Other-New media,"On 19 August 2024, Israeli ground troops killed a number of Hamas militants and destroyed military sites, including rocket launchers [likely in clashes and by calling airstrikes] in the Khan Yunis area (Gaza Strip). An unspecified number of Palestinian fatalities coded as 3.",3,,1724714232
PSE58323,2024-08-19,2024,1,Political violence,Battles,Armed clash,Military Forces of Israel (2022-),,External/Other forces,Hamas Movement,Unidentified Armed Group (Palestine),Political militia,Political militia-External/Other forces,,275,Middle East,Palestine,Gaza Strip,Rafah,,Tal as Sultan,31.3098,34.2414,1,Arutz Sheva; Israeli Defense Forces; Twitter,Other-New media,"On 19 August 2024, Israeli ground troops killed nearly 40 unidentified Palestinian gunmen (likely including Hamas) in Tal as Sultan (Rafah, Gaza Strip) in clashes by directing airstrikes. In one incident, an Israeli UAV struck a cell that emerged from a building and was attempting to fire RBGs. Fatalities coded at least 40.",40,,1724714232
PSE58214,2024-08-18,2024,1,Political violence,Violence against civilians,Attack,Military Forces of Israel (2022-),,External/Other forces,Civilians (Palestine),Journalists (Palestine),Civilians,External/Other forces-Civilians,Civilian targeting,275,Middle East,Palestine,Gaza Strip,Khan Yunis,,Hamad,31.3749,34.3193,2,Palestine News and Information Agency; Quds News Network; Twitter,New media-National,"On 18 August 2024, Israeli forces opened fire toward a group of Palestinian journalists near Hamad (Khan Yunis, Gaza strip), killing a journalist and injuring another female journalist.",1,,1724714232
PSE58318,2024-08-18,2024,1,Political violence,Battles,Armed clash,Military Forces of Israel (2022-),,External/Other forces,Hamas Movement,Unidentified Armed Group (Palestine),Political militia,Political militia-External/Other forces,,275,Middle East,Palestine,Gaza Strip,Rafah,,Tal as Sultan,31.3098,34.2414,1,Israeli Defense Forces; Times of Israel; Twitter,Other-New media,"On 18 August 2024, Israeli ground forces (and likely UAVs) killed dozens of Palestinians gunmen in Tal as Sultan (Rafah, Gaza Strip). Dozens of fatalities coded as 12. Also, troops located weapons and destroyed Hamas sites.",12,,1724714232
PSE58085,2024-08-17,2024,1,Political violence,Battles,Armed clash,Military Forces of Israel (2022-),,External/Other forces,Hamas Movement,,Political militia,Political militia-External/Other forces,,275,Middle East,Palestine,Gaza Strip,Deir El Balah,,Deir al Balah,31.4178,34.3503,2,Arutz Sheva; Israeli Defense Forces,Other-Regional,"On 17 August 2024, Israeli ground forces killed dozens of Palestinian militants (likely Hamas) in Deir al Balah area (Deir El Balah, Gaza Strip) and expanded its operations in the area. Dozens of fatalities coded as 12.",12,,1724714231
PSE58230,2024-08-17,2024,1,Political violence,Battles,Armed clash,Military Forces of Israel (2022-),,External/Other forces,Hamas Movement,,Political militia,Political militia-External/Other forces,,275,Middle East,Palestine,Gaza Strip,Khan Yunis,,Khan Yunis,31.3502,34.3081,1,Israeli Defense Forces,Other,"On 17 August 2024, Israeli ground forces killed several Palestinian militants (likely Hamas) in Khan Yunis (Gaza Strip). Also, an Israeli soldier was injured. Unspecified number of fatalities coded as 3.",3,,1724714232
PSE58302,2024-08-17,2024,1,Political violence,Battles,Armed clash,Military Forces of Israel (2022-),,External/Other forces,Hamas Movement,,Political militia,Political militia-External/Other forces,,275,Middle East,Palestine,Gaza Strip,Rafah,,Rafah,31.287,34.2595,2,Arutz Sheva,Regional,"On 17 August 2024, Israeli ground forces killed nearly 20 Palestinian militants (likely Hamas) in Rafah area (Gaza Strip) while operating below and above the ground and destroyed infrastructure and located weapons. Fatalities coded at least 20.",20,,1744085446
PSE58309,2024-08-17,2024,1,Political violence,Violence against civilians,Attack,Military Forces of Israel (2022-),,External/Other forces,Civilians (Palestine),Refugees/IDPs (Palestine),Civilians,External/Other forces-Civilians,Civilian targeting,275,Middle East,Palestine,Gaza Strip,Rafah,,Rafah Camp,31.2847,34.2546,1,Quds News Network; Twitter,New media-National,"On 17 August 2024, Israeli forces (likely from tanks) sniped and killed a Palestinian in Al shaboura Camp in Rafah Camp (Rafah, Gaza Strip).",1,,1744085446
PSE58228,2024-08-16,2024,1,Political violence,Battles,Armed clash,Military Forces of Israel (2022-),,External/Other forces,Hamas Movement,,Political militia,Political militia-External/Other forces,,275,Middle East,Palestine,Gaza Strip,Khan Yunis,,Khan Yunis,31.3502,34.3081,2,Arutz Sheva; Israeli Defense Forces; Quds News Network; Times of Israel; Twitter,Other-New media,"On 16 August 2024, Israeli ground forces killed several Palestinian gunmen in Khan Yunis and destroyed dozens of Hamas sites (Khan Yunis, Gaza Strip), likely by directing airstrikes and in ground clashes. Also, an airstrikes struck a Hamas cell in Khan Yunis area. The IDF said its forces killed dozens of militants in Khan Yunis [coded as 10].",10,,1724714232
PSE58311,2024-08-16,2024,1,Political violence,Battles,Armed clash,Military Forces of Israel (2022-),,External/Other forces,Hamas Movement,,Political militia,Political militia-External/Other forces,,275,Middle East,Palestine,Gaza Strip,Rafah,,Tal as Sultan,31.3098,34.2414,2,Arutz Sheva; Israeli Defense Forces; Quds News Network; Times of Israel; Twitter,Other-New media,"On 16 August 2024, Israeli ground forces killed several Palestinian gunmen in northwest of Tal as Sultan and destroyed sites (Rafah, Gaza Strip), likely by directing airstrikes and in ground clashes (unspecified number of fatalities coded as 3).",3,,1724714232
PSE58127,2024-08-16,2024,1,Political violence,Battles,Armed clash,Military Forces of Israel (2022-),,External/Other forces,Hamas Movement,,Political militia,Political militia-External/Other forces,,275,Middle East,Palestine,Gaza Strip,Gaza City,,Gaza - Nezarim,31.484,34.4056,2,Al-Ittihad; Arutz Sheva; Ma'an News Agency; Palestine News and Information Agency; Quds News Network; Times of Israel; Twitter,New media-National,"On 16 August 2024, Israeli ground forces killed several Palestinian gunmen in the area of Gaza - Nezarim (Gaza City, Gaza Strip), likely in clashes and by directing airstrikes. In one incident, a gunman was killed by a drone after he launched a rocket. Also, the Israeli navy shelled targets and killed several gunmen. Total fatalities coded as 7 (1 confirmed, 3 unspecified, 3 unspecified).",7,,1732580233
PSE57985,2024-08-15,2024,1,Political violence,Battles,Armed clash,Military Forces of Israel (2022-),,External/Other forces,Unidentified Armed Group (Palestine),,Political militia,Political militia-External/Other forces,,275,Middle East,Palestine,Gaza Strip,Khan Yunis,,Khan Yunis,31.3502,34.3081,2,Israeli Defense Forces,Other,"On 15 August 2024, Israeli warplanes and UAVs struck Palestinian gunmen and military sites in Khan Yunis (Gaza Strip), leaving fatalities. In one incident Israeli troops killed a drone operator and another gunmen who fired at forces. [On 31 January 2025, 15 bodies were recovered from under the rubble in Khan Yunis. These fatalities were distributed across three separate events. 5 of the recovered fatalities were coded under this event].",5,,1739227027
PSE60059,2024-08-14,2024,1,Political violence,Violence against civilians,Attack,Military Forces of Israel (2022-),,External/Other forces,Civilians (Palestine),,Civilians,External/Other forces-Civilians,Civilian targeting,275,Middle East,Palestine,Gaza Strip,Khan Yunis,,Bani Suheila,31.3424,34.325,1,Newpress; Palestine News and Information Agency; Quds News Network; Twitter,New media-National,"On 14 August 2024, Israeli snipers opened fire at Palestinians in Bani Suheila town (Khan Yunis, Gaza Strip), killing 2 Palestinians and injuring others.",2,,1727134601
PSE57894,2024-08-14,2024,1,Political violence,Violence against civilians,Attack,Military Forces of Israel (2022-),,External/Other forces,Civilians (Palestine),Labor Group (Palestine),Civilians,External/Other forces-Civilians,Civilian targeting,275,Middle East,Palestine,Gaza Strip,Rafah,,Rafah,31.287,34.2595,1,Ma'an News Agency; Newpress; Palestine News and Information Agency; Quds News Network; Twitter,New media-National,"On 14 August 2024, 2 Palestinians of civil defense were killed by Israeli fire in Rafah city (Rafah, Gaza Strip).",2,,1744085446
PSE57990,2024-08-13,2024,1,Political violence,Battles,Armed clash,Military Forces of Israel (2022-),,External/Other forces,Hamas Movement,,Political militia,Political militia-External/Other forces,,275,Middle East,Palestine,Gaza Strip,Rafah,,Tal as Sultan,31.3098,34.2414,1,Israeli Defense Forces,Other,"On 13 August 2024, Israeli forces clashed with Palestinian militants [likely Hamas] and killed a number of them in Tal as Sultan (Rafah, Gaza Strip). Also, Israeli warplanes struck military sites and located weapons. Unspecified number of fatalities coded as 3.",3,,1724113600
PSE57935,2024-08-13,2024,1,Political violence,Battles,Armed clash,Military Forces of Israel (2022-),,External/Other forces,Hamas Movement,,Political militia,Political militia-External/Other forces,,275,Middle East,Palestine,Gaza Strip,Gaza City,,Gaza - Nezarim,31.484,34.4056,2,Israeli Defense Forces,Other,"On 13 August 2024, Israeli forces clashed with Palestinian militants [likely Hamas] and killed a number of them in central Gaza, coded to Gaza - Nezarim (Gaza City, Gaza Strip). Also, Israeli warplanes struck and destroyed military infrastructures. Unspecified number of fatalities coded as 3.",3,,1732580233
PSE57983,2024-08-12,2024,1,Political violence,Battles,Armed clash,Military Forces of Israel (2022-),,External/Other forces,Hamas Movement,,Political militia,Political militia-External/Other forces,,275,Middle East,Palestine,Gaza Strip,Khan Yunis,,Khan Yunis,31.3502,34.3081,2,Arutz Sheva; Israeli Defense Forces; Times of Israel; Twitter,Other-New media,"On 12 August 2024, Israeli forces killed a number of Palestinian militants (likely Hamas) during the ground operation in Khan Yunis area (Gaza Strip). Also, warplanes struck a destroyed sites used to fire missiles at Israel. [On 31 January 2025, 15 bodies were recovered from under the rubble in Khan Yunis. These fatalities were distributed across three separate events. 5 of the recovered fatalities were coded under this event].",5,,1739227027
PSE57208,2024-08-09,2024,1,Political violence,Violence against civilians,Attack,Military Forces of Israel (2022-),,External/Other forces,Civilians (Palestine),,Civilians,External/Other forces-Civilians,Civilian targeting,275,Middle East,Palestine,Gaza Strip,Khan Yunis,,Al Qararah,31.3739,34.3409,1,Arab 48; Palestine News and Information Agency,National,"On 9 August 2024, Israeli snipers shot dead a Palestinian near Aylaboun school in Al Qararah (Khan Yunis, Gaza Strip).",1,,1723505948
PSE57964,2024-08-09,2024,1,Political violence,Battles,Armed clash,Military Forces of Israel (2022-),,External/Other forces,Hamas Movement,,Political militia,Political militia-External/Other forces,,275,Middle East,Palestine,Gaza Strip,Khan Yunis,,Khan Yunis,31.3502,34.3081,2,Arutz Sheva; Israeli Defense Forces; Twitter,Other-New media,"On 9 August 2024, Israeli forces killed dozens of Hamas gunmen in Khan Yunis area (Gaza Strip), likely by airstrikes and in clashes. Also, Walid al-Salousi the head of a department in Hamas general security forces was killed in an airstrike. Total fatalities coded as 13 [1 confirmed, 12 dozens].",13,,1724113600
PSE60058,2024-08-09,2024,1,Political violence,Violence against civilians,Attack,Military Forces of Israel (2022-),,External/Other forces,Civilians (Palestine),,Civilians,External/Other forces-Civilians,Civilian targeting,275,Middle East,Palestine,Gaza Strip,Khan Yunis,,Abasan al Kabirah,31.3191,34.3401,1,Newpress; Palestine News and Information Agency; Quds News Network; Twitter,New media-National,"On 9 August 2024, an Israeli sniper shot and killed a Palestinian in Abasan al Kabirah (Khan Yunis, Gaza Strip).",1,,1727134601
PSE57369,2024-08-06,2024,1,Political violence,Battles,Armed clash,Military Forces of Israel (2022-),,External/Other forces,Hamas Movement,,Political militia,Political militia-External/Other forces,,275,Middle East,Palestine,Gaza Strip,Gaza City,,Gaza - Nezarim,31.484,34.4056,2,Quds News Network; Times of Israel; Twitter,New media-National,"On 6 August 2024, Israeli forces killed several Palestinian gunmen [likely Hamas] in Gaza - Nezarim area (Gaza City, Gaza Strip) in close-quarters combat and in aerial strikes. Unspecified number of fatalities coded as 3.",3,,1732580233
PSE57368,2024-08-05,2024,1,Political violence,Battles,Armed clash,Military Forces of Israel (2022-),,External/Other forces,Hamas Movement,,Political militia,Political militia-External/Other forces,,275,Middle East,Palestine,Gaza Strip,Gaza City,,Gaza - Nezarim,31.484,34.4056,2,Arutz Sheva; Twitter,New media-Regional,"On 5 August 2024, Israeli forces killed at least 20 Hamas militants in Gaza - Nezarim area (Gaza City, Gaza Strip) in close-quarters combat and in aerial strikes.",20,,1732580233
PSE57498,2024-08-05,2024,1,Political violence,Battles,Armed clash,Military Forces of Israel (2022-),,External/Other forces,Hamas Movement,,Political militia,Political militia-External/Other forces,,275,Middle East,Palestine,Gaza Strip,Rafah,,Rafah,31.287,34.2595,2,Arutz Sheva; Twitter,New media-Regional,"On 5 August 2024, Israeli forces [likely using warplanes] struck a killed a Hamas operations officer in charge of weapons smuggling in Rafah area (Gaza Strip). Also, at least 25 gunmen [likely Hamas] were killed in Rafah area, presumably in armed clashes and airstrikes. Total fatalities coded at least 26.",26,,1744085446
PSE56872,2024-07-30,2024,2,Political violence,Violence against civilians,Attack,Military Forces of Israel (2022-),,External/Other forces,Civilians (Palestine),,Civilians,External/Other forces-Civilians,Civilian targeting,275,Middle East,Palestine,Gaza Strip,Khan Yunis,,Bani Suheila,31.3424,34.325,2,Palestine News and Information Agency; Quds News Network,National,"Around 30 July 2024, a Palestinian with mental disability was found dead in his house after being executed by Israeli forces east of Khan Yunis, coded to Bani Suheila (Khan Yunis, Gaza Strip).",1,,1722903356
PSE56658,2024-07-26,2024,1,Political violence,Violence against civilians,Attack,Military Forces of Israel (2022-),,External/Other forces,Civilians (Palestine),,Civilians,External/Other forces-Civilians,Civilian targeting,275,Middle East,Palestine,Gaza Strip,Khan Yunis,,Khan Yunis,31.3502,34.3081,1,Al Ghad (Jordan),Regional,"On 26 July 2024, Israeli forces killed 6 Palestinians via unspecified means in Salah Al Din Street in Khan Yunis City (Gaza Strip).",6,,1722291571
PSE56667,2024-07-26,2024,1,Political violence,Violence against civilians,Attack,Military Forces of Israel (2022-),,External/Other forces,Civilians (Palestine),,Civilians,External/Other forces-Civilians,Civilian targeting,275,Middle East,Palestine,Gaza Strip,Rafah,,Tal as Sultan,31.3098,34.2414,1,Ma'an News Agency,National,"On 26 July 2024, Israeli army killed 1 Palestinian via unspecified means in Muraj (Miraj) area of Tal as Sultan (Rafah, Gaza Strip).",1,,1722291571
PSE60057,2024-07-26,2024,1,Political violence,Violence against civilians,Attack,Military Forces of Israel (2022-),,External/Other forces,Civilians (Palestine),,Civilians,External/Other forces-Civilians,Civilian targeting,275,Middle East,Palestine,Gaza Strip,Khan Yunis,,Bani Suheila,31.3424,34.325,1,Al Ghad (Jordan); Ma'an News Agency; Newpress,National-Regional,"On 26 July 2024, Israeli snipers shot and injured 2 Palestinians near the Bani Suheila roundabout (Khan Yunis, Gaza Strip).",0,,1727134601
PSE56661,2024-07-26,2024,1,Political violence,Violence against civilians,Attack,Military Forces of Israel (2022-),,External/Other forces,Civilians (Palestine),,Civilians,External/Other forces-Civilians,Civilian targeting,275,Middle East,Palestine,Gaza Strip,Rafah,,Khirbet al Adas,31.2855,34.2714,2,Ma'an News Agency,National,"On 26 July 2024, Israeli army forces killed 1 Palestinian via unspecified means in Ash Shakush area northwest of Rafah, coded to Khirbet al Adas (Rafah, Gaza Strip).",1,,1744085446
PSE56663,2024-07-26,2024,2,Political violence,Battles,Armed clash,Military Forces of Israel (2022-),,External/Other forces,Unidentified Armed Group (Palestine),,Political militia,Political militia-External/Other forces,,275,Middle East,Palestine,Gaza Strip,Rafah,,Rafah,31.287,34.2595,2,Arutz Sheva; Israeli Defense Forces,Other-Regional,"Around 26 July 2024 (as reported), Israeli forces clashed with unknown militants in Rafah area (Gaza Strip), killing or injuring 4 of them. 0 fatalities coded.",0,,1744085446
PSE56568,2024-07-25,2024,1,Political violence,Violence against civilians,Attack,Military Forces of Israel (2022-),,External/Other forces,Civilians (Palestine),,Civilians,External/Other forces-Civilians,Civilian targeting,275,Middle East,Palestine,Gaza Strip,Khan Yunis,,Abasan al Kabirah,31.3191,34.3401,2,Newpress,National,"On 25 July 2024, Israeli snipers shot and killed 1 Palestinian east of Abasan al Kabirah (Khan Yunis, Gaza Strip).",1,,1722291570
PSE56577,2024-07-25,2024,1,Political violence,Violence against civilians,Attack,Military Forces of Israel (2022-),,External/Other forces,Civilians (Palestine),,Civilians,External/Other forces-Civilians,Civilian targeting,275,Middle East,Palestine,Gaza Strip,Khan Yunis,,Bani Suheila,31.3424,34.325,2,Palestine News and Information Agency,National,"On 25 July 2024, Israeli forces shot and killed 2 Palestinians east of Khan Yunis City, coded to Bani Suheila (Khan Yunis, Gaza Strip).",2,,1722291571
PSE56589,2024-07-25,2024,1,Political violence,Violence against civilians,Attack,Military Forces of Israel (2022-),,External/Other forces,Civilians (Palestine),Aid Workers (Palestine); Palestinian Red Crescent Society,Civilians,External/Other forces-Civilians,Civilian targeting,275,Middle East,Palestine,Gaza Strip,Khan Yunis,,Khan Yunis,31.3502,34.3081,1,Palestine News and Information Agency,National,"On 25 July 2024, Israeli forces shot at a Palestinian Red Crescent Society ambulance vehicle carrying an injured Palestinian in Khan Yunis City (Gaza Strip). There were no casualties.",0,,1722291571
PSE56586,2024-07-25,2024,1,Political violence,Violence against civilians,Attack,Military Forces of Israel (2022-),,External/Other forces,Civilians (Palestine),,Civilians,External/Other forces-Civilians,Civilian targeting,275,Middle East,Palestine,Gaza Strip,Gaza City,,Gaza - Nezarim,31.484,34.4056,2,Quds News Network,National,"On 25 July 2024, Israeli army forces shot and killed 1 Palestinian on the axis of Gaza - Nezarim (Gaza City, Gaza Strip).",1,,1732580232
PSE56596,2024-07-25,2024,1,Political violence,Violence against civilians,Attack,Military Forces of Israel (2022-),,External/Other forces,Civilians (Palestine),,Civilians,External/Other forces-Civilians,Civilian targeting,275,Middle East,Palestine,Gaza Strip,Rafah,,Khirbet al Adas,31.2855,34.2714,2,Palestine News and Information Agency,National,"On 25 July 2024, Israeli forces shot and killed 1 Palestinian in the Shakush area northwest of Rafah, coded to Khirbet al Adas (Rafah, Gaza Strip).",1,,1744085446
PSE58301,2024-07-25,2024,1,Political violence,Battles,Armed clash,Military Forces of Israel (2022-),,External/Other forces,Hamas Movement,,Political militia,Political militia-External/Other forces,,275,Middle East,Palestine,Gaza Strip,Rafah,,Rafah,31.287,34.2595,2,Israeli Defense Forces,Other,"On 25 July 2024, Israeli ground forces killed at least 2 Hamas militants in Rafah area (Gaza Strip), likely in clashes or by directing airstrikes.",2,,1744085446
PSE56501,2024-07-24,2024,1,Political violence,Violence against civilians,Attack,Military Forces of Israel (2022-),,External/Other forces,Civilians (International),Aid Workers (International),Civilians,External/Other forces-Civilians,Civilian targeting,275,Middle East,Palestine,Gaza Strip,Khan Yunis,,Bani Suheila,31.3424,34.325,2,Dunia Al Watan; Newpress; Palestine News and Information Agency; Quds News Network,National,"On 24 July 2024, Israeli army forces opened fire at a truck transporting food baskets for the World Central Kitchen Al Salam Hospital north of Bani Suheila (Khan Yunis, Gaza Strip), injuring the driver. There were no fatalities.",0,,1722291570
PSE56532,2024-07-24,2024,2,Political violence,Battles,Armed clash,Military Forces of Israel (2022-),,External/Other forces,Unidentified Armed Group (Palestine),,Political militia,Political militia-External/Other forces,,275,Middle East,Palestine,Gaza Strip,Rafah,,Tal as Sultan,31.3098,34.2414,1,Arutz Sheva,Regional,"Around 24 July 2024 (as reported), Israeli forces clashed with unknown militants in Tal as Sultan (Rafah, Gaza Strip), killing or injuring them. The IDF claimed that from May 6 to September 12, 2024, over 2,000 gunmen were killed in the Rafah area, of these, 1,550 had already been reported in earlier events. The remaining 450 were split across 19 incidents, with 24 fatalities coded to this event.",24,,1727125752
PSE56526,2024-07-24,2024,1,Political violence,Violence against civilians,Attack,Military Forces of Israel (2022-),,External/Other forces,Civilians (Palestine),,Civilians,External/Other forces-Civilians,Civilian targeting,275,Middle East,Palestine,Gaza Strip,Khan Yunis,,Qizan an Najjar,31.323,34.2761,2,Quds News Network,National,"On 24 July 2024, Israeli forces shot and killed 2 Palestinians in Qizan Rashwan area west of Qizan an Najjar (Khan Yunis, Gaza Strip).",2,,1744085446
PSE56445,2024-07-23,2024,1,Political violence,Violence against civilians,Attack,Military Forces of Israel (2022-),,External/Other forces,Civilians (Palestine),,Civilians,External/Other forces-Civilians,Civilian targeting,275,Middle East,Palestine,Gaza Strip,Gaza City,,Gaza - Nezarim,31.484,34.4056,2,Ma'an News Agency,National,"On 23 July 2024, Israeli army forces killed 1 Palestinian via unspecified means south of Gaza - Nezarim (Gaza City, Gaza Strip).",1,,1732580232
PSE58310,2024-07-22,2024,1,Political violence,Battles,Armed clash,Military Forces of Israel (2022-),,External/Other forces,Hamas Movement,,Political militia,Political militia-External/Other forces,,275,Middle East,Palestine,Gaza Strip,Rafah,,Tal as Sultan,31.3098,34.2414,1,Israeli Defense Forces,Other,"On 22 July 2024, Israeli ground forces killed dozens of Hamas militants in Tal as Sultan (Rafah, Gaza Strip) likely in clashes and by directing airstrikes. Dozens of fatalities coded as 12.",12,,1724714232
PSE58227,2024-07-22,2024,1,Political violence,Battles,Armed clash,Military Forces of Israel (2022-),,External/Other forces,Hamas Movement,,Political militia,Political militia-External/Other forces,,275,Middle East,Palestine,Gaza Strip,Khan Yunis,,Khan Yunis,31.3502,34.3081,2,Israeli Defense Forces,Other,"On 22 July 2024, Israeli forces clashed with Hamas militants in Khan Yunis area (Gaza Strip) and destroyed Hamas infrastructure, likely by airstrikes.[ On 31 January 2025, 15 bodies were recovered from under the rubble in Khan Yunis. These fatalities were distributed across three separate events. 5 of the recovered fatalities were coded under this event].",5,,1739227027
PSE56329,2024-07-21,2024,1,Political violence,Battles,Armed clash,Military Forces of Israel (2022-),,External/Other forces,Hamas Movement,,Political militia,Political militia-External/Other forces,,275,Middle East,Palestine,Gaza Strip,Deir El Balah,,Al Burayj,31.4394,34.4031,1,Newpress,National,"On 21 July 2024, an Israeli military helicopter opened fire at Palestinians and shelled a position in the eastern area of Al Burayj camp (Deir El Balah, Gaza Strip). At the same time, Hamas militants launched SAM-7 missiles targeting the Israeli military Apache helicopter as it was opening fire at Palestinians. Casualties unknown.",0,,1722291504
PSE56075,2024-07-18,2024,1,Political violence,Battles,Armed clash,Military Forces of Israel (2022-),,External/Other forces,Hamas Movement,,Political militia,Political militia-External/Other forces,,275,Middle East,Palestine,Gaza Strip,Deir El Balah,,Al Burayj,31.4394,34.4031,2,Quds News Network,National,"On 18 July 2024, Israeli forces clashed with Hamas militants northeast of Al Burayj (Deir El Balah, Gaza Strip) amid heavy artillery fire. Casualties unknown.",0,,1721691315
PSE58126,2024-07-15,2024,1,Political violence,Battles,Armed clash,Military Forces of Israel (2022-),,External/Other forces,Hamas Movement,,Political militia,Political militia-External/Other forces,,275,Middle East,Palestine,Gaza Strip,Gaza City,,Gaza - Nezarim,31.484,34.4056,2,Israeli Defense Forces,Other,"On 15 July 2024, Israeli ground forces clashed with Hamas gunmen in the area of Gaza - Nezarim (Gaza City, Gaza strip). Casualties unknown.",0,,1732580233
PSE56114,2024-07-14,2024,1,Political violence,Violence against civilians,Attack,Military Forces of Israel (2022-),,External/Other forces,Civilians (Palestine),,Civilians,External/Other forces-Civilians,Civilian targeting,275,Middle East,Palestine,Gaza Strip,Khan Yunis,,Al Mawasi (Khan Yunis),31.3482,34.2547,1,Newpress,National,"On 14 July 2024, Israeli forces opened fire at Palestinian houses in Al Mawasi (Khan Yunis), (Khan Yunis, West Bank). Casualties unknown.",0,,1721691353
PSE56101,2024-07-14,2024,1,Political violence,Violence against civilians,Attack,Military Forces of Israel (2022-),,External/Other forces,Civilians (Palestine),,Civilians,External/Other forces-Civilians,Civilian targeting,275,Middle East,Palestine,Gaza Strip,Rafah,,Tal as Sultan,31.3098,34.2414,2,Newpress,National,"On 14 July 2024, Israeli forces intensively opened fire in Zorob roundabout and Al Zir road west of Rafah, coded to Tal as Sultan (Rafah, Gaza Strip), likely targeting Palestinians. Casualties unknown.",0,,1721691372
PSE56125,2024-07-14,2024,1,Political violence,Violence against civilians,Attack,Military Forces of Israel (2022-),,External/Other forces,Civilians (Palestine),,Civilians,External/Other forces-Civilians,Civilian targeting,275,Middle East,Palestine,Gaza Strip,Gaza City,,Gaza - Southern Remal,31.5168,34.4355,1,Newpress,National,"On 14 July 2024, Israeli forces launched an attack (means unspecified) on the Al Azhar university block in Gaza - Southern Remal (Gaza City, Gaza Strip), killing 3 Palestinians.",3,,1721691372
PSE58058,2024-07-14,2024,1,Political violence,Battles,Armed clash,Military Forces of Israel (2022-),,External/Other forces,Hamas Movement,,Political militia,Political militia-External/Other forces,,275,Middle East,Palestine,Gaza Strip,Deir El Balah,,An Nusayrat,31.4486,34.3925,2,Israeli Defense Forces,Other,"On 14 July 2024, Israeli ground forces clashed with Hamas gunmen in a UNRWA school in An Nusayrat Camp (Deir El Balah, Gaza strip). Casualties unknown.",0,,1724714231
PSE56126,2024-07-14,2024,1,Political violence,Violence against civilians,Attack,Military Forces of Israel (2022-),,External/Other forces,Civilians (Palestine),,Civilians,External/Other forces-Civilians,Civilian targeting,275,Middle East,Palestine,Gaza Strip,Rafah,,Rafah,31.287,34.2595,2,Newpress,National,"On 14 July 2024, Israeli military snipers shot and killed 7 Palestinians near the Shokeh School in Rafah (Rafah, West Bank).",7,,1744085422
PSE56089,2024-07-13,2024,1,Political violence,Violence against civilians,Attack,Military Forces of Israel (2022-),,External/Other forces,Civilians (Palestine),,Civilians,External/Other forces-Civilians,Civilian targeting,275,Middle East,Palestine,Gaza Strip,Gaza City,,Gaza - Shujaiyya,31.4988,34.4699,1,Quds News Network,National,"On 13 July 2024, Israeli forces opened fire at a Palestinian child in Gaza - Shujaiyya (Gaza City, Gaza Strip), killing him.",1,,1721691354
PSE58108,2024-07-13,2024,1,Political violence,Battles,Armed clash,Military Forces of Israel (2022-),,External/Other forces,Hamas Movement,,Political militia,Political militia-External/Other forces,,275,Middle East,Palestine,Gaza Strip,Gaza City,,Gaza,31.5045,34.4743,1,Israeli Defense Forces,Other,"On 13 July 2024, Israeli ground forces clashed with Hamas gunmen in Gaza City (Gaza Strip). Casualties unknown. Also, airstrikes struck and killed a Hamas commander. Fatalities coded at least 1.",1,,1724714231
PSE56092,2024-07-13,2024,1,Political violence,Violence against civilians,Attack,Military Forces of Israel (2022-),,External/Other forces,Civilians (Palestine),Labor Group (Palestine),Civilians,External/Other forces-Civilians,Civilian targeting,275,Middle East,Palestine,Gaza Strip,Gaza City,,Gaza - Tal el Hawa,31.5041,34.435,1,Quds News Network,National,"On 13 July 2024, Israeli military snipers opened fire at Palestinian rescue teams in Gaza - Tal el Hawa (Gaza City, Gaza Strip) as they were recovering 3 dead bodies. There were no casualties.",0,,1740447590
PSE58299,2024-07-13,2024,1,Political violence,Battles,Armed clash,Military Forces of Israel (2022-),,External/Other forces,Hamas Movement,,Political militia,Political militia-External/Other forces,,275,Middle East,Palestine,Gaza Strip,Rafah,,Rafah,31.287,34.2595,2,Israeli Defense Forces,Other,"On 13 July 2024, Israeli ground forces killed a number of Hamas militants including a squad in Rafah area (Gaza Strip) and destroyed Hamas tunnel shafts and infrastructures. [On January 19, 20, and 23, 2025, 118 bodies were recovered from under the rubble in Rafah. These fatalities were distributed across 8 previous events in Rafah. 14 of these fatalities were coded to this event].",14,,1744085446
PSE55838,2024-07-10,2024,1,Political violence,Violence against civilians,Attack,Military Forces of Israel (2022-),,External/Other forces,Civilians (Palestine),,Civilians,External/Other forces-Civilians,Civilian targeting,275,Middle East,Palestine,Gaza Strip,Gaza City,,Gaza - Northern Remal,31.524,34.4505,1,Arab 48,National,"On 10 July 2024, an Israeli sniper shot and killed a Palestinian at the Al Yarmouk stadium in Gaza - Northern Remal (Gaza City, Gaza Strip).",1,,1721686969
PSE55625,2024-07-07,2024,2,Political violence,Violence against civilians,Attack,Military Forces of Israel (2022-),,External/Other forces,Civilians (Palestine),Prisoners (Palestine),Civilians,External/Other forces-Civilians,Civilian targeting,275,Middle East,Palestine,Gaza Strip,Rafah,,Rafah Border Crossing,31.2486,34.2592,2,Arab 48; Quds News Network; Twitter,New media-National,"Around 7 July 2024, Israeli forces killed 3 Palestinians after detaining them and handcuffing them near the Kerem Shalom Crossing, coded to Rafah Border Crossing (Rafah, Gaza Strip).",3,,1744679477
PSE55198,2024-07-01,2024,1,Political violence,Battles,Armed clash,Military Forces of Israel (2022-),,External/Other forces,PIJ: Palestinian Islamic Jihad,,Political militia,Political militia-External/Other forces,,275,Middle East,Palestine,Gaza Strip,Khan Yunis,,Khan Yunis,31.3502,34.3081,1,Israeli Defense Forces; Times of Israel; Twitter,Other-New media,"On 1 July 2024, Israeli warplanes struck PIJ targets in Khan Yunis (Gaza City, Gaza Strip) following firing 20 rockets from the area toward Israel by the PIJ. Casualties unknown.",0,,1720482003
PSE54818,2024-06-28,2024,1,Political violence,Violence against civilians,Attack,Military Forces of Israel (2022-),,External/Other forces,Civilians (Palestine),,Civilians,External/Other forces-Civilians,Civilian targeting,275,Middle East,Palestine,Gaza Strip,Deir El Balah,,An Nusayrat - West,31.4525,34.3756,1,Palestine News and Information Agency,National,"On 28 June 2024, Israeli forces opened fire at a group of Palestinians in Al Rasheed Street in An Nusayrat - West (Deir El Balah, Gaza Strip), leaving 2 fatalities and a number of injuries.",2,,1719876539
PSE54926,2024-06-27,2024,1,Political violence,Violence against civilians,Attack,Military Forces of Israel (2022-),,External/Other forces,Civilians (Palestine),,Civilians,External/Other forces-Civilians,Civilian targeting,275,Middle East,Palestine,Gaza Strip,Rafah,,Tal as Sultan,31.3098,34.2414,2,Arab 48; Palestine News and Information Agency,National,"On 27 June 2024, Israeli snipers opened fire and killed a Palestinian near Al Alam roundabout west of Rafah, coded to Tal as Sultan (Rafah, Gaza Strip). Fatalities coded as 1.",1,,1721691303
PSE54881,2024-06-24,2024,1,Political violence,Violence against civilians,Attack,Military Forces of Israel (2022-),,External/Other forces,Civilians (Palestine),,Civilians,External/Other forces-Civilians,Civilian targeting,275,Middle East,Palestine,Gaza Strip,Rafah,,Tal as Sultan,31.3098,34.2414,1,Arab 48; Palestine News and Information Agency; Quds News Network; Twitter,New media-National,"On 24 June 2024, Israeli snipers injured several Palestinians in Tal as Sultan (Rafah, Gaza Strip).",0,,1721691303
PSE54699,2024-06-23,2024,1,Political violence,Violence against civilians,Attack,Military Forces of Israel (2022-),,External/Other forces,Civilians (Palestine),,Civilians,External/Other forces-Civilians,Civilian targeting,275,Middle East,Palestine,Gaza Strip,Rafah,,Shokat as Sufi,31.2586,34.2824,1,Palestine News and Information Agency; Quds News Network; Twitter,New media-National,"On 23 June 2024, Israeli forces opened fire and killed a Palestinian in Shokat as Sufi (Rafah, Gaza Strip).",1,,1719876539
PSE54689,2024-06-22,2024,1,Political violence,Violence against civilians,Attack,Military Forces of Israel (2022-),,External/Other forces,Civilians (Palestine),Fishers (Palestine),Civilians,External/Other forces-Civilians,Civilian targeting,275,Middle East,Palestine,Gaza Strip,Gaza City,,Coast of Gaza City,31.5304,34.4215,2,Arab 48; Quds News Network; Twitter,New media-National,"On 22 June 2024, 2 Palestinian fishers were injured by Israeli fire near Gaza Port, likely off the Coast of Gaza City (Gaza Strip).",0,,1731510652
PSE60056,2024-06-22,2024,1,Political violence,Violence against civilians,Attack,Military Forces of Israel (2022-),,External/Other forces,Civilians (Palestine),,Civilians,External/Other forces-Civilians,Civilian targeting,275,Middle East,Palestine,Gaza Strip,Rafah,,Yibna,31.2842,34.2482,2,Palestine News and Information Agency; PLO Negotiations Affairs Department; Quds News Network; Twitter,Other-New media,"On 22 June 2024, Israeli snipers killed a Palestinian at George street east of Rafah, coded to Yibna (Rafah, Gaza Strip).",1,,1739840214
PSE60066,2024-05-30,2024,1,Political violence,Violence against civilians,Attack,Military Forces of Israel (2022-),,External/Other forces,Civilians (Palestine),,Civilians,External/Other forces-Civilians,Civilian targeting,275,Middle East,Palestine,Gaza Strip,Gaza City,,Gaza - Tal el Hawa,31.5041,34.435,1,Palestine News and Information Agency,National,"On 30 May 2024, Israeli soldiers sniped and killed 3 Palestinians at Street 8 in Gaza - Tal el Hawa (Gaza City, Gaza Strip).",3,,1740447621
PSE52618,2024-05-20,2024,1,Political violence,Violence against civilians,Attack,Military Forces of Israel (2022-),,External/Other forces,Civilians (Palestine),,Civilians,External/Other forces-Civilians,Civilian targeting,275,Middle East,Palestine,Gaza Strip,Gaza City,,Gaza - Nezarim,31.484,34.4056,2,Quds News Network; Twitter,New media-National,"On 20 May 2024, Israeli forces opened fire and killed 2 Palestinians near Gaza - Nezarim (Gaza City, Gaza Strip).",2,,1732580230
PSE52526,2024-05-18,2024,1,Political violence,Violence against civilians,Attack,Military Forces of Israel (2022-),,External/Other forces,Civilians (Palestine),,Civilians,External/Other forces-Civilians,Civilian targeting,275,Middle East,Palestine,Gaza Strip,Deir El Balah,,An Nusayrat - West,31.4525,34.3756,1,Palestine News and Information Agency,National,"On 18 May 2024, Israeli forces opened fire in An Nusayrat - West (Deir El Balah, Gaza Strip), leaving 2 fatalities.",2,,1716850507
PSE52527,2024-05-18,2024,1,Political violence,Violence against civilians,Attack,Military Forces of Israel (2022-),,External/Other forces,Civilians (Palestine),,Civilians,External/Other forces-Civilians,Civilian targeting,275,Middle East,Palestine,Gaza Strip,Gaza City,,Al Mughraqa,31.4675,34.4097,2,Palestine News and Information Agency,National,"On 18 May 2024, Israeli forces opened fire at Palestinians in Wadi Gaza, coded to Al Mughraqa (Gaza City, Gaza Strip), leaving 2 fatalities.",2,,1739840209
PSE52374,2024-05-16,2024,1,Political violence,Violence against civilians,Attack,Military Forces of Israel (2022-),,External/Other forces,Civilians (Palestine),,Civilians,External/Other forces-Civilians,Civilian targeting,275,Middle East,Palestine,Gaza Strip,Gaza City,,Gaza - Nezarim,31.484,34.4056,2,Arab 48; Quds News Network; Twitter,New media-National,"On 16 May 2024, Israeli forces opened fire and killed a Palestinian near the checkpoint of Gaza - Nezarim (Gaza City, Gaza Strip).",1,,1732580229
PSE51463,2024-05-02,2024,1,Political violence,Violence against civilians,Attack,Military Forces of Israel (2022-),,External/Other forces,Civilians (Palestine),Labor Group (Palestine),Civilians,External/Other forces-Civilians,Civilian targeting,275,Middle East,Palestine,Gaza Strip,Gaza City,,Gaza - Az Zaytun,31.4964,34.4522,1,Arab 48; Newpress; Palestine News and Information Agency; Quds News Network; Twitter,New media-National,"On 2 May 2024, Israeli military forces opened fire toward an aid truck near the Kuwait roundabout in Gaza - Az Zaytun (Gaza City, Gaza Strip), killing 1 Palestinian driver and injuring a number of other Palestinians.",1,,1740447588
PSE51360,2024-05-01,2024,1,Political violence,Violence against civilians,Attack,Military Forces of Israel (2022-),,External/Other forces,Civilians (Palestine),,Civilians,External/Other forces-Civilians,Civilian targeting,275,Middle East,Palestine,Gaza Strip,Gaza City,,Al Mughraqa,31.4675,34.4097,2,Arab 48; Quds News Network; Twitter,New media-National,"On 1 May 2024, Israeli forces shot and killed a Palestinian while passing from Al Rasheed street near wadi Gaza, coded to Al Mughraqa (Gaza City, Gaza Strip).",1,,1739840139
PSE51357,2024-04-30,2024,1,Political violence,Violence against civilians,Attack,Military Forces of Israel (2022-),,External/Other forces,Civilians (Palestine),,Civilians,External/Other forces-Civilians,Civilian targeting,275,Middle East,Palestine,Gaza Strip,Gaza City,,Gaza - Nezarim,31.484,34.4056,2,Quds News Network; Twitter,New media-National,"On 30 April 2024, Israeli forces shot and injured two Palestinian young men, stripped them of their clothes, and tortured them as they attempted to flee from Gaza city to the south, likely in Gaza - Nezarim (Gaza City, Gaza Strip).",0,,1732580228
PSE50973,2024-04-23,2024,1,Political violence,Violence against civilians,Attack,Military Forces of Israel (2022-),,External/Other forces,Civilians (Palestine),,Civilians,External/Other forces-Civilians,Civilian targeting,275,Middle East,Palestine,Gaza Strip,North Gaza,,Beit Lahiya,31.5541,34.5016,2,Quds News Network; Twitter,New media-National,"On 23 April 2024, Israeli forces opened fire toward a group of Palestinians while waiting for aid trucks west of Beit Lahiya (North Gaza, Gaza Strip), leaving injuries.",0,,1716328031
PSE50563,2024-04-18,2024,1,Political violence,Violence against civilians,Attack,Military Forces of Israel (2022-),,External/Other forces,Civilians (Palestine),,Civilians,External/Other forces-Civilians,Civilian targeting,275,Middle East,Palestine,Gaza Strip,Deir El Balah,,Deir al Balah Camp,31.4249,34.34,2,Arab 48; Quds News Network; Twitter,New media-National,"On 18 April 2024, Israeli forces shot dead a Palestinian east of Deir al Balah city, coded to Deir al Balah Camp (Deir El Balah, Gaza Strip).",1,,1715641891
PSE50530,2024-04-15,2024,1,Political violence,Violence against civilians,Attack,Military Forces of Israel (2022-),,External/Other forces,Civilians (Palestine),Refugees/IDPs (Palestine),Civilians,External/Other forces-Civilians,Civilian targeting,275,Middle East,Palestine,Gaza Strip,Deir El Balah,,An Nusayrat - West,31.4525,34.3756,1,Dunia Al Watan; Palestine News and Information Agency; Quds News Network; Twitter,New media-National,"On 15 April 2024, Israeli military forces opened fire on hundreds of displaced Palestinians who had attempted to return to the Northern Gaza through the Al Rashid street near Wadi Gaza, West of An Nusayrat (An Nusayrat - West, Deir El Balah, Gaza Strip). As a result, at least 2 Palestinians were injured.",0,,1715641890
PSE50524,2024-04-14,2024,1,Political violence,Violence against civilians,Attack,Military Forces of Israel (2022-),,External/Other forces,Civilians (Palestine),Refugees/IDPs (Palestine),Civilians,External/Other forces-Civilians,Civilian targeting,275,Middle East,Palestine,Gaza Strip,Deir El Balah,,An Nusayrat - West,31.4525,34.3756,1,Arab 48; Ma'an News Agency; Newpress; Palestine News and Information Agency; Quds News Network; Twitter,New media-National,"On 14 April 2024, Israeli military forces opened fire on hundreds of displaced Palestinians who had attempted to return to Northern Gaza through the Al Rashid street near Wadi Gaza, West of An Nusayrat (An Nusayrat - West, Deir El Balah, Gaza Strip). As a result, 6 Palestinians, including a woman and a girl, were killed and at least 25 others were injured.",6,,1715641890
PSE50575,2024-04-14,2024,1,Political violence,Violence against civilians,Attack,Military Forces of Israel (2022-),,External/Other forces,Civilians (Palestine),Women (Palestine),Civilians,External/Other forces-Civilians,Civilian targeting,275,Middle East,Palestine,Gaza Strip,Gaza City,,Al Zahra,31.4716,34.4013,2,Arab 48,National,"On 14 April 2024, Israeli forces opened fire at a group of Palestinians west of Al Zahra (Gaza City, Gaza Strip), killing a woman and injuring others.",1,,1744070414
PSE50283,2024-04-09,2024,1,Political violence,Violence against civilians,Attack,Military Forces of Israel (2022-),,External/Other forces,Civilians (Palestine),,Civilians,External/Other forces-Civilians,Civilian targeting,275,Middle East,Palestine,Gaza Strip,Gaza City,,Gaza - Southern Remal,31.5168,34.4355,1,Ma'an News Agency; Palestine News and Information Agency; Quds News Network; Twitter,New media-National,"On 9 April 2024, Israeli forces opened fire and killed a Palestinian at Al Shuhada junction in Gaza - Southern Remal (Gaza City, Gaza Strip).",1,,1721691304
PSE49607,2024-03-28,2024,1,Political violence,Violence against civilians,Attack,Military Forces of Israel (2022-),,External/Other forces,Civilians (Palestine),,Civilians,External/Other forces-Civilians,Civilian targeting,275,Middle East,Palestine,Gaza Strip,Gaza City,,Gaza - Shujaiyya,31.4988,34.4699,2,Palestine News and Information Agency,National,"On 28 March 2024, Israeli forces opened fire on Palestinians while waiting for an aid convoy east of Gaza City, coded to Gaza - Shujaiyya (Gaza City, Gaza Strip), leaving 6 fatalities.",6,,1715049699
PSE49575,2024-03-28,2024,1,Political violence,Violence against civilians,Attack,Military Forces of Israel (2022-),,External/Other forces,Civilians (Palestine),,Civilians,External/Other forces-Civilians,Civilian targeting,275,Middle East,Palestine,Gaza Strip,Khan Yunis,,Hamad,31.3749,34.3193,1,Palestine News and Information Agency,National,"On 28 March 2024, Israeli forces opened fire and killed a Palestinian in Hamad city (Khan Yunis, Gaza Strip).",1,,1715641889
PSE49493,2024-03-27,2024,1,Political violence,Violence against civilians,Attack,Military Forces of Israel (2022-),,External/Other forces,Civilians (Palestine),Refugees/IDPs (Palestine),Civilians,External/Other forces-Civilians,Civilian targeting,275,Middle East,Palestine,Gaza Strip,Khan Yunis,,Khan Yunis - West (Municipal Stadium),31.3484,34.2961,1,Ma'an News Agency; Palestine News and Information Agency; Quds News Network; Twitter,New media-National,"On 27 March 2024, Israeli forces opened fire at displaced young people after asking them to leave the Nasser Hospital complex in western Rafah (coded to Khan Yunis - West (Municipal Stadium), Gaza Strip). Casualties unknown.",0,,1715049699
PSE49565,2024-03-27,2024,1,Political violence,Violence against civilians,Attack,Military Forces of Israel (2022-),,External/Other forces,Civilians (Palestine),,Civilians,External/Other forces-Civilians,Civilian targeting,275,Middle East,Palestine,Gaza Strip,Gaza City,,Gaza - Az Zaytun,31.4964,34.4522,1,Al Ghad (Jordan); Newpress; Palestine News and Information Agency; Quds News Network; Twitter,New media-National,"On 27 March 2024, Israeli snipers opened fire on Palestinians while waiting for an aid convoy near the Kuwait roundabout in Gaza - Az Zaytun (Gaza City, Gaza Strip). 4 Palestinians of the clans' committee who are responsible for securing and distributing aid, were killed.",4,,1740447587
PSE49699,2024-03-25,2024,1,Political violence,Violence against civilians,Attack,Military Forces of Israel (2022-),,External/Other forces,Civilians (Palestine),Aid Workers (Palestine),Civilians,External/Other forces-Civilians,Civilian targeting,275,Middle East,Palestine,Gaza Strip,Gaza City,,Gaza - Az Zaytun,31.4964,34.4522,1,Palestine News and Information Agency; Quds News Network; Twitter,New media-National,"On 25 March 2024, Israeli forces opened fire on Palestinian committees (likely civilians) organizing aid distribution near the Kuwait roundabout in Gaza - Az Zaytun (Gaza City, Gaza Strip). Casualties unknown.",0,,1740447587
PSE49695,2024-03-24,2024,1,Political violence,Violence against civilians,Attack,Military Forces of Israel (2022-),,External/Other forces,Civilians (Palestine),,Civilians,External/Other forces-Civilians,Civilian targeting,275,Middle East,Palestine,Gaza Strip,Gaza City,,Gaza - Az Zaytun,31.4964,34.4522,1,Ma'an News Agency; Palestine News and Information Agency; Quds News Network; Twitter,New media-National,"On 24 March 2024, Israeli forces opened fire on Palestinians (likely waiting for aid trucks) near the Kuwait roundabout in Gaza - Az Zaytun (Gaza City, Gaza Strip), leaving one fatality and 2 injuries.",1,,1740447587
PSE49634,2024-03-23,2024,1,Political violence,Violence against civilians,Attack,Military Forces of Israel (2022-),,External/Other forces,Civilians (Palestine),Refugees/IDPs (Palestine),Civilians,External/Other forces-Civilians,Civilian targeting,275,Middle East,Palestine,Gaza Strip,Khan Yunis,,Al Mawasi (Khan Yunis),31.3482,34.2547,1,Palestine News and Information Agency; Quds News Network; Twitter,New media-National,"On 23 March 2024, Israeli forces opened fire in Al Mawasi (Khan Yunis), Gaza Strip, injuring a number of displaced Palestinians.",0,,1715049699
PSE49645,2024-03-23,2024,1,Political violence,Violence against civilians,Attack,Military Forces of Israel (2022-),,External/Other forces,Civilians (Palestine),,Civilians,External/Other forces-Civilians,Civilian targeting,275,Middle East,Palestine,Gaza Strip,Gaza City,,Gaza - Az Zaytun,31.4964,34.4522,1,Al Ghad (Jordan); Ma'an News Agency; Newpress; Palestine News and Information Agency; Quds News Network; Twitter,New media-National,"On 23 March 2024, Israeli forces opened fire on Palestinians waiting for aid trucks near the Kuwait roundabout in Gaza - Az Zaytun (Gaza City, Gaza Strip), leaving 19 fatalities and 23 injuries. The IDF denied its involvement in the incident.",19,,1740447587
PSE49088,2024-03-22,2024,1,Political violence,Violence against civilians,Attack,Military Forces of Israel (2022-),,External/Other forces,Civilians (Palestine),,Civilians,External/Other forces-Civilians,Civilian targeting,275,Middle East,Palestine,Gaza Strip,Gaza City,,Al Mughraqa,31.4675,34.4097,1,Palestine News and Information Agency; Quds News Network; Twitter,New media-National,"On 22 March 2024, Israeli soldiers sniped and injured a Palestinian in Al Mughraqa (Gaza City, Gaza Strip).",0,,1739840137
PSE48924,2024-03-19,2024,1,Political violence,Violence against civilians,Attack,Military Forces of Israel (2022-),,External/Other forces,Civilians (Palestine),Aid Workers (Palestine),Civilians,External/Other forces-Civilians,Civilian targeting,275,Middle East,Palestine,Gaza Strip,Gaza City,,Gaza - Az Zaytun,31.4964,34.4522,1,Arab 48; Dunia Al Watan; Ma'an News Agency; Newpress; Palestine News and Information Agency; Quds News Network; Twitter,New media-National,"On 19 March 2024, Israeli forces opened fire on a gathering for aid distribution popular committees (established by Gazan clans and likely supported by Hamas) at the Kuwait roundabout in Gaza - Az Zaytun (Gaza City, Gaza Strip), leaving at least 23 fatalities and injuring others, among those killed was the head of the committee.",23,,1740447587
PSE48710,2024-03-15,2024,1,Political violence,Violence against civilians,Attack,Military Forces of Israel (2022-),,External/Other forces,Civilians (Palestine),,Civilians,External/Other forces-Civilians,Civilian targeting,275,Middle East,Palestine,Gaza Strip,Gaza City,,Gaza - Az Zaytun,31.4964,34.4522,1,Ma'an News Agency; Palestine News and Information Agency; Quds News Network; Twitter,New media-National,"On 15 March 2024, Israeli forces opened fire at Palestinians who were waiting for aid trucks at the Kuwait roundabout in Gaza - Az Zaytun (Gaza City, Gaza Strip), leaving 1 fatality and a number of injuries.",1,,1740447586
PSE48741,2024-03-13,2024,1,Political violence,Violence against civilians,Attack,Military Forces of Israel (2022-),,External/Other forces,Civilians (Palestine),,Civilians,External/Other forces-Civilians,Civilian targeting,275,Middle East,Palestine,Gaza Strip,Gaza City,,Gaza - Az Zaytun,31.4964,34.4522,1,Newpress; Palestine News and Information Agency; Quds News Network; Twitter,New media-National,"On 13 March 2024, Israeli forces opened fire at Palestinians who were waiting for aid trucks at the Kuwait roundabout in Gaza - Az Zaytun (Gaza City, Gaza Strip), leaving 6 fatalities and at least 83 injuries.",6,,1740447586
PSE48571,2024-03-11,2024,1,Political violence,Violence against civilians,Attack,Military Forces of Israel (2022-),,External/Other forces,Civilians (Palestine),,Civilians,External/Other forces-Civilians,Civilian targeting,275,Middle East,Palestine,Gaza Strip,Gaza City,,Gaza - Az Zaytun,31.4964,34.4522,1,Quds News Network; Twitter,New media-National,"On 11 March 2024, Israeli forces opened fire at Palestinians who were waiting for aid trucks at the Kuwait roundabout in Gaza - Az Zaytun (Gaza City, Gaza Strip), leaving 7 fatalities and at least 38 injuries.",7,,1740447586
PSE48544,2024-03-10,2024,1,Political violence,Violence against civilians,Attack,Military Forces of Israel (2022-),,External/Other forces,Civilians (Palestine),,Civilians,External/Other forces-Civilians,Civilian targeting,275,Middle East,Palestine,Gaza Strip,Gaza City,,Gaza - Az Zaytun,31.4964,34.4522,1,Palestine News and Information Agency,National,"On 10 March 2024, Israeli forces opened fire at Palestinians who were waiting for aid trucks at the Kuwait roundabout in Gaza - Az Zaytun (Gaza City, Gaza Strip), leaving 5 fatalities and dozens of injuries.",5,,1740447586
PSE48514,2024-03-09,2024,1,Political violence,Violence against civilians,Attack,Military Forces of Israel (2022-),,External/Other forces,Civilians (Palestine),,Civilians,External/Other forces-Civilians,Civilian targeting,275,Middle East,Palestine,Gaza Strip,Gaza City,,Gaza - Az Zaytun,31.4964,34.4522,1,Palestine News and Information Agency; Quds News Network; Twitter,New media-National,"On 9 March 2024, Israeli forces opened fire at Palestinians who were waiting for aid trucks at the Kuwait roundabout in Gaza - Az Zaytun (Gaza City, Gaza Strip), leaving one fatality and at least 20 injuries.",1,,1740447586
PSE48487,2024-03-08,2024,1,Political violence,Violence against civilians,Attack,Military Forces of Israel (2022-),,External/Other forces,Civilians (Palestine),,Civilians,External/Other forces-Civilians,Civilian targeting,275,Middle East,Palestine,Gaza Strip,Khan Yunis,,Abasan al Jadidah,31.3416,34.3459,1,Arab 48; Quds News Network; Twitter,New media-National,"On 8 March 2024, Israeli soldiers sniped and injured a number of Palestinians in Abasan al Jadidah (Khan Yunis, Gaza Strip).",0,,1715049697
PSE48494,2024-03-08,2024,1,Political violence,Violence against civilians,Attack,Military Forces of Israel (2022-),,External/Other forces,Civilians (Palestine),,Civilians,External/Other forces-Civilians,Civilian targeting,275,Middle East,Palestine,Gaza Strip,Gaza City,,Gaza - Az Zaytun,31.4964,34.4522,1,Newpress; Quds News Network; Twitter,New media-National,"On 8 March 2024, Israeli forces opened fire at Palestinians who were waiting for aid trucks at the Kuwait roundabout in Gaza - Az Zaytun (Gaza City, Gaza Strip), leaving 2 fatalities and a number of injuries.",2,,1740447586
PSE59523,2024-03-07,2024,1,Political violence,Battles,Armed clash,Military Forces of Israel (2022-),,External/Other forces,Hamas Movement,,Political militia,Political militia-External/Other forces,,275,Middle East,Palestine,Gaza Strip,Deir El Balah,,Deir al Balah,31.4178,34.3503,2,Israeli Defense Forces,Other,"On 7 March 2024, Israeli warpanes struck targets in central Gaza Strip (coded to Deir al Balah). IDF claimed that it killed about 15 militants (coded as Hamas Movement) using sniper fire, aircraft and fighter jets.",15,,1727125752
PSE48455,2024-03-07,2024,1,Political violence,Violence against civilians,Attack,Military Forces of Israel (2022-),,External/Other forces,Civilians (Palestine),,Civilians,External/Other forces-Civilians,Civilian targeting,275,Middle East,Palestine,Gaza Strip,Gaza City,,Gaza - Ash Shaykh Ijlin,31.5098,34.4274,1,Quds News Network; Twitter,New media-National,"On 7 March 2024, Israeli military forces opened fire on Palestinians who were waiting for aid trucks at Al Nabulsi roundabout in Al Rasheed Street in Gaza - Ash Shaykh Ijlin (Gaza City, Gaza Strip), killing 1 person and injuring 12 more.",1,,1732580226
PSE56278,2024-03-07,2024,1,Political violence,Battles,Armed clash,Military Forces of Israel (2022-),,External/Other forces,Hamas Movement,,Political militia,Political militia-External/Other forces,,275,Middle East,Palestine,Gaza Strip,Khan Yunis,,Hamad,31.3749,34.3193,1,Twitter,New media,"On 7 March 2024, Israeli warplanes and snipers killed 'numerous' gunmen from Hamas in Hamad city (Khan Yunis, Gaza Strip). [On 14 March 2024, 15 bodies were recovered from under the rubble in Hamad. These fatalities were coded to this event].",15,,1739227027
PSE48412,2024-03-06,2024,1,Political violence,Violence against civilians,Attack,Military Forces of Israel (2022-),,External/Other forces,Civilians (Palestine),,Civilians,External/Other forces-Civilians,Civilian targeting,275,Middle East,Palestine,Gaza Strip,Gaza City,,Al Mughraqa,31.4675,34.4097,2,Al-Ittihad; Ma'an News Agency; Palestine News and Information Agency; Quds News Network; Twitter,New media-National,"On 6 March 2024, Israeli forces opened fire toward Palestinians in Wadi Gaza south of Al Mughraqa (Gaza City, Gaza Strip), leaving 7 fatalities and a number of injuries.",7,,1739840137
PSE48378,2024-03-05,2024,1,Political violence,Violence against civilians,Attack,Military Forces of Israel (2022-),,External/Other forces,Civilians (Palestine),,Civilians,External/Other forces-Civilians,Civilian targeting,275,Middle East,Palestine,Gaza Strip,Gaza City,,Gaza - Ash Shaykh Ijlin,31.5098,34.4274,2,Dunia Al Watan; Newpress; Palestine News and Information Agency; Quds News Network; Twitter,New media-National,"On 5 March 2024, Israeli military forces opened fire on Palestinians who were waiting for aid trucks in Al Rasheed Street, coded to Gaza - Ash Shaykh Ijlin (Gaza City, Gaza Strip), killing 1 child and leaving a number of injuries.",1,,1732580226
PSE59521,2024-03-03,2024,1,Political violence,Battles,Armed clash,Military Forces of Israel (2022-),,External/Other forces,Hamas Movement,,Political militia,Political militia-External/Other forces,,275,Middle East,Palestine,Gaza Strip,Deir El Balah,,Deir al Balah,31.4178,34.3503,2,Israeli Defense Forces,Other,"On 3 March 2024, Israeli struck militant targets in central Gaza strip (coded to Deir al Balah) and killed about 15 militants (coded as Hamas) using airstrikes, shelling and sniper attacks.",15,,1727125752
PSE48206,2024-03-03,2024,1,Political violence,Violence against civilians,Attack,Military Forces of Israel (2022-),,External/Other forces,Civilians (Palestine),,Civilians,External/Other forces-Civilians,Civilian targeting,275,Middle East,Palestine,Gaza Strip,Gaza City,,Gaza - Az Zaytun,31.4964,34.4522,1,Palestine News and Information Agency; Quds News Network; Twitter,New media-National,"On 3 March 2024, Israeli military forces opened fire on Palestinians who were waiting for aid trucks at the Kuwait junction in Gaza - Az Zaytun (Gaza City, Gaza Strip), killing a Palestinian and injuring another 10.",1,,1740447586
PSE48191,2024-03-02,2024,1,Political violence,Violence against civilians,Attack,Military Forces of Israel (2022-),,External/Other forces,Civilians (Palestine),,Civilians,External/Other forces-Civilians,Civilian targeting,275,Middle East,Palestine,Gaza Strip,Gaza City,,Gaza - Ash Shaykh Ijlin,31.5098,34.4274,1,Newpress; Palestine News and Information Agency; Quds News Network; Twitter,New media-National,"On 2 March 2024, Israeli military forces opened fire on Palestinians who were waiting for aid trucks at Al Nabulsi roundabout in Al Rasheed Street in Gaza - Ash Shaykh Ijlin (Gaza City, Gaza Strip), killing one person and injuring 26 more.",1,,1732580226
PSE47858,2024-02-29,2024,1,Political violence,Violence against civilians,Attack,Military Forces of Israel (2022-),,External/Other forces,Civilians (Palestine),,Civilians,External/Other forces-Civilians,Civilian targeting,275,Middle East,Palestine,Gaza Strip,Gaza City,,Gaza - Ash Shaykh Ijlin,31.5098,34.4274,1,Al-Ittihad; Arab 48; Arutz Sheva; BBC News; Dunia Al Watan; Israeli Defense Forces; Newpress; Palestine News and Information Agency; Quds News Network; Times of Israel; Twitter; UN HRC,Other-New media,"On 29 February 2024, Israeli forces likely opened fire on Palestinians who were waiting for aid trucks at Al Rasheed Street in Gaza - Ash Shaykh Ijlin (Gaza City, Gaza Strip). As a result, 118 Palestinians were killed, and at least 760 persons were injured. Israel's military stated that 'tanks fired warning shots but did not strike the lorries, adding many of the dead were trampled or run over'. Hamas rejected Israel's account, saying there was 'undeniable' evidence of 'direct firing at citizens'. The UN Security Council scheduled a closed-door emergency meeting to discuss the incident during which 14 of the council's 15 members supported the motion blaming Israel for 'opening fire', but the US blocked it.",118,,1742858681
PSE60065,2024-02-28,2024,1,Political violence,Violence against civilians,Attack,Military Forces of Israel (2022-),,External/Other forces,Civilians (Palestine),,Civilians,External/Other forces-Civilians,Civilian targeting,275,Middle East,Palestine,Gaza Strip,Khan Yunis,,Khan Yunis - West (Municipal Stadium),31.3484,34.2961,1,Newpress; Palestine News and Information Agency; Quds News Network; Twitter,New media-National,"On 28 February 2024, a Palestinian was killed by an Israeli sniper in western Khan Yunis (coded to Khan Yunis - West (Municipal Stadium), Gaza Strip).",1,,1727134601
PSE47871,2024-02-26,2024,1,Political violence,Battles,Armed clash,Military Forces of Israel (2022-),,External/Other forces,PIJ: Palestinian Islamic Jihad,,Political militia,Political militia-External/Other forces,,275,Middle East,Palestine,Gaza Strip,Gaza City,,Gaza - Az Zaytun,31.4964,34.4522,2,Quds News Network; Twitter,New media-National,"On 26 February 2024, Israeli artillery shelled south of Gaza - Az Zaytun (Gaza City, Gaza Strip) while the PIJ fired mortar shells toward Israeli troops. Casualties unknown.",0,,1740447586
PSE47225,2024-02-20,2024,1,Political violence,Violence against civilians,Attack,Military Forces of Israel (2022-),,External/Other forces,Civilians (Palestine),,Civilians,External/Other forces-Civilians,Civilian targeting,275,Middle East,Palestine,Gaza Strip,Khan Yunis,,Abasan al Kabirah,31.3191,34.3401,1,Newpress; Quds News Network; Twitter,New media-National,"On 20 February 2024, Israeli soldiers shot dead a Palestinian in Abasan al Kabirah (Khan Yunis, Gaza Strip).",1,,1715049694
PSE47067,2024-02-16,2024,1,Political violence,Violence against civilians,Attack,Military Forces of Israel (2022-),,External/Other forces,Civilians (Palestine),Refugees/IDPs (Palestine),Civilians,External/Other forces-Civilians,Civilian targeting,275,Middle East,Palestine,Gaza Strip,Khan Yunis,,Khan Yunis - As Sater,31.3637,34.3228,2,Quds News Network,National,"On 16 February 2024, Israeli forces shot and killed 3 people from the same family while evacuating from Khan Yunis - As Sater (Khan Yunis, Gaza Strip).",3,,1715049693
PSE47077,2024-02-16,2024,1,Political violence,Violence against civilians,Attack,Military Forces of Israel (2022-),,External/Other forces,Civilians (Palestine),,Civilians,External/Other forces-Civilians,Civilian targeting,275,Middle East,Palestine,Gaza Strip,Khan Yunis,,Khan Yunis - West (Municipal Stadium),31.3484,34.2961,2,Newpress,National,"On 16 February 2024, Israeli forces shot and killed a Palestinian man west of Khan Yunis, coded to Khan Yunis - West (Municipal Stadium) (Khan Yunis, Gaza Strip).",1,,1715049694
PSE47081,2024-02-16,2024,1,Political violence,Violence against civilians,Attack,Military Forces of Israel (2022-),,External/Other forces,Civilians (Palestine),,Civilians,External/Other forces-Civilians,Civilian targeting,275,Middle East,Palestine,Gaza Strip,Gaza City,,Al Mughraqa,31.4675,34.4097,2,Ma'an News Agency,National,"On 16 February 2024, Israeli snipers shot and injured an unspecified number of Palestinians in Wadi Gaza, coded to Al Mughraqa (Gaza City, Gaza City). There were no fatalities.",0,,1739840136
PSE47022,2024-02-15,2024,1,Political violence,Violence against civilians,Attack,Military Forces of Israel (2022-),,External/Other forces,Civilians (Palestine),Health Workers (Palestine); Refugees/IDPs (Palestine),Civilians,External/Other forces-Civilians,Civilian targeting,275,Middle East,Palestine,Gaza Strip,Khan Yunis,,Khan Yunis - West (Municipal Stadium),31.3484,34.2961,1,Al-Ittihad; Arab 48; Ma'an News Agency; Palestine Information Center; Palestine News and Information Agency; Quds News Network,Other-National,"On 15 February 2024, Israeli forces raided Naser medical complex in Khan Yunis - West (Municipal Stadium) (Khan Yunis, Gaza Strip), opened live fire, and forced its medical staff and displaced Palestinians sheltering inside it to evacuate. They also forced the hospital to move patients, including ICU patients to the old Naser building, and as a result 5 (some sources reported 6) ICU patients died due to power cuts caused by the raid. The forces destroyed the complex's southern wall and 2 ambulance vehicles and dug up mass graves in the complex. Medical staff and displaced Palestinians who evacuated the complex were told to go to Rafah, but dozens of them were arrested on the way.",5,,1715049693
PSE47025,2024-02-15,2024,1,Political violence,Violence against civilians,Attack,Military Forces of Israel (2022-),,External/Other forces,Civilians (Palestine),,Civilians,External/Other forces-Civilians,Civilian targeting,275,Middle East,Palestine,Gaza Strip,Khan Yunis,,Al Mawasi (Khan Yunis),31.3482,34.2547,1,Newpress; Quds News Network,National,"On 15 February 2024, Israeli forces shot and killed a Palestinian man in Al Mawasi (Khan Yunis) (Gaza Strip).",1,,1715049693
PSE47036,2024-02-15,2024,1,Political violence,Violence against civilians,Attack,Military Forces of Israel (2022-),,External/Other forces,Civilians (Palestine),Health Workers (Palestine); Journalists (Palestine); Refugees/IDPs (Palestine),Civilians,External/Other forces-Civilians,Civilian targeting,275,Middle East,Palestine,Gaza Strip,Khan Yunis,,Khan Yunis - West (Municipal Stadium),31.3484,34.2961,2,Quds News Network,National,"On 15 February 2024, Israeli forces shot and killed 2 Palestinian men in Al Namsawi area of Khan Yunis - West (Municipal Stadium) (Khan Yunis, Gaza Strip). Israeli forces also attacked doctors and journalists who had evacuated Naser medical complex through unspecified means, injuring some of them.",2,,1715049693
PSE47015,2024-02-14,2024,1,Political violence,Violence against civilians,Attack,Military Forces of Israel (2022-),,External/Other forces,Civilians (Palestine),Refugees/IDPs (Palestine),Civilians,External/Other forces-Civilians,Civilian targeting,275,Middle East,Palestine,Gaza Strip,Khan Yunis,,Khan Yunis - West (Municipal Stadium),31.3484,34.2961,1,Newpress,National,"On 14 February 2024, Israeli forces shot and injured a displaced Palestinian child in Naser medical complex in Khan Yunis - West (Municipal Stadium) (Khan Yunis, Gaza Strip). There were no fatalities.",0,,1715049693
PSE47084,2024-02-13,2024,1,Political violence,Violence against civilians,Attack,Military Forces of Israel (2022-),,External/Other forces,Civilians (Palestine),,Civilians,External/Other forces-Civilians,Civilian targeting,275,Middle East,Palestine,Gaza Strip,Khan Yunis,,Khan Yunis - Al Amal,31.3544,34.3007,1,Palestine Information Center; Palestine News and Information Agency; Quds News Network,Other-National,"On 13 February 2024, Israeli forces shot and killed a Palestinian in Khan Yunis - Al Amal (Khan Yunis, Gaza Strip).",1,,1715049694
PSE47086,2024-02-13,2024,1,Political violence,Violence against civilians,Attack,Military Forces of Israel (2022-),,External/Other forces,Civilians (Palestine),Health Workers (Palestine); Refugees/IDPs (Palestine),Civilians,External/Other forces-Civilians,Civilian targeting,275,Middle East,Palestine,Gaza Strip,Khan Yunis,,Khan Yunis - West (Municipal Stadium),31.3484,34.2961,1,Ma'an News Agency; Newpress; Palestine Information Center; Palestine News and Information Agency; Quds News Network,Other-National,"On 13 February 2024, Israeli snipers fired at Naser medical complex in Khan Yunis - West (Municipal Stadium) (Khan Yunis, Gaza Strip), killing 3 Palestinians and injuring 10 others.",3,,1715049694
PSE46964,2024-02-13,2024,1,Political violence,Violence against civilians,Attack,Military Forces of Israel (2022-),,External/Other forces,Civilians (Palestine),,Civilians,External/Other forces-Civilians,Civilian targeting,275,Middle East,Palestine,Gaza Strip,North Gaza,,Beit Lahiya - Ezbet Beit Hanoun,31.5472,34.5225,1,Palestine Information Center; Quds News Network,Other-National,"On 13 February 2024, Israeli forces fired at Palestinians in Al Nada towers area in Beit Lahiya - Ezbet Beit Hanoun (North Gaza, Gaza Strip), killing 1 Palestinian and injuring another.",1,,1716328156
PSE46955,2024-02-13,2024,1,Political violence,Battles,Armed clash,Military Forces of Israel (2022-),,External/Other forces,Hamas Movement,,Political militia,Political militia-External/Other forces,,275,Middle East,Palestine,Gaza Strip,Khan Yunis,,Abasan al Kabirah,31.3191,34.3401,1,Israeli Defense Forces; Ma'an News Agency; Newpress; Palestine Information Center; Quds News Network,Other-National,"On 13 February 2024, Hamas militants clashed with Israeli troops and tanks in Abasan al Kabirah (Khan Yunis, Gaza Strip). Israeli forces sustained 7 casualties during the clashes, including unspecified fatalities. Hamas militants also detonated an explosive device targeting 5 Israeli troops inside a building, claiming to have killed the commander of the Gaza Division's Southern Brigade's 630th Battalion, acting company commander in the Gaza Division's Southern Brigade's 630th Battalion, and a soldier. The blast also injured 2 other soldiers. Claimed fatalities coded 0. IDF claimed that they killed a number of militants in the clahses in Absan area. Unspecified fatalities coded as 10.",10,,1726520659
PSE47196,2024-02-12,2024,1,Political violence,Violence against civilians,Attack,Military Forces of Israel (2022-),,External/Other forces,Civilians (Palestine),Hamas Movement,Civilians,External/Other forces-Civilians,Civilian targeting,275,Middle East,Palestine,Gaza Strip,Khan Yunis,,Khan Yunis - West (Municipal Stadium),31.3484,34.2961,1,Al-Ittihad; Israeli Defense Forces; Palestine Information Center; Palestine News and Information Agency; Quds News Network,Other-National,"On 12 February 2024, Israeli forces shot at Palestinians in Naser medical complex in Khan Yunis - West (Municipal Stadium) (Khan Yunis, Gaza Strip), killing 7 people and injuring 14 others. IDF claimed that 2 of the killed people were militants (coded as Hamas).",7,,1726520658
PSE47197,2024-02-12,2024,1,Political violence,Battles,Armed clash,Military Forces of Israel (2022-),,External/Other forces,Hamas Movement,,Political militia,Political militia-External/Other forces,,275,Middle East,Palestine,Gaza Strip,Khan Yunis,,Khan Yunis - West (Municipal Stadium),31.3484,34.2961,2,Israeli Defense Forces; Palestine Information Center,Other,"On 12 February 2024, Israeli artillery shelled targets west of Khan Yunis. Coded to Khan Yunis - West (Municipal Stadium) (Khan Yunis, Gaza Strip). IDF claimed that it killed over 30 militants (coded as Hamas Movement) in west Khan Yunis in clashes.",30,,1726520658
PSE47092,2024-02-12,2024,1,Political violence,Battles,Armed clash,Military Forces of Israel (2022-),,External/Other forces,Unidentified Armed Group (Palestine),,Political militia,Political militia-External/Other forces,,275,Middle East,Palestine,Gaza Strip,Khan Yunis,,Abasan al Kabirah,31.3191,34.3401,1,Quds News Network; Twitter,New media-National,"On 12 February 2024, Israeli forces clashed with unknown Palestinian militants in the vicinity of Abasan stars gas station complex in Abasan al Kabirah (Khan Yunis, Gaza Strip). Casualties unknown.",0,,1727730467
PSE47147,2024-02-12,2024,1,Political violence,Violence against civilians,Attack,Military Forces of Israel (2022-),,External/Other forces,Civilians (Palestine),,Civilians,External/Other forces-Civilians,Civilian targeting,275,Middle East,Palestine,Gaza Strip,Gaza City,,Gaza - Az Zaytun,31.4964,34.4522,1,Quds News Network,National,"On 12 February 2024, Israeli forces opened fire at Palestinians at the Kuwait roundabout in Gaza - Az Zaytun (Gaza City, Gaza Strip) while waiting for the aid trucks. There were no casualties.",0,,1740447585
PSE47089,2024-02-12,2024,1,Political violence,Battles,Armed clash,Military Forces of Israel (2022-),Police Forces of Israel (2022-) Shin Bet; Police Forces of Israel (2022-) Yamam,External/Other forces,Hamas Movement,,Political militia,Political militia-External/Other forces,,275,Middle East,Palestine,Gaza Strip,Rafah,,Rafah,31.287,34.2595,1,Arab 48; Israeli Defense Forces; Joe Truzman,Other-National,"On 12 February 2024, Israeli forces, including army Yamam, and Shin Bet forces, clashed with Palestinian militants (likely Hamas militants) in Rafah (Gaza Strip). The IDF claimed they released 2 Israeli hostages captured on the 7th of October. IDF claimed that at least 3 militants were killed in the clash.",3,,1744085421
PSE47193,2024-02-11,2024,1,Political violence,Violence against civilians,Attack,Military Forces of Israel (2022-),,External/Other forces,Civilians (Palestine),Journalists (Palestine),Civilians,External/Other forces-Civilians,Civilian targeting,275,Middle East,Palestine,Gaza Strip,Khan Yunis,,Khan Yunis - West (Municipal Stadium),31.3484,34.2961,1,Ma'an News Agency; Newpress; Palestine News and Information Agency; Quds News Network,National,"On 11 February 2024, Israeli forces shot at Palestinians in Naser medical complex in Khan Yunis - West (Municipal Stadium) (Khan Yunis, Gaza Strip), killing 3 or 4 people, including a journalist, and injuring several others, including a child.",3,,1715049694
PSE47195,2024-02-11,2024,1,Political violence,Battles,Armed clash,Military Forces of Israel (2022-),,External/Other forces,Unidentified Armed Group (Palestine),,Political militia,Political militia-External/Other forces,,275,Middle East,Palestine,Gaza Strip,Khan Yunis,,Khan Yunis - West (Municipal Stadium),31.3484,34.2961,1,Palestine Information Center; Quds News Network,Other-National,"On 11 February 2024, Israeli forces clashed with unknown Palestinian militants in the vicinity of Naser complex in Khan Yunis - West (Municipal Stadium) (Khan Yunis, Gaza Strip). Israeli defense forces reported that 2 Israeli officers and an Israeli soldier sustained injuries during clashes in Southern Gaza Strip. There were no fatalities.",0,,1715049694
PSE47105,2024-02-11,2024,1,Political violence,Battles,Armed clash,Military Forces of Israel (2022-),,External/Other forces,Unidentified Armed Group (Palestine),,Political militia,Political militia-External/Other forces,,275,Middle East,Palestine,Gaza Strip,Gaza City,,Al Mughraqa,31.4675,34.4097,1,Newpress; Quds News Network; Twitter,New media-National,"On 11 February 2024, Israeli forces and artillery clashed with unknown Palestinian militants in Al Mughraqa village (Gaza City, Gaza Strip). Casualties unknown.",0,,1739840136
PSE47140,2024-02-10,2024,1,Political violence,Violence against civilians,Attack,Military Forces of Israel (2022-),,External/Other forces,Civilians (Palestine),,Civilians,External/Other forces-Civilians,Civilian targeting,275,Middle East,Palestine,Gaza Strip,Gaza City,,Gaza,31.5045,34.4743,1,Ma'an News Agency,National,"On 10 February 2024, Israeli snipers shot and killed Palestinians in Gaza city (Gaza Strip). Israeli snipers killed 11 Palestinians over 9 and 10 February 2024. 11 Fatalities split across 2 events. 6 fatalities coded here.",6,,1715049694
PSE47181,2024-02-10,2024,1,Political violence,Violence against civilians,Attack,Military Forces of Israel (2022-),,External/Other forces,Civilians (Palestine),,Civilians,External/Other forces-Civilians,Civilian targeting,275,Middle East,Palestine,Gaza Strip,Khan Yunis,,Khan Yunis,31.3502,34.3081,1,Newpress; Quds News Network,National,"On 10 February 2024, Israeli snipers shot and killed a disabled Palestinian man in the Nemsawi neighborhood of Khan Yunis city (Gaza Strip).",1,,1715049694
PSE47218,2024-02-10,2024,1,Political violence,Violence against civilians,Attack,Military Forces of Israel (2022-),,External/Other forces,Civilians (Palestine),Health Workers (Palestine),Civilians,External/Other forces-Civilians,Civilian targeting,275,Middle East,Palestine,Gaza Strip,Khan Yunis,,Khan Yunis - Al Amal,31.3544,34.3007,1,Al-Ittihad; Israeli Defense Forces; Joe Truzman; Ma'an News Agency; Palestine Information Center,Other-National,"On 10 February 2024, Israeli forces raided Al Amal hospital in Khan Yunis - Al Amal (Khan Yunis, Gaza Strip), arrested 9 medical staff members and assaulted a number of others. The forces also destroyed medical devices and seized cash, laptops, communication devices and all keys to ambulance vehicles at the hospital. Israeli Defense forces said they arrested 20 people from the hospital on terrorism charges. There were no casualties from the raid. On 11 February 2024, the Palestine Red Crescent Society announced that 3 patients died because Israeli troops prevented oxygen from getting to the hospital.",3,,1715049694
PSE47180,2024-02-09,2024,1,Political violence,Violence against civilians,Attack,Military Forces of Israel (2022-),,External/Other forces,Civilians (Palestine),,Civilians,External/Other forces-Civilians,Civilian targeting,275,Middle East,Palestine,Gaza Strip,Gaza City,,Gaza,31.5045,34.4743,1,Ma'an News Agency,National,"On 9 February 2024, Israeli snipers shot and killed Palestinians in Gaza city (Gaza Strip). Israeli snipers killed 11 Palestinians over 9 and 10 February 2024. 11 Fatalities split across 2 events. 5 fatalities coded here.",5,,1715049694
PSE60064,2024-02-09,2024,1,Political violence,Violence against civilians,Attack,Military Forces of Israel (2022-),,External/Other forces,Civilians (Palestine),,Civilians,External/Other forces-Civilians,Civilian targeting,275,Middle East,Palestine,Gaza Strip,Khan Yunis,,Khan Yunis - West (Municipal Stadium),31.3484,34.2961,2,Arab 48; Newpress; Palestine News and Information Agency; Quds News Network; Twitter,New media-National,"On 9 February 2024, Israeli snipers shot dead 2 Palestinians (including elderly person) near Naser hospital west of Khan Yunis (coded to Khan Yunis - West (Municipal Stadium)) (Gaza Strip).",2,,1727134601
PSE46659,2024-02-09,2024,1,Political violence,Violence against civilians,Attack,Military Forces of Israel (2022-),,External/Other forces,Civilians (Palestine),,Civilians,External/Other forces-Civilians,Civilian targeting,275,Middle East,Palestine,Gaza Strip,Gaza City,,Gaza - Tal el Hawa,31.5041,34.435,2,Arab 48; Newpress; Quds News Network; Twitter,New media-National,"On 9 February 2024, Israeli snipers shot dead 9 Palestinians and injured 11 others southwest of Gaza city, coded to Gaza - Tal el Hawa (Gaza City, Gaza Strip).",9,,1740447585
PSE60063,2024-02-08,2024,1,Political violence,Violence against civilians,Attack,Military Forces of Israel (2022-),,External/Other forces,Civilians (Palestine),,Civilians,External/Other forces-Civilians,Civilian targeting,275,Middle East,Palestine,Gaza Strip,Khan Yunis,,Khan Yunis - West (Municipal Stadium),31.3484,34.2961,2,Arab 48; Newpress; Palestine News and Information Agency; Quds News Network; Twitter,New media-National,"On 8 February 2024, Israeli snipers shot dead 8 Palestinians while filling water near Naser Hospital west of Khan Yunis (coded to Khan Yunis - West (Municipal Stadium), Gaza Strip).",8,,1727134601
PSE46562,2024-02-07,2024,1,Political violence,Violence against civilians,Attack,Military Forces of Israel (2022-),,External/Other forces,Civilians (Palestine),Health Workers (Palestine),Civilians,External/Other forces-Civilians,Civilian targeting,275,Middle East,Palestine,Gaza Strip,Gaza City,,Gaza - Southern Remal,31.5168,34.4355,2,Al Ghad (Jordan); Newpress; Palestine News and Information Agency; Twitter,New media-National,"On 7 February 2024, Israeli military forces opened fire at Palestinian paramedics while they operating between Gaza - Southern Remal and Gaza - Az Zaytun (Gaza City, Gaza Strip), killing one paramedic and injuring another 2.",1,,1721691304
PSE46559,2024-02-07,2024,1,Political violence,Violence against civilians,Attack,Military Forces of Israel (2022-),,External/Other forces,Civilians (Palestine),,Civilians,External/Other forces-Civilians,Civilian targeting,275,Middle East,Palestine,Gaza Strip,Gaza City,,Gaza - Az Zaytun,31.4964,34.4522,1,Palestine News and Information Agency; Quds News Network; Twitter,New media-National,"On 7 February 2024, Israeli forces opened fire at Palestinians who were waiting for aid trucks near the Kuwait roundabout in Gaza - Az Zaytun (Gaza City, Gaza Strip), killing 2 persons and injuring another 6.",2,,1740447585
PSE60062,2024-02-07,2024,1,Political violence,Violence against civilians,Attack,Military Forces of Israel (2022-),,External/Other forces,Civilians (Palestine),Women (Palestine),Civilians,External/Other forces-Civilians,Civilian targeting,275,Middle East,Palestine,Gaza Strip,Khan Yunis,,Khan Yunis - West (Municipal Stadium),31.3484,34.2961,2,Al-Ittihad; Palestine News and Information Agency; Quds News Network; Twitter,New media-National,"On 7 February 2024, Israeli snipers shot dead a Palestinian woman near the gate of Naser hospital, and another person was shot dead west of Khan Yunis and 6 were injured, (coded to Khan Yunis - West (Municipal Stadium), Gaza Strip). The total fatalities were 2.",2,,1744070414
PSE46521,2024-02-06,2024,1,Political violence,Violence against civilians,Attack,Military Forces of Israel (2022-),,External/Other forces,Civilians (Palestine),Refugees/IDPs (Palestine); UNRWA: United Nations Relief and Works Agency,Civilians,External/Other forces-Civilians,Civilian targeting,275,Middle East,Palestine,Gaza Strip,Khan Yunis,,Khan Yunis,31.3502,34.3081,1,Arab 48; Palestine News and Information Agency; Quds News Network; Twitter,New media-National,"On 6 February 2024, Israeli military forces opened fire at the Hayah UNRWA school (likely hosting displaced people) in Khan Yunis city (Khan Yunis, Gaza Strip), killing 2 Palestinians.",2,,1715049692
PSE60061,2024-02-06,2024,1,Political violence,Violence against civilians,Attack,Military Forces of Israel (2022-),,External/Other forces,Civilians (Palestine),Refugees/IDPs (Palestine),Civilians,External/Other forces-Civilians,Civilian targeting,275,Middle East,Palestine,Gaza Strip,Khan Yunis,,Khan Yunis - West (Municipal Stadium),31.3484,34.2961,2,Ma'an News Agency; Newpress; Palestine News and Information Agency; Quds News Network; Twitter,New media-National,"On 6 February 2024, Israeli snipers shot dead a displaced Palestinian at the entrance of Beit Al Maqdes school near Naser hospital west of Khan Yunis (coded to Khan Yunis - West (Municipal Stadium), Gaza Strip).",1,,1727134601
PSE46517,2024-02-06,2024,1,Political violence,Violence against civilians,Attack,Military Forces of Israel (2022-),,External/Other forces,Civilians (Palestine),Women (Palestine),Civilians,External/Other forces-Civilians,Civilian targeting,275,Middle East,Palestine,Gaza Strip,Khan Yunis,,Al Mawasi (Khan Yunis),31.3482,34.2547,1,Newpress; Palestine News and Information Agency; Quds News Network; Twitter,New media-National,"On 6 February 2024, an Israeli sniper shot dead a Palestinian woman in Al Mawasi (Khan Yunis) (Gaza Strip).",1,,1744070414
PSE46821,2024-02-05,2024,1,Political violence,Violence against civilians,Attack,Military Forces of Israel (2022-),,External/Other forces,Civilians (Palestine),Refugees/IDPs (Palestine),Civilians,External/Other forces-Civilians,Civilian targeting,275,Middle East,Palestine,Gaza Strip,Khan Yunis,,Khan Yunis - West (Municipal Stadium),31.3484,34.2961,2,Arab 48; Newpress; Palestine News and Information Agency; Quds News Network; Twitter,New media-National,"On 5 February 2024, Israeli snipers opened fire toward the Al Zahra school hosting displaced people, west of Khan Yunis (coded to Khan Yunis - West (Municipal Stadium), Gaza Strip), killing a Palestinian and injuring another one.",1,,1715049693
PSE46761,2024-02-04,2024,1,Political violence,Violence against civilians,Attack,Military Forces of Israel (2022-),,External/Other forces,Civilians (Palestine),Refugees/IDPs (Palestine),Civilians,External/Other forces-Civilians,Civilian targeting,275,Middle East,Palestine,Gaza Strip,Gaza City,,Gaza - Northern Remal,31.524,34.4505,1,Palestine News and Information Agency; Quds News Network; Twitter,New media-National,"On 4 February 2024, Israeli snipers opened fire at Al Shifa hospital in Gaza - Northern Remal (Gaza City, Gaza Strip), killing a displaced Palestinian.",1,,1715049692
PSE46797,2024-02-04,2024,1,Political violence,Violence against civilians,Attack,Military Forces of Israel (2022-),,External/Other forces,Civilians (Palestine),Refugees/IDPs (Palestine),Civilians,External/Other forces-Civilians,Civilian targeting,275,Middle East,Palestine,Gaza Strip,Khan Yunis,,Khan Yunis - Al Amal,31.3544,34.3007,1,Palestine News and Information Agency; Quds News Network; Twitter,New media-National,"On 4 February 2024, Israeli forces opened fire and injured 2 displaced people in Al Amal hospital in Khan Yunis - Al Amal (Khan Yunis, Gaza Strip). Fatalities unknown.",0,,1715049693
PSE46746,2024-02-04,2024,1,Political violence,Violence against civilians,Attack,Military Forces of Israel (2022-),,External/Other forces,Civilians (Palestine),,Civilians,External/Other forces-Civilians,Civilian targeting,275,Middle East,Palestine,Gaza Strip,Gaza City,,Gaza - Az Zaytun,31.4964,34.4522,1,Quds News Network; Twitter,New media-National,"On 4 February 2024, Israeli forces opened fire and injured a number of Palestinians while waiting aid trucks at the Kuwait roundabout in Gaza - Az Zaytun (Gaza City, Gaza Strip).",0,,1740447585
PSE46749,2024-02-03,2024,1,Political violence,Violence against civilians,Attack,Military Forces of Israel (2022-),,External/Other forces,Civilians (Palestine),,Civilians,External/Other forces-Civilians,Civilian targeting,275,Middle East,Palestine,Gaza Strip,Gaza City,,Gaza - Nasr,31.534,34.4574,1,Ma'an News Agency; Palestine News and Information Agency; Quds News Network; Twitter,New media-National,"On 3 February 2024, an Israeli sniper shot dead at least 2 Palestinians in Gaza - Nasr (Gaza City, Gaza Strip) and injured another 2 persons.",2,,1721691304
PSE46863,2024-02-02,2024,1,Political violence,Violence against civilians,Attack,Military Forces of Israel (2022-),,External/Other forces,Civilians (Palestine),,Civilians,External/Other forces-Civilians,Civilian targeting,275,Middle East,Palestine,Gaza Strip,Gaza City,,Gaza - Az Zaytun,31.4964,34.4522,1,Palestine News and Information Agency,National,"On 2 February 2024, Israeli forces targeted several civilians near the Palestine stadium in Gaza - Az Zaytun (Gaza City, Gaza Strip) when they were attempting to restore communication and internet services. Several civilians were killed and others injured. Unspecified number of fatalities coded as 3.",3,,1740447585
PSE46417,2024-01-31,2024,1,Political violence,Violence against civilians,Attack,Military Forces of Israel (2022-),,External/Other forces,Civilians (Palestine),,Civilians,External/Other forces-Civilians,Civilian targeting,275,Middle East,Palestine,Gaza Strip,North Gaza,,Beit Lahiya,31.5541,34.5016,1,Palestine News and Information Agency; Quds News Network; Twitter,New media-National,"On 31 January 2024, Israeli military forces (likely) detained and killed 30 Palestinians whose bodies were later discovered decomposed at a school in Beit Lahiya (North Gaza, Gaza Strip), where they were found with their hands tied and eyes covered.",30,,1716328156
PSE46220,2024-01-30,2024,1,Political violence,Violence against civilians,Attack,Military Forces of Israel (2022-),,External/Other forces,Civilians (Palestine),,Civilians,External/Other forces-Civilians,Civilian targeting,275,Middle East,Palestine,Gaza Strip,Gaza City,,Gaza - Sheikh Radwan,31.5349,34.4667,2,Quds News Network; Twitter,New media-National,"On 30 January 2024, Israeli soldiers sniped and killed a Palestinian near the Ahmad Shukairi school north of Gaza, coded to Gaza - Sheikh Radwan (Gaza City, Gaza Strip).",1,,1715049691
PSE46223,2024-01-30,2024,1,Political violence,Violence against civilians,Attack,Military Forces of Israel (2022-),,External/Other forces,Civilians (Palestine),,Civilians,External/Other forces-Civilians,Civilian targeting,275,Middle East,Palestine,Gaza Strip,Gaza City,,Gaza - Az Zaytun,31.4964,34.4522,1,Quds News Network; Twitter,New media-National,"On 30 January 2024, Israeli forces opened fire at Palestinians at the Kuwait roundabout in Gaza - Az Zaytun (Gaza City, Gaza Strip) while waiting for the aid trucks, injuring several persons.",0,,1740447585
PSE46158,2024-01-29,2024,1,Political violence,Violence against civilians,Attack,Military Forces of Israel (2022-),,External/Other forces,Civilians (Palestine),,Civilians,External/Other forces-Civilians,Civilian targeting,275,Middle East,Palestine,Gaza Strip,Khan Yunis,,Khan Yunis - Al Amal,31.3544,34.3007,1,Palestine News and Information Agency; Quds News Network; Twitter,New media-National,"On 29 January 2024, Israeli military forces opened fire and killed 3 Palestinians while they transporting a body in front of Al Amal Hospital in Khan Yunis - Al Amal (Khan Yunis, Gaza Strip). The total fatalities were 3.",3,,1715049691
PSE46117,2024-01-28,2024,1,Political violence,Violence against civilians,Attack,Military Forces of Israel (2022-),,External/Other forces,Civilians (Palestine),Health Workers (Palestine),Civilians,External/Other forces-Civilians,Civilian targeting,275,Middle East,Palestine,Gaza Strip,Khan Yunis,,Khan Yunis - Al Amal,31.3544,34.3007,1,Palestine News and Information Agency,National,"On 28 January 2024, Israeli military forces opened live fire directly at a Palestinian ambulance in the yard of Al Amal Hospital in Khan Yunis - Al Amal (Khan Yunis, Gaza Strip). Casualties unknown.",0,,1715049691
PSE46070,2024-01-27,2024,1,Political violence,Violence against civilians,Attack,Military Forces of Israel (2022-),,External/Other forces,Civilians (Palestine),Labor Group (Palestine),Civilians,External/Other forces-Civilians,Civilian targeting,275,Middle East,Palestine,Gaza Strip,Gaza City,,Gaza - Sheikh Radwan,31.5349,34.4667,1,Palestine News and Information Agency,National,"On 27 January 2024, Israeli military forces opened fire toward Palestinian civilians in Gaza - Sheikh Radwan (Gaza City, Gaza Strip), injuring 2 Palestinian workers working for Paltel company.",0,,1715049691
PSE46073,2024-01-27,2024,1,Political violence,Violence against civilians,Attack,Military Forces of Israel (2022-),,External/Other forces,Civilians (Palestine),Refugees/IDPs (Palestine),Civilians,External/Other forces-Civilians,Civilian targeting,275,Middle East,Palestine,Gaza Strip,Khan Yunis,,Khan Yunis - Al Amal,31.3544,34.3007,1,Newpress; Palestine News and Information Agency; Quds News Network; Twitter,New media-National,"On 27 January 2024, Israeli military forces opened fire toward the yard of Al Amal Hospital hosting displaced people in Khan Yunis - Al Amal (Khan Yunis, Gaza Strip), killing a displaced Palestinian.",1,,1715049691
PSE46068,2024-01-27,2024,1,Political violence,Violence against civilians,Attack,Military Forces of Israel (2022-),,External/Other forces,Civilians (Palestine),,Civilians,External/Other forces-Civilians,Civilian targeting,275,Middle East,Palestine,Gaza Strip,Gaza City,,Gaza - Tal el Hawa,31.5041,34.435,1,Palestine News and Information Agency,National,"On 27 January 2024, Israeli military forces opened fire toward a group of Palestinians while they were moving in Gaza - Tal el Hawa (Gaza City, Gaza Strip), injuring several persons.",0,,1740447585
PSE45630,2024-01-23,2024,1,Political violence,Violence against civilians,Attack,Military Forces of Israel (2022-),,External/Other forces,Civilians (Palestine),,Civilians,External/Other forces-Civilians,Civilian targeting,275,Middle East,Palestine,Gaza Strip,Khan Yunis,,Khan Yunis - Al Amal,31.3544,34.3007,2,Palestine News and Information Agency; Quds News Network; Twitter,New media-National,"On 23 January 2024, Israeli military forces shot and killed a Palestinian in the area of the UNRWA vocational college northwest of Khan Yunis - Al Amal (Khan Yunis, Gaza Strip).",1,,1715049690
PSE45727,2024-01-22,2024,1,Political violence,Violence against civilians,Attack,Military Forces of Israel (2022-),,External/Other forces,Civilians (Palestine),,Civilians,External/Other forces-Civilians,Civilian targeting,275,Middle East,Palestine,Gaza Strip,Khan Yunis,,Khan Yunis,31.3502,34.3081,1,Palestine News and Information Agency,National,"On 22 January 2024, a Palestinian man and his daughter were killed when an Israeli tank rammed over their mobile room in Khan Yunis city (Gaza Strip).",2,,1715049690
PSE45724,2024-01-21,2024,1,Political violence,Violence against civilians,Attack,Military Forces of Israel (2022-),,External/Other forces,Civilians (Palestine),,Civilians,External/Other forces-Civilians,Civilian targeting,275,Middle East,Palestine,Gaza Strip,Khan Yunis,,Khan Yunis - City Centre,31.3419,34.3015,1,Quds News Network; Twitter,New media-National,"On 21 January 2024, Israeli snipers killed 2 Palestinians in Khan Yunis - City Centre (Khan Yunis, Gaza Strip).",2,,1715049690
PSE45852,2024-01-21,2024,1,Political violence,Battles,Armed clash,Military Forces of Israel (2022-),,External/Other forces,Hamas Movement,,Political militia,Political militia-External/Other forces,,275,Middle East,Palestine,Gaza Strip,Gaza City,,Gaza - Ad Darraj,31.5172,34.4642,1,Israeli Defense Forces; Times of Israel; Twitter,Other-New media,"On 21 January 2024, IDF troops killed 15 Palestinian militants (coded as Hamas) in Gaza - Ad Darraj and Gaza - At Tuffah (Gaza City, Gaza Strip). Fatalities split across 2 events coded for each location, 8 fatalities were coded to this location.",8,,1715049690
PSE45862,2024-01-21,2024,1,Political violence,Battles,Armed clash,Military Forces of Israel (2022-),,External/Other forces,Hamas Movement,,Political militia,Political militia-External/Other forces,,275,Middle East,Palestine,Gaza Strip,Gaza City,,Gaza - At Tuffah,31.5134,34.4751,1,Israeli Defense Forces; Times of Israel; Twitter,Other-New media,"On 21 January 2024, IDF troops killed 15 Palestinian militants (coded as Hamas) in Gaza - Ad Darraj and Gaza - At Tuffah (Gaza City, Gaza Strip). Fatalities split across 2 events, 7 were coded to this location.",7,,1715049690
PSE45929,2024-01-21,2024,1,Political violence,Violence against civilians,Attack,Military Forces of Israel (2022-),,External/Other forces,Civilians (Palestine),,Civilians,External/Other forces-Civilians,Civilian targeting,275,Middle East,Palestine,Gaza Strip,Gaza City,,Gaza - Tal el Hawa,31.5041,34.435,1,Palestine News and Information Agency; Palestinian Ministry of Health; Quds News Network; Twitter,Other-New media,"On 21 January 2024, Israeli snipers killed a number of Palestinians and injured others in Al Katiba area of Gaza - Tal el Hawa (Gaza City, Gaza Strip). [Palestinian Ministry of Health reported 25295 fatalities upto 21 January 2024. 140 fatalities not attributed to specific events split across 4 events on 21 January. 34 fatalities coded to this event.]",34,,1740447584
PSE59506,2024-01-16,2024,1,Political violence,Battles,Armed clash,Military Forces of Israel (2022-),,External/Other forces,Hamas Movement,,Political militia,Political militia-External/Other forces,,275,Middle East,Palestine,Gaza Strip,North Gaza,,Beit Lahiya,31.5541,34.5016,1,Israeli Defense Forces,Other,"On 16 January 2024, Israeli military forces clashed with militants (coded as Hamas) in Beit Lahiya (North Gaza, Gaza Strip) killing dozens of militants. Fatalities coded as 12.",12,,1726526147
PSE45398,2024-01-14,2024,1,Political violence,Violence against civilians,Attack,Military Forces of Israel (2022-),,External/Other forces,Civilians (Palestine),,Civilians,External/Other forces-Civilians,Civilian targeting,275,Middle East,Palestine,Gaza Strip,Gaza City,,Gaza,31.5045,34.4743,2,Quds News Network; Twitter,New media-National,"On 14 January 2024, IDF troops opened fire toward Palestinians who were waiting for aid trucks in Al Rasheed Street of the Gaza area (Gaza City, Gaza Strip). Casualties unknown.",0,,1715049689
PSE44985,2024-01-10,2024,1,Political violence,Violence against civilians,Attack,Military Forces of Israel (2022-),,External/Other forces,Civilians (Palestine),,Civilians,External/Other forces-Civilians,Civilian targeting,275,Middle East,Palestine,Gaza Strip,Gaza City,,Gaza - Ash Shaykh Ijlin,31.5098,34.4274,1,Palestine News and Information Agency,National,"On 10 January 2024, Israeli soldiers positioned in Gaza - Ash Shaykh Ijlin (Gaza City, Gaza Strip) opened fire and killed 6 Palestinians, and injured a number of others.",6,,1732580223
PSE44975,2024-01-09,2024,1,Political violence,Violence against civilians,Attack,Military Forces of Israel (2022-),,External/Other forces,Civilians (Palestine),Refugees/IDPs (Palestine),Civilians,External/Other forces-Civilians,Civilian targeting,275,Middle East,Palestine,Gaza Strip,Deir El Balah,,An Nusayrat,31.4486,34.3925,1,Quds News Network,National,"On 9 January 2024, Israeli soldiers sniped and killed a Palestinian in An Nusayrat refugee camp (Deir El Balah, Gaza Strip).",1,,1715641885
PSE44849,2024-01-06,2024,1,Political violence,Battles,Armed clash,Military Forces of Israel (2022-),,External/Other forces,Military Forces of Israel (2022-),,External/Other forces,External/Other forces-External/Other forces,,275,Middle East,Palestine,Gaza Strip,North Gaza,,Jabalya Camp,31.536,34.4907,2,Quds News Network; Twitter,New media-National,"On 6 January 2024, Hamas militants clashed with Israeli forces west of Mukhayyam Jabalya Camp (North Gaza, Gaza Strip). Casualties unknown.",0,,1727730466
PSE59503,2024-01-02,2024,1,Political violence,Battles,Armed clash,Military Forces of Israel (2022-),,External/Other forces,Hamas Movement,,Political militia,Political militia-External/Other forces,,275,Middle East,Palestine,Gaza Strip,North Gaza,,Jabalya,31.5272,34.4835,1,Israeli Defense Forces,Other,"On 2 January 2024, Israeli forces clashed with militants (coded as Hamas) in Jabalya (North Gaza, Gaza Strip) killing dozens of militants, coded as 12.",12,,1740447621
PSE42786,2024-01-01,2024,1,Political violence,Battles,Armed clash,Military Forces of Israel (2022-),,External/Other forces,Hamas Movement,,Political militia,Political militia-External/Other forces,,275,Middle East,Palestine,Gaza Strip,Gaza City,,Gaza - Shujaiyya,31.4988,34.4699,1,Israeli Defense Forces; PLO Negotiations Affairs Department,Other,"On 1 January 2024, Israeli army raided a militant comman centre engaging in a clash with militants. The IDF artillery and tanks also shelled militant targets in Gaza - Shujaiyya (Gaza Strip) and directed a warplane towards militants, killing unspecified number of militants. Unspecified number of militants coded as 10.",10,,1726520657
PSE42802,2023-12-31,2023,1,Political violence,Violence against civilians,Attack,Military Forces of Israel (2022-),,External/Other forces,Civilians (Palestine),Prisoners (Palestine),Civilians,External/Other forces-Civilians,Civilian targeting,275,Middle East,Palestine,Gaza Strip,Gaza City,,Gaza,31.5045,34.4743,1,Palestine Information Center; Times of Israel,Other-Regional,"On 31 December 2023, an Israeli soldier shot and killed a Palestinian prisoner while guarding him in Gaza City (Gaza Strip). Israeli sources reported that the soldier opened fire after he had felt in danger.",1,,1715049683
PSE43662,2023-12-27,2023,1,Political violence,Violence against civilians,Attack,Military Forces of Israel (2022-),,External/Other forces,Civilians (Palestine),,Civilians,External/Other forces-Civilians,Civilian targeting,275,Middle East,Palestine,Gaza Strip,Gaza City,,Gaza - Sheikh Radwan,31.5349,34.4667,2,Ma'an News Agency; Newpress; Palestine News and Information Agency; Quds News Network; Twitter,New media-National,"On 27 December 2023, Israeli snipers shot and killed 6 Palestinians while they were crossing the Al Saftawi area, north of Gaza - Sheikh Radwan (Gaza City, Gaza Strip).",6,,1715049685
PSE43638,2023-12-26,2023,1,Political violence,Violence against civilians,Attack,Military Forces of Israel (2022-),,External/Other forces,Civilians (Palestine),Journalists (Palestine),Civilians,External/Other forces-Civilians,Civilian targeting,275,Middle East,Palestine,Gaza Strip,North Gaza,,Beit Hanoun,31.5405,34.5402,1,Quds News Network; Twitter,New media-National,"On 26 December 2023, Israeli military forces opened fire at Palestinian civilians and journalists in Beit Hanoun (North Gaza, Gaza Strip). Casualties unknown.",0,,1736845190
PSE44268,2023-12-24,2023,1,Political violence,Battles,Armed clash,Military Forces of Israel (2022-),,External/Other forces,Hamas Movement,,Political militia,Political militia-External/Other forces,,275,Middle East,Palestine,Gaza Strip,Gaza City,,Gaza,31.5045,34.4743,1,Israeli Defense Forces; Twitter,Other-New media,"On 24 December 2023, Israeli troops opened fire while artillery fire shelled in Gaza City (Gaza Strip), killing 7 Hamas militants and destroying 4 observation posts.",7,,1715049687
PSE43610,2023-12-24,2023,1,Political violence,Violence against civilians,Attack,Military Forces of Israel (2022-),,External/Other forces,Civilians (Palestine),Refugees/IDPs (Palestine),Civilians,External/Other forces-Civilians,Civilian targeting,275,Middle East,Palestine,Gaza Strip,Gaza City,,Gaza - Az Zaytun,31.4964,34.4522,2,Palestine News and Information Agency,National,"On 24 December 2023, Israeli military forces opened fire at displaced Palestinians who attempted to return to their homes south of Gaza City (coded to Gaza - Az Zaytun) (Gaza City, Gaza Strip), injuring a number of them.",0,,1740447584
PSE67504,2023-12-21,2023,1,Political violence,Violence against civilians,Attack,Military Forces of Israel (2022-),,External/Other forces,Civilians (Palestine),Health Workers (Palestine),Civilians,External/Other forces-Civilians,Civilian targeting,275,Middle East,Palestine,Gaza Strip,North Gaza,,Jabalya,31.5272,34.4835,1,UN HRC,Other,"On 21 December 2023, Israeli soldiers shot and killed at least 3 health workers at Al Awda Hospital, in Jabalya, North Gaza.",3,,1740447625
PSE43609,2023-12-20,2023,1,Political violence,Violence against civilians,Attack,Military Forces of Israel (2022-),,External/Other forces,Civilians (Palestine),,Civilians,External/Other forces-Civilians,Civilian targeting,275,Middle East,Palestine,Gaza Strip,Gaza City,,Al Mughraqa,31.4675,34.4097,1,Quds News Network; Twitter,New media-National,"On 20 December 2023, Israeli military forces shot dead 2 Palestinians in Al Mughraqa (Gaza City, Gaza Strip).",2,,1739840134
PSE67503,2023-12-19,2023,1,Political violence,Violence against civilians,Attack,Military Forces of Israel (2022-),,External/Other forces,Civilians (Palestine),,Civilians,External/Other forces-Civilians,Civilian targeting,275,Middle East,Palestine,Gaza Strip,Gaza City,,Gaza - Southern Remal,31.5168,34.4355,1,Palestine News and Information Agency; Quds News Network; Twitter; UN HRC,New media-National,"On 19 December 2023, Israeli soldiers summarily executed at least 11 Palestinians via firearms near Al Jalaa Street in Gaza - Southern Remal (Gaza City, Gaza Strip). Some other sources reported fatalities as 13.",11,,1742858681
PSE43604,2023-12-17,2023,1,Political violence,Violence against civilians,Attack,Military Forces of Israel (2022-),,External/Other forces,Civilians (Palestine),Health Workers (Palestine),Civilians,External/Other forces-Civilians,Civilian targeting,275,Middle East,Palestine,Gaza Strip,North Gaza,,Beit Lahiya,31.5541,34.5016,1,Newpress; Palestine News and Information Agency; Quds News Network; Twitter,New media-National,"On 17 December 2023, Israeli military forces opened fire at Kamal Odwan Hospital during a press conference in Beit Lahiya (North Gaza, Gaza Strip) while civilians were inside. Casualties unknown.",0,,1716328153
PSE43605,2023-12-17,2023,1,Political violence,Violence against civilians,Attack,Military Forces of Israel (2022-),,External/Other forces,Civilians (Palestine),,Civilians,External/Other forces-Civilians,Civilian targeting,275,Middle East,Palestine,Gaza Strip,Gaza City,,Gaza - Northern Remal,31.524,34.4505,1,Quds News Network,National,"On 17 December 2023, Israeli snipers shot and injured 6 Palestinians while filling water in Al Shifa Hospital in Gaza - Northern Remal (Gaza City, Gaza Strip).",0,,1727125752
PSE43588,2023-12-16,2023,1,Political violence,Violence against civilians,Attack,Military Forces of Israel (2022-),,External/Other forces,Civilians (Palestine),Health Workers (Palestine); Refugees/IDPs (Palestine),Civilians,External/Other forces-Civilians,Civilian targeting,275,Middle East,Palestine,Gaza Strip,North Gaza,,Beit Lahiya,31.5541,34.5016,1,Newpress; Palestine Information Center; Palestine News and Information Agency; Quds News Network; Twitter,Other-New media,"On 16 December 2023, Israeli military forces destroyed the southern part of Kamal Odwan Hospital in Beit Lahiya (North Gaza, Gaza Strip). And according to the Ministry of Health in Gaza, Israeli forces bulldozed the tents of displaced individuals, burying dozens of patients and displaced people alive. A Palestinian journalist confirmed that at least 20 persons were killed. Fatalities coded as 20.",20,,1716328153
PSE44267,2023-12-16,2023,1,Political violence,Battles,Armed clash,Military Forces of Israel (2022-),,External/Other forces,Hamas Movement,,Political militia,Political militia-External/Other forces,,275,Middle East,Palestine,Gaza Strip,Gaza City,,Gaza - Southern Remal,31.5168,34.4355,1,Israeli Defense Forces; Newpress; Palestine News and Information Agency; Quds News Network; Times of Israel; Twitter,Other-New media,"On 16 December 2023, Israeli military forces shot and killed dozens of Palestinian youth who were inside al-Farabi and al-Moatasem schools in Gaza - Southern Remal (Gaza City, Gaza Strip). IDF said that its forces killed a number of Hamas militants at the schools. Fatalities coded as 12.",12,,1721691304
PSE43562,2023-12-16,2023,1,Political violence,Violence against civilians,Attack,Military Forces of Israel (2022-),,External/Other forces,Civilians (Palestine),,Civilians,External/Other forces-Civilians,Civilian targeting,275,Middle East,Palestine,Gaza Strip,North Gaza,,Jabalya - Tel-Zaatar,31.5367,34.5035,1,Al-Ittihad; Palestine News and Information Agency; Quds News Network,National-Regional,"On 16 December 2023, an Israeli sniper shot and killed a Palestinian who was in his house in Jabalya - Tel-Zaatar (North Gaza, Gaza Strip).",1,,1740447584
PSE43589,2023-12-16,2023,1,Political violence,Violence against civilians,Attack,Military Forces of Israel (2022-),,External/Other forces,Civilians (Palestine),Christian Group (Palestine); Refugees/IDPs (Palestine); Women (Palestine),Civilians,External/Other forces-Civilians,Civilian targeting,275,Middle East,Palestine,Gaza Strip,Gaza City,,Gaza - Az Zaytun,31.4964,34.4522,1,Joe Truzman; Liveuamap; Ma'an News Agency; Palestine News and Information Agency; Times of Israel,Local partner-New media,"On 16 December 2023, Israeli snipers shot and killed 2 displaced women who were inside the Holy Family Church in Gaza - Az Zaytun (Gaza City, Gaza Strip). IDF denied his responsibility for the killing of a woman and her daughter in the Holy Family Church, saying that troops fired shots and hit Hamas operatives who fired RPG from the vicinity of the church.",2,,1740447584
PSE44271,2023-12-16,2023,1,Political violence,Battles,Armed clash,Military Forces of Israel (2022-),,External/Other forces,Hamas Movement,,Political militia,Political militia-External/Other forces,,275,Middle East,Palestine,Gaza Strip,North Gaza,,Jabalya,31.5272,34.4835,1,Israeli Defense Forces,Other,"On 16 December 2023, Israeli airplanes struck a number of Hamas militants who opened fire at troops from the roof of buildings in Jabalya town (North Gaza, Gaza Strip). Casualties unknown.",0,,1740447584
PSE43425,2023-12-14,2023,1,Political violence,Violence against civilians,Attack,Military Forces of Israel (2022-),,External/Other forces,Civilians (Palestine),Refugees/IDPs (Palestine),Civilians,External/Other forces-Civilians,Civilian targeting,275,Middle East,Palestine,Gaza Strip,North Gaza,,Jabalya Camp,31.536,34.4907,1,Palestine News and Information Agency,National,"On 14 December 2023, Israeli military forces shot and killed members of 2 Palestinian families who were hiding inside a UNRWA school in Mukhayyam Jabalya camp (North Gaza, Gaza Strip), leaving an unspecified number of fatalities, including women and children. Unspecified number of fatalities coded as 3.",3,,1726520657
PSE43445,2023-12-14,2023,1,Political violence,Violence against civilians,Attack,Military Forces of Israel (2022-),,External/Other forces,Civilians (Palestine),,Civilians,External/Other forces-Civilians,Civilian targeting,275,Middle East,Palestine,Gaza Strip,North Gaza,,Beit Lahiya,31.5541,34.5016,1,Palestine News and Information Agency,National,"On 14 December 2023, Israeli military forces shot and killed an unspecified number of Palestinians who were inside their houses on the outskirts of Kamal Odwan Hospital in Beit Lahiya (North Gaza, Gaza Strip). Unspecified number of fatalities coded as 3.",3,,1726520657
PSE44273,2023-12-12,2023,2,Political violence,Battles,Armed clash,Military Forces of Israel (2022-) Special Forces,,External/Other forces,Hamas Movement,,Political militia,Political militia-External/Other forces,,275,Middle East,Palestine,Gaza Strip,North Gaza,,Jabalya,31.5272,34.4835,2,Times of Israel,Regional,"Around 12 December 2023, Israeli special forces carried out an operation to retrieve the bodies of Israeli hostages and clashed with Hamas militants in North Gaza, coded to Jabalya (Gaza Strip). During the operation, 2 Israeli soldiers were killed, others were wounded, and 2 Israeli bodies were retrieved.",2,,1740447584
PSE43393,2023-12-11,2023,1,Political violence,Violence against civilians,Attack,Military Forces of Israel (2022-),,External/Other forces,Civilians (Palestine),,Civilians,External/Other forces-Civilians,Civilian targeting,275,Middle East,Palestine,Gaza Strip,Khan Yunis,,Khan Yunis,31.3502,34.3081,1,Palestine News and Information Agency,National,"On 11 December 2023, Israeli snipers shot and killed several Palestinians in Khan Yunis (Khan Yunis, Gaza Strip). Unspecified fatalities coded as 3.",3,,1715049684
PSE43403,2023-12-11,2023,1,Political violence,Violence against civilians,Attack,Military Forces of Israel (2022-),,External/Other forces,Civilians (Palestine),Refugees/IDPs (Palestine),Civilians,External/Other forces-Civilians,Civilian targeting,275,Middle East,Palestine,Gaza Strip,Khan Yunis,,Abasan al Kabirah,31.3191,34.3401,1,Quds News Network; Twitter,New media-National,"On 11 December 2023, an Israeli sniper shot and injured a displaced Palestinian in Abasan al Kabirah (Khan Yunis, Gaza Strip).",0,,1715049684
PSE43361,2023-12-09,2023,1,Political violence,Violence against civilians,Attack,Military Forces of Israel (2022-),,External/Other forces,Civilians (Palestine),Health Workers (Palestine); Women (Palestine),Civilians,External/Other forces-Civilians,Civilian targeting,275,Middle East,Palestine,Gaza Strip,North Gaza,,Beit Lahiya,31.5541,34.5016,1,Quds News Network,National,"On 9 December 2023, Israeli troops opened fire at health workers and pregnant women at Kamal Odwan Hospital in Beit Lahiya (North Gaza, Gaza Strip), killing 3 health staff and several women. Total fatalities coded as 5.",5,,1716328153
PSE42608,2023-12-08,2023,1,Political violence,Battles,Armed clash,Military Forces of Israel (2022-),,External/Other forces,Hamas Movement,,Political militia,Political militia-External/Other forces,,275,Middle East,Palestine,Gaza Strip,Gaza City,,Gaza,31.5045,34.4743,2,Al Ghad (Jordan); Dunia Al Watan; Joe Truzman; Ma'an News Agency; Newpress; Twitter,New media-National,"On 8 December 2023, Israeli forces attempted to breach a Hamas shelter in Gaza (Gaza City, Gaza Strip) to rescue an Israeli soldier who had been captured on October 7. Clashes erupted at the location, resulting in the death of the Israeli hostage soldier.",1,,1715049683
PSE42460,2023-12-08,2023,1,Political violence,Violence against civilians,Attack,Military Forces of Israel (2022-),,External/Other forces,Civilians (Palestine),Health Workers (Palestine),Civilians,External/Other forces-Civilians,Civilian targeting,275,Middle East,Palestine,Gaza Strip,North Gaza,,Jabalya,31.5272,34.4835,1,Palestine News and Information Agency; Quds News Network; Twitter,New media-National,"On 8 December 2023, Israeli snipers targeted Al Awda Hospital in Jabalya (North Gaza, Gaza Strip), killing a doctor.",1,,1740447583
PSE42552,2023-12-07,2023,1,Political violence,Violence against civilians,Attack,Military Forces of Israel (2022-),,External/Other forces,Civilians (Palestine),Refugees/IDPs (Palestine),Civilians,External/Other forces-Civilians,Civilian targeting,275,Middle East,Palestine,Gaza Strip,North Gaza,,Beit Lahiya - Al Mashroo,31.5433,34.4998,1,Newpress; Palestine News and Information Agency; Quds News Network; Twitter,New media-National,"On 7 December 2023, Israeli snipers opened fire and drones struck the Khalifa Ibn Zayed school hosting thousands of displaced people in Beit Lahiya - Al Mashroo (North Gaza, Gaza Strip), injuring a number of Palestinians, and killing 2 persons.",2,,1716328152
PSE42268,2023-12-03,2023,1,Political violence,Violence against civilians,Attack,Military Forces of Israel (2022-),,External/Other forces,Civilians (Palestine),,Civilians,External/Other forces-Civilians,Civilian targeting,275,Middle East,Palestine,Gaza Strip,Deir El Balah,,Deir al Balah,31.4178,34.3503,1,Palestine News and Information Agency,National,"On 3 December 2023, Israeli troops opened fire at al-Mazraa school in Deir al Balah (Deir El Balah, Gaza Strip), injuring a number of Palestinians including children.",0,,1715641883
PSE42238,2023-12-02,2023,1,Political violence,Violence against civilians,Attack,Military Forces of Israel (2022-),,External/Other forces,Civilians (Palestine),Health Workers (Palestine),Civilians,External/Other forces-Civilians,Civilian targeting,275,Middle East,Palestine,Gaza Strip,Gaza City,,Gaza - Sabra,31.5086,34.4493,1,Arab 48; Quds News Network; Twitter,New media-National,"On 2 December 2023, Israeli military forces opened fire at Palestinian ambulances in Gaza - Sabra (Gaza City, Gaza Strip). Casualties unknown.",0,,1719274438
PSE42078,2023-12-01,2023,1,Political violence,Violence against civilians,Attack,Military Forces of Israel (2022-),,External/Other forces,Civilians (Palestine),,Civilians,External/Other forces-Civilians,Civilian targeting,275,Middle East,Palestine,Gaza Strip,Gaza City,,Gaza - Northern Remal,31.524,34.4505,2,Palestine News and Information Agency,National,"On 1 December 2023, Israeli troops opened fire and killed 2 Palestinian brothers near the Msallam pharmacy at al-Jalaa street east of Gaza - Northern Remal (Gaza City, Gaza Strip).",2,,1715049681
PSE41807,2023-11-30,2023,1,Political violence,Violence against civilians,Attack,Military Forces of Israel (2022-),,External/Other forces,Civilians (Palestine),Farmers (Palestine),Civilians,External/Other forces-Civilians,Civilian targeting,275,Middle East,Palestine,Gaza Strip,Khan Yunis,,Bani Suheila,31.3424,34.325,2,Palestine Information Center; Quds News Network; Twitter,Other-New media,"On 30 November 2023, Israeli military forces opened fire at agricultural lands east of Khan Yunis (coded to Bani Suheila, Gaza Strip), likely targeting Palestinian farmers. Casualties unknown.",0,,1715049681
PSE41808,2023-11-30,2023,1,Political violence,Violence against civilians,Attack,Military Forces of Israel (2022-),,External/Other forces,Civilians (Palestine),,Civilians,External/Other forces-Civilians,Civilian targeting,275,Middle East,Palestine,Gaza Strip,Gaza City,,Gaza - Sheikh Radwan,31.5349,34.4667,1,Quds News Network,National,"On 30 November 2023, Israeli military forces opened fire on the outskirts of Gaza - Sheikh Radwan (Gaza City, Gaza Strip), likely targeting civilians. Casualties unknown.",0,,1715049681
PSE41805,2023-11-30,2023,1,Political violence,Violence against civilians,Attack,Military Forces of Israel (2022-),,External/Other forces,Civilians (Palestine),Journalists (Palestine),Civilians,External/Other forces-Civilians,Civilian targeting,275,Middle East,Palestine,Gaza Strip,Gaza City,,Gaza - Nezarim,31.484,34.4056,2,Palestine News and Information Agency; PLO Negotiations Affairs Department; Quds News Network; Twitter,Other-New media,"On 30 November 2023, Israeli military forces shot and injured a Palestinian journalist south of Wadi Gaza (coded to Gaza - Nezarim) (Gaza City, Gaza Strip).",0,,1732580222
PSE41801,2023-11-29,2023,1,Political violence,Violence against civilians,Attack,Military Forces of Israel (2022-),,External/Other forces,Civilians (Palestine),Farmers (Palestine),Civilians,External/Other forces-Civilians,Civilian targeting,275,Middle East,Palestine,Gaza Strip,Khan Yunis,,Bani Suheila,31.3424,34.325,2,Quds News Network; Twitter,New media-National,"On 29 November 2023, Israeli military forces opened fire at Palestinian farmers east of Khan Yunis (coded to Bani Suheila, Gaza Strip). Casualties unknown.",0,,1715049681
PSE41907,2023-11-29,2023,1,Political violence,Battles,Armed clash,Military Forces of Israel (2022-),,External/Other forces,Unidentified Armed Group (Palestine),,Political militia,Political militia-External/Other forces,,275,Middle East,Palestine,Gaza Strip,Gaza City,,Gaza - Sheikh Radwan,31.5349,34.4667,2,Joe Truzman; Ma'an News Agency; Newpress; Quds News Network; Twitter,New media-National,"On 29 November 2023, Israeli troops opened fire and killed 3 unidentified Palestinian militants north of Gaza City, in the Gaza - Sheikh Radwan area (Gaza City, Gaza Strip).",3,,1715049681
PSE41802,2023-11-29,2023,1,Political violence,Violence against civilians,Attack,Military Forces of Israel (2022-),,External/Other forces,Civilians (Palestine),,Civilians,External/Other forces-Civilians,Civilian targeting,275,Middle East,Palestine,Gaza Strip,Gaza City,,Gaza - Ash Shati' Camp,31.5349,34.4466,2,Quds News Network; Twitter,New media-National,"On 29 November 2023, Israeli military forces opened fire northwest of Gaza City, Gaza - Ash Shati' Camp area (Gaza City, Gaza Strip), likely toward civilians. Casualties unknown.",0,,1726520656
PSE42067,2023-11-29,2023,1,Political violence,Violence against civilians,Attack,Military Forces of Israel (2022-),,External/Other forces,Civilians (Palestine),,Civilians,External/Other forces-Civilians,Civilian targeting,275,Middle East,Palestine,Gaza Strip,North Gaza,,Beit Hanoun,31.5405,34.5402,2,Palestine News and Information Agency; PLO Negotiations Affairs Department; Quds News Network; Twitter,Other-New media,"On 29 November 2023, Israeli military forces opened fire at Palestinians east of Beit Hanoun (North Gaza, Gaza Strip), injuring a civilian who succumbed to his wounds on 30 November 2023.",1,,1736845190
PSE41803,2023-11-29,2023,1,Political violence,Violence against civilians,Attack,Military Forces of Israel (2022-),,External/Other forces,Civilians (Palestine),,Civilians,External/Other forces-Civilians,Civilian targeting,275,Middle East,Palestine,Gaza Strip,Gaza City,,Gaza - Tal el Hawa,31.5041,34.435,1,PLO Negotiations Affairs Department,Other,"On 29 November 2023, Israeli military forces opened fire at Palestinians in Gaza - Tal el Hawa (Gaza City, Gaza Strip), injuring 2 civilians in Beit Hanoun and Gaza - Tal el Hawa.",0,,1740447583
PSE41792,2023-11-28,2023,1,Political violence,Violence against civilians,Attack,Military Forces of Israel (2022-),,External/Other forces,Civilians (Palestine),Refugees/IDPs (Palestine),Civilians,External/Other forces-Civilians,Civilian targeting,275,Middle East,Palestine,Gaza Strip,Gaza City,,Gaza - Sheikh Radwan,31.5349,34.4667,1,Al-Ittihad; Palestine News and Information Agency; PLO Negotiations Affairs Department; Quds News Network; Twitter,Other-New media,"On 28 November 2023, Israeli military forces opened fire at displaced Palestinians while they were attempting to return to their houses in Gaza - Sheikh Radwan (Gaza City, Gaza Strip). 4 civilians were injured, one in critical condition, in Gaza - Nasr and Gaza - Sheikh Radwan.",0,,1715049681
PSE41796,2023-11-28,2023,1,Political violence,Violence against civilians,Attack,Military Forces of Israel (2022-),,External/Other forces,Civilians (Palestine),,Civilians,External/Other forces-Civilians,Civilian targeting,275,Middle East,Palestine,Gaza Strip,Khan Yunis,,Bani Suheila,31.3424,34.325,2,Al-Ittihad; Palestine News and Information Agency; PLO Negotiations Affairs Department; Quds News Network; Twitter,Other-New media,"On 28 November 2023, Israeli military forces opened fire at Palestinians and their houses east of Khan Yunis (coded to Bani Suheila, Gaza Strip). Casualties unknown.",0,,1715049681
PSE41794,2023-11-28,2023,1,Political violence,Violence against civilians,Attack,Military Forces of Israel (2022-),,External/Other forces,Civilians (Palestine),,Civilians,External/Other forces-Civilians,Civilian targeting,275,Middle East,Palestine,Gaza Strip,Deir El Balah,,Al Burayj,31.4394,34.4031,2,Al-Ittihad; Palestine News and Information Agency; PLO Negotiations Affairs Department,Other-National,"On 28 November 2023, Israeli military forces opened fire at Palestinians and their houses east of Al Burayj refugee camp (Deir El Balah, Gaza Strip). Casualties unknown.",0,,1715641883
PSE41795,2023-11-28,2023,1,Political violence,Violence against civilians,Attack,Military Forces of Israel (2022-),,External/Other forces,Civilians (Palestine),,Civilians,External/Other forces-Civilians,Civilian targeting,275,Middle East,Palestine,Gaza Strip,Deir El Balah,,Al Maghazi,31.4214,34.3865,2,Al-Ittihad; Palestine News and Information Agency; PLO Negotiations Affairs Department; Quds News Network; Twitter,Other-New media,"On 28 November 2023, Israeli military forces opened fire at Palestinians and their houses east of Al Maghazi refugee camp (Deir El Balah, Gaza Strip). Casualties unknown.",0,,1715641883
PSE41800,2023-11-28,2023,1,Political violence,Violence against civilians,Attack,Military Forces of Israel (2022-),,External/Other forces,Civilians (Palestine),,Civilians,External/Other forces-Civilians,Civilian targeting,275,Middle East,Palestine,Gaza Strip,Gaza City,,Gaza - Sabra,31.5086,34.4493,1,PLO Negotiations Affairs Department,Other,"On 28 November 2023, Israeli military forces opened fire at Palestinians in Gaza - Sabra (Gaza City, Gaza Strip). There were no casualties",0,,1719274438
PSE41791,2023-11-28,2023,1,Political violence,Violence against civilians,Attack,Military Forces of Israel (2022-),,External/Other forces,Civilians (Palestine),Refugees/IDPs (Palestine),Civilians,External/Other forces-Civilians,Civilian targeting,275,Middle East,Palestine,Gaza Strip,Gaza City,,Gaza - Nasr,31.534,34.4574,1,Al-Ittihad; Palestine News and Information Agency,National-Regional,"On 28 November 2023, Israeli military forces opened fire at displaced Palestinians while they were attempting to return to their houses in Gaza - Nasr (Gaza City, Gaza Strip). 4 civilians were injured, one in critical condition, in Gaza - Nasr and Gaza - Sheikh Radwan.",0,,1721691304
PSE41798,2023-11-28,2023,1,Political violence,Violence against civilians,Attack,Military Forces of Israel (2022-),,External/Other forces,Civilians (Palestine),,Civilians,External/Other forces-Civilians,Civilian targeting,275,Middle East,Palestine,Gaza Strip,Rafah,,Yibna,31.2842,34.2482,2,Quds News Network; Twitter,New media-National,"On 28 November 2023, Israeli troops opened fire east of Rafah (coded to Yibna, Gaza Strip), likely targeting civilians and houses. Casualties unknown.",0,,1739840133
PSE41793,2023-11-28,2023,1,Political violence,Violence against civilians,Attack,Military Forces of Israel (2022-),,External/Other forces,Civilians (Palestine),,Civilians,External/Other forces-Civilians,Civilian targeting,275,Middle East,Palestine,Gaza Strip,Gaza City,,Gaza - Tal el Hawa,31.5041,34.435,1,Al-Ittihad; Palestine News and Information Agency; PLO Negotiations Affairs Department; Quds News Network; Twitter,Other-New media,"On 28 November 2023, Israeli military forces opened fire at Palestinians while they were attempting to return to their houses in Gaza - Tal el Hawa and on the outskirts of the Al Quds Hospital (Gaza City, Gaza Strip). Casualties unknown.",0,,1740447583
PSE42052,2023-11-27,2023,1,Political violence,Violence against civilians,Attack,Military Forces of Israel (2022-),,External/Other forces,Civilians (Palestine),,Civilians,External/Other forces-Civilians,Civilian targeting,275,Middle East,Palestine,Gaza Strip,Deir El Balah,,Al Maghazi,31.4214,34.3865,2,Palestine News and Information Agency; PLO Negotiations Affairs Department; Quds News Network; Twitter,Other-New media,"On 27 November 2023, Israeli military forces opened fire toward Palestinian houses east of Al Maghazi refugee camp (Deir El Balah, Gaza Strip). There were no casualties.",0,,1715641883
PSE42069,2023-11-26,2023,1,Political violence,Violence against civilians,Attack,Military Forces of Israel (2022-),,External/Other forces,Civilians (Palestine),Farmers (Palestine),Civilians,External/Other forces-Civilians,Civilian targeting,275,Middle East,Palestine,Gaza Strip,Deir El Balah,,Al Maghazi,31.4214,34.3865,2,Al-Ittihad; Arab 48; Dunia Al Watan; Jerusalem Post; Liveuamap; Ma'an News Agency; Newpress; Palestine News and Information Agency; PLO Negotiations Affairs Department; Quds News Network; Twitter,Local partner-New media,"On 26 November 2023, Israeli military forces opened fire toward Palestinian farmers while working east of Al Maghazi refugee camp (Deir El Balah, Gaza Strip). A farmer was killed, and another one was injured.",1,,1715641883
PSE42045,2023-11-26,2023,1,Political violence,Violence against civilians,Attack,Military Forces of Israel (2022-),,External/Other forces,Civilians (Palestine),,Civilians,External/Other forces-Civilians,Civilian targeting,275,Middle East,Palestine,Gaza Strip,North Gaza,,Beit Lahiya,31.5541,34.5016,1,Al-Ittihad; Arab 48; Dunia Al Watan; Jerusalem Post; Ma'an News Agency; Palestine News and Information Agency; PLO Negotiations Affairs Department; Quds News Network,Other-National,"On 26 November 2023, Israeli military forces opened fire toward Palestinians on the outskirts of the Indonesian Hospital in Beit Lahiya (North Gaza, Gaza Strip), injuring 3 civilians.",0,,1716328151
PSE42044,2023-11-26,2023,1,Political violence,Violence against civilians,Attack,Military Forces of Israel (2022-),,External/Other forces,Civilians (Palestine),,Civilians,External/Other forces-Civilians,Civilian targeting,275,Middle East,Palestine,Gaza Strip,Gaza City,,Gaza - Tal el Hawa,31.5041,34.435,1,Al-Ittihad; Arab 48; Dunia Al Watan; Jerusalem Post; Ma'an News Agency; Palestine News and Information Agency; PLO Negotiations Affairs Department; Quds News Network,Other-National,"On 26 November 2023, Israeli military forces opened fire toward Palestinians on the outskirts of the Rantisi Hospital in Gaza - Tal el Hawa (Gaza City, Gaza Strip), injuring 4 civilians.",0,,1740447583
PSE42025,2023-11-25,2023,1,Political violence,Violence against civilians,Attack,Military Forces of Israel (2022-),,External/Other forces,Civilians (Palestine),Refugees/IDPs (Palestine),Civilians,External/Other forces-Civilians,Civilian targeting,275,Middle East,Palestine,Gaza Strip,Deir El Balah,,An Nusayrat - North,31.4591,34.3923,1,Quds News Network,National,"On 25 November 2023, Israeli military forces opened fire toward displaced Palestinians who tried to reach the North Gaza Strip, likely in the Wadi Gaza area, north of An Nusayrat refugee camp (An Nusayrat - North, Deir El Balah, Gaza Strip). An unspecified number of Palestinians were injured.",0,,1716240636
PSE41580,2023-11-24,2023,1,Political violence,Violence against civilians,Attack,Military Forces of Israel (2022-),,External/Other forces,Civilians (Palestine),,Civilians,External/Other forces-Civilians,Civilian targeting,275,Middle East,Palestine,Gaza Strip,Khan Yunis,,Bani Suheila,31.3424,34.325,2,Quds News Network; Twitter,New media-National,"On 24 November 2023, Israeli troops opened fire, likely toward Palestinian civilians, following the start of a truce east of Khan Yunis (coded to Bani Suheila, Gaza Strip). Casualties unknown.",0,,1715049680
PSE41575,2023-11-24,2023,1,Political violence,Violence against civilians,Attack,Military Forces of Israel (2022-),,External/Other forces,Civilians (Palestine),Refugees/IDPs (Palestine),Civilians,External/Other forces-Civilians,Civilian targeting,275,Middle East,Palestine,Gaza Strip,Deir El Balah,,An Nusayrat - North,31.4591,34.3923,1,Al Ghad (Jordan); Dunia Al Watan; Newpress; Palestine News and Information Agency; Quds News Network; Twitter,New media-National,"On 24 November 2023, Israeli military forces opened fire toward displaced Palestinians who tried to reach the North Gaza Strip, in the Wadi Gaza area, north of An Nusayrat refugee camp (An Nusayrat - North, Deir El Balah, Gaza Strip), killing 2 Palestinians and injuring 7 persons.",2,,1715641883
PSE41592,2023-11-24,2023,1,Political violence,Violence against civilians,Attack,Military Forces of Israel (2022-),,External/Other forces,Civilians (Palestine),,Civilians,External/Other forces-Civilians,Civilian targeting,275,Middle East,Palestine,Gaza Strip,Rafah,,Yibna,31.2842,34.2482,2,Quds News Network; Twitter,New media-National,"On 24 November 2023, Israeli troops opened fire, likely toward Palestinian civilians, following the start of a truce, east of Rafah (coded to Yibna, Gaza Strip). Casualties unknown.",0,,1739840133
PSE41504,2023-11-22,2023,1,Political violence,Violence against civilians,Attack,Military Forces of Israel (2022-),,External/Other forces,Civilians (Palestine),,Civilians,External/Other forces-Civilians,Civilian targeting,275,Middle East,Palestine,Gaza Strip,North Gaza,,Beit Lahiya - Al Mashroo,31.5433,34.4998,1,Palestine News and Information Agency; PLO Negotiations Affairs Department; Quds News Network; Twitter,Other-New media,"On 22 November 2023, Israeli troops opened fire toward Palestinian civilians in Beit Lahiya - Al Mashroo and nearby areas (North Gaza, Gaza Strip).",0,,1716328150
PSE41566,2023-11-22,2023,1,Political violence,Violence against civilians,Attack,Military Forces of Israel (2022-),,External/Other forces,Civilians (Palestine),Journalists (Palestine),Civilians,External/Other forces-Civilians,Civilian targeting,275,Middle East,Palestine,Gaza Strip,North Gaza,,Jabalya,31.5272,34.4835,2,Quds News Network; Twitter,New media-National,"On 22 November 2023, an Israeli sniper shot and killed a Palestinian journalist in Al Saftawi area west of Jabalya (North Gaza, Gaza Strip).",1,,1740447583
PSE41610,2023-11-19,2023,1,Political violence,Battles,Armed clash,Military Forces of Israel (2022-),,External/Other forces,Hamas Movement,,Political militia,Political militia-External/Other forces,,275,Middle East,Palestine,Gaza Strip,Gaza City,,Gaza - Southern Remal,31.5168,34.4355,1,Israeli Defense Forces; Liveuamap; Twitter,Local partner-New media,"On 19 November 2023, Israeli troops killed an unspecified number of Palestinian militants, likely from Hamas in Gaza - Southern Remal (Gaza City, Gaza Strip). Also, soldiers found around 35 tunnels, rocket launchers, and weapons in Remal and Ash Shaykh Ijlin. Also, Clashes erupted between Hamas fighters and the Israeli soldiers. Unknown fatalities coded as 10.",10,,1721691304
PSE41612,2023-11-19,2023,1,Political violence,Battles,Armed clash,Military Forces of Israel (2022-),,External/Other forces,Hamas Movement,,Political militia,Political militia-External/Other forces,,275,Middle East,Palestine,Gaza Strip,Gaza City,,Gaza - Ash Shaykh Ijlin,31.5098,34.4274,1,Israeli Defense Forces; Twitter,Other-New media,"On 19 November 2023, Israeli troops killed an unspecified number of Palestinian militants, likely from Hamas in Gaza - Ash Shaykh Ijlin (Gaza City, Gaza Strip). Also, soldiers found around 35 tunnels, rocket launchers, and weapons in Remal and Ash Shaykh Ijlin. Unknown fatalities coded as 10.",10,,1732580222
PSE40830,2023-11-16,2023,1,Political violence,Violence against civilians,Attack,Military Forces of Israel (2022-),,External/Other forces,Civilians (Palestine),Health Workers (Palestine),Civilians,External/Other forces-Civilians,Civilian targeting,275,Middle East,Palestine,Gaza Strip,Gaza City,,Gaza - Northern Remal,31.524,34.4505,1,Newpress; Twitter,New media-National,"On 16 November 2023, Israeli military forces opened fire inside the Al Shifa Hospital complex in Gaza - Northern Remal (Gaza City, Gaza Strip), presumably toward civilians present in the hospital. Casualties unknown.",0,,1715049678
PSE40839,2023-11-16,2023,1,Political violence,Violence against civilians,Attack,Military Forces of Israel (2022-),,External/Other forces,Civilians (Palestine),Refugees/IDPs (Palestine),Civilians,External/Other forces-Civilians,Civilian targeting,275,Middle East,Palestine,Gaza Strip,Gaza City,,Gaza - Nezarim,31.484,34.4056,2,Quds News Network; Twitter,New media-National,"On 16 November 2023, Israeli soldiers opened fire at a passing Palestinian vehicle carrying displaced Palestinians near Gaza - Nezarim area (Gaza City, Gaza Strip), injuring 2 persons.",0,,1732580222
PSE40837,2023-11-16,2023,1,Political violence,Violence against civilians,Attack,Military Forces of Israel (2022-),,External/Other forces,Civilians (Palestine),,Civilians,External/Other forces-Civilians,Civilian targeting,275,Middle East,Palestine,Gaza Strip,Gaza City,,Al Mughraqa,31.4675,34.4097,2,Quds News Network; Twitter,New media-National,"On 16 November 2023, Israeli soldiers beat and killed a elderly Palestinian who was moving at Salah Al-Din street to the southern area, south of Al Mughraqa area (Gaza City, Gaza Strip).",1,,1739840133
PSE40970,2023-11-12,2023,1,Political violence,Violence against civilians,Attack,Military Forces of Israel (2022-),,External/Other forces,Civilians (Palestine),Refugees/IDPs (Palestine),Civilians,External/Other forces-Civilians,Civilian targeting,275,Middle East,Palestine,Gaza Strip,Gaza City,,Gaza - Northern Remal,31.524,34.4505,1,Newpress; Palestine News and Information Agency; Twitter,New media-National,"On 12 November 2023, Israeli military forces opened fire toward Al Shifa Hospital targeting 40 displaced people who attempted to leave hospital in Gaza - Northern Remal (Gaza City, Gaza Strip). Casualties unknown.",0,,1715049679
PSE40974,2023-11-12,2023,1,Political violence,Violence against civilians,Attack,Military Forces of Israel (2022-),,External/Other forces,Civilians (Palestine),,Civilians,External/Other forces-Civilians,Civilian targeting,275,Middle East,Palestine,Gaza Strip,Gaza City,,Gaza - Nezarim,31.484,34.4056,2,Newpress; Quds News Network; Twitter,New media-National,"On 12 November 2023, Israeli military forces opened fire toward displaced Palestinians in Salah al-Din street near Gaza - Nezarim (Gaza City, Gaza Strip). Several persons were injured.",0,,1732580222
PSE40723,2023-11-10,2023,1,Political violence,Violence against civilians,Attack,Military Forces of Israel (2022-),,External/Other forces,Civilians (Palestine),,Civilians,External/Other forces-Civilians,Civilian targeting,275,Middle East,Palestine,Gaza Strip,Gaza City,,Gaza - Az Zaytun,31.4964,34.4522,1,Newpress; Quds News Network; Twitter,New media-National,"On 10 November 2023, an Israeli sniper shot dead a 79-year-old Palestinian who was on his way to southern Gaza, north of Gaza - Az Zaytun area (Gaza City, Gaza Strip).",1,,1740447582
PSE59492,2023-11-09,2023,1,Political violence,Battles,Armed clash,Military Forces of Israel (2022-),,External/Other forces,Hamas Movement,,Political militia,Political militia-External/Other forces,,275,Middle East,Palestine,Gaza Strip,Gaza City,,Gaza - Northern Remal,31.524,34.4505,1,Israeli Defense Forces; Twitter,Other-New media,"On 9 November 2023, Hamas militants clashed with Israeli military forces near Al Shifa hospital in Gaza - Northern Remal (Gaza City, Gaza Strip). [IDF confirmed that over 50 Palestinian militants were killed during ground operations near Al Shifa hospital in two battles. 50 fatalities split across 2 events on 7 and 9 November, with 25 fatalities coded to this event.]",25,,1726526147
PSE59490,2023-11-07,2023,2,Political violence,Battles,Armed clash,Military Forces of Israel (2022-),,External/Other forces,Hamas Movement,,Political militia,Political militia-External/Other forces,,275,Middle East,Palestine,Gaza Strip,Gaza City,,Gaza - Northern Remal,31.524,34.4505,1,Israeli Defense Forces; Twitter,Other-New media,"Around 7 November 2023 (as reported), Hamas militants clashed with Israeli military forces near Al Shifa hospital in Gaza - Northern Remal (Gaza City, Gaza Strip). [IDF confirmed that over 50 Palestinian militants were killed during ground operations near Al Shifa hospital in two battles. 50 fatalities split across 2 events on 7 and 9 November, with 25 fatalities coded to this event.]",25,,1726526147
PSE39551,2023-11-03,2023,1,Political violence,Violence against civilians,Attack,Military Forces of Israel (2022-),,External/Other forces,Civilians (Palestine),Labor Group (Palestine),Civilians,External/Other forces-Civilians,Civilian targeting,275,Middle East,Palestine,Gaza Strip,Rafah,,Yibna,31.2842,34.2482,2,Palestine News and Information Agency,National,"On 3 November 2023, Israeli military forces beat and killed a Palestinian worker near Kerem Shalom border crossing southeast of Rafah (coded to Yibna, Gaza Strip).",1,,1739840132
PSE39507,2023-11-02,2023,1,Political violence,Violence against civilians,Attack,Military Forces of Israel (2022-),,External/Other forces,Civilians (Palestine),Farmers (Palestine),Civilians,External/Other forces-Civilians,Civilian targeting,275,Middle East,Palestine,Gaza Strip,Khan Yunis,,Abasan al Kabirah,31.3191,34.3401,2,Palestine News and Information Agency,National,"On 2 November 2023, Israeli military forces opened fire at Palestinian farmers while working east of Khan Yunis (coded as Abasan al Kabirah, Khan Yunis, Gaza Strip). Several farmers were injured.",0,,1715049896
PSE39538,2023-11-02,2023,1,Political violence,Violence against civilians,Attack,Military Forces of Israel (2022-),,External/Other forces,Civilians (Palestine),Farmers (Palestine),Civilians,External/Other forces-Civilians,Civilian targeting,275,Middle East,Palestine,Gaza Strip,Rafah,,Yibna,31.2842,34.2482,2,Palestine News and Information Agency,National,"On 2 November 2023, Israeli military forces opened fire at Palestinian farmers while working east of Rafah (coded to Yibna, Gaza Strip). 4 farmers were killed.",4,,1739840132
PSE39631,2023-10-31,2023,1,Political violence,Battles,Armed clash,Military Forces of Israel (2022-),,External/Other forces,Hamas Movement,,Political militia,Political militia-External/Other forces,,275,Middle East,Palestine,Gaza Strip,North Gaza,,Jabalya,31.5272,34.4835,2,Israeli Defense Forces; Joe Truzman; Times of Israel; Twitter,Other-New media,"On 31 October 2023, Israeli military forces overtook a Hamas military base and killed around 50 militants during the ground operations in al-Tuam and al-Karamah area west of Jabalya (North Gaza, West Bank).",50,,1740447581
PSE39634,2023-10-28,2023,1,Political violence,Battles,Armed clash,Military Forces of Israel (2022-),,External/Other forces,Hamas Movement,,Political militia,Political militia-External/Other forces,,275,Middle East,Palestine,Gaza Strip,Khan Yunis,,Bani Suheila,31.3424,34.325,2,Quds News Network; Twitter,New media-National,"On 28 October 2023, unidentified Palestinian militants clashed with Israeli military forces during the ground operations near the border with Israel east of Khan Yunis (coded as Bani Suheila, Gaza Strip). Casualties unknown.",0,,1727730465
PSE38617,2023-10-27,2023,1,Political violence,Battles,Armed clash,Military Forces of Israel (2022-),,External/Other forces,Hamas Movement,,Political militia,Political militia-External/Other forces,,275,Middle East,Palestine,Gaza Strip,Rafah,,Al Mawasi (Rafah),31.3294,34.2299,2,Newpress; Palestine Information Center; Twitter,Other-New media,"On 27 October 2023, Israeli forces clashed with Qassam Brigade Palestinian militants during an Israeli incursion attempt on the coast of Rafah area (coded to Al Mawasi (Rafah), Gaza strip). Casualties unknown.",0,,1727730465
PSE38627,2023-10-27,2023,1,Political violence,Battles,Armed clash,Military Forces of Israel (2022-),,External/Other forces,Hamas Movement,,Political militia,Political militia-External/Other forces,,275,Middle East,Palestine,Gaza Strip,Deir El Balah,,Al Burayj,31.4394,34.4031,2,Newpress; Quds News Network; Twitter,New media-National,"On 27 October 2023, Israeli forces clashed with Qassam Brigade fighters (Hamas Movement) during a ground incursion attempt east of Al Burayj area (Deir El Balah, Gaza Strip). Casualties unknown.",0,,1727730465
PSE38628,2023-10-27,2023,1,Political violence,Battles,Armed clash,Military Forces of Israel (2022-),,External/Other forces,Hamas Movement,,Political militia,Political militia-External/Other forces,,275,Middle East,Palestine,Gaza Strip,North Gaza,,Beit Lahiya,31.5541,34.5016,2,Liveuamap; Quds News Network; Twitter,Local partner-New media,"On 27 October 2023, Israeli forces clashed with Qassam Brigade fighters (Hamas Movement) during a ground incursion attempt on Gaza Strip's northern borders. Qassam forces used anti-tank missiles. Coded to Beit Lahiya. Casualties unknown.",0,,1727730465
PSE38618,2023-10-27,2023,1,Political violence,Battles,Armed clash,Military Forces of Israel (2022-),,External/Other forces,Hamas Movement,,Political militia,Political militia-External/Other forces,,275,Middle East,Palestine,Gaza Strip,North Gaza,,Beit Hanoun,31.5405,34.5402,1,Newpress; Quds News Network; Twitter,New media-National,"On 27 October 2023, Israeli forces clashed with Qassam Brigade fighters (Hamas Movement) during a ground incursion attempt in Beit Hanoun town (North Gaza, Gaza Strip). Casualties unknown.",0,,1736845189
PSE38733,2023-10-27,2023,1,Political violence,Battles,Armed clash,Military Forces of Israel (2022-),,External/Other forces,Unidentified Armed Group (Palestine),,Political militia,Political militia-External/Other forces,,275,Middle East,Palestine,Gaza Strip,Gaza City,,Al Mintar Crossing,31.4739,34.4736,3,Quds News Network; Twitter,New media-National,"On 27 October 2023, Israeli forces clashed with unidentified Palestinian fighters (presumably Hamas Movement) during a ground incursion attempt on Gaza Strip's eastern borders. Coded to Al Mintar Crossing. Casualties unknown.",0,,1740447581
PSE38479,2023-10-26,2023,1,Political violence,Battles,Armed clash,Military Forces of Israel (2022-),,External/Other forces,Hamas Movement,,Political militia,Political militia-External/Other forces,,275,Middle East,Palestine,Gaza Strip,North Gaza,,Beit Hanoun,31.5405,34.5402,2,Joe Truzman; Twitter,New media-National,"On 26 October 2023, Israeli tanks and infantry infiltrated into east of Beit Hanoun area (North Gaza, Gaza Strip) and attacked Hamas infrastructure and posts. Hamas militants clashed with the troops. Casualties unknown.",0,,1736845189
PSE38834,2023-10-26,2023,1,Political violence,Battles,Armed clash,Military Forces of Israel (2022-),,External/Other forces,Unidentified Armed Group (Palestine),,Political militia,Political militia-External/Other forces,,275,Middle East,Palestine,Gaza Strip,Rafah,,Rafah,31.287,34.2595,1,Newpress; Twitter,New media-National,"On 26 October 2023, Israeli troops clashed with unidentified Palestinian militants east of Rafah/Abu Salem (Rafah, Gaza Strip). Casualties unknown.",0,,1744085421
PSE38822,2023-10-24,2023,1,Political violence,Battles,Armed clash,Military Forces of Israel (2022-),,External/Other forces,Hamas Movement,,Political militia,Political militia-External/Other forces,,275,Middle East,Palestine,Gaza Strip,Gaza City,,Al Mintar Crossing,31.4739,34.4736,3,Liveuamap; Twitter,Local partner-New media,"On 24 October 2023, Hamas militants exchanged fire with Israeli military forces near the security fence east of Gaza Strip areas (coded as Al Mintar Crossing, Gaza City, Gaza Strip). Casualties unknown.",0,,1740447581
PSE38818,2023-10-23,2023,1,Political violence,Battles,Armed clash,Military Forces of Israel (2022-),,External/Other forces,Unidentified Armed Group (Palestine),,Political militia,Political militia-External/Other forces,,275,Middle East,Palestine,Gaza Strip,Deir El Balah,,Al Maghazi,31.4214,34.3865,2,Newpress; Twitter,New media-National,"On 23 October 2023, unidentified Palestinian militants clashed with Israeli military forces while attempting to infiltrate into the east of Mukhayyam Al Maghazi (Deir El Balah, Gaza Strip). Casualties unknown.",0,,1727730465
PSE38819,2023-10-23,2023,1,Political violence,Battles,Armed clash,Military Forces of Israel (2022-),,External/Other forces,Hamas Movement,,Political militia,Political militia-External/Other forces,,275,Middle East,Palestine,Gaza Strip,Khan Yunis,,Bani Suheila,31.3424,34.325,2,Liveuamap; Newpress; Twitter,Local partner-New media,"On 23 October 2023, Hamas militants clashed with Israeli military forces while attempting to infiltrate into the east of Khan Yunis (coded to Bani Suheila, Khan Yunis, Gaza Strip). Casualties unknown.",0,,1727730465
PSE38817,2023-10-22,2023,1,Political violence,Battles,Armed clash,Military Forces of Israel (2022-),,External/Other forces,Hamas Movement,,Political militia,Political militia-External/Other forces,,275,Middle East,Palestine,Gaza Strip,Khan Yunis,,Bani Suheila,31.3424,34.325,2,Al Ghad (Jordan); Dunia Al Watan; Haaretz; Liveuamap; Newpress; ReliefWeb; Twitter,Local partner-New media,"On 22 October 2023, Israeli military tanks and vehicles entered the eastern part of Khan Yunis area (coded as Bani Suheila, Gaza Strip) and engaged in a clash with Hamas militants, who used anti-tank missiles against the Israeli troops. An Israeli soldier was killed, and two vehicles were destroyed (Hamas claimed IDF fatality coded as 0). There were no casualties reported among the Hamas militants.",0,,1729632808
PSE59480,2023-10-14,2023,1,Political violence,Battles,Armed clash,Military Forces of Israel (2022-),,External/Other forces,Hamas Movement,,Political militia,Political militia-External/Other forces,,275,Middle East,Palestine,Gaza Strip,Gaza City,,Gaza Port,31.5245,34.4326,3,Israeli Defense Forces; Twitter,Other-New media,"On 14 October 2023, Israeli navy forces killed Hamas militants at the sea (coded to Gaza Port, Gaza City) who were attempting to infiltrate from the Gaza strip into Israel. Unspecified fatalities coded as 10.",10,,1726526147
PSE36905,2023-10-08,2023,1,Political violence,Violence against civilians,Attack,Military Forces of Israel (2022-),,External/Other forces,Civilians (Palestine),,Civilians,External/Other forces-Civilians,Civilian targeting,275,Middle East,Palestine,Gaza Strip,Gaza City,,Gaza - Shujaiyya,31.4988,34.4699,2,Palestine News and Information Agency,National,"On 8 October 2023, Israeli military forces positioned on the border opened fire toward Palestinian houses east of Gaza City (coded as Gaza - Shujaiyya, Gaza Strip). There were no casualties.",0,,1715049892
